,File_Name,Folder,File_Path
0,G1001_cropped,glioma_cropped,C:/Users/alime/Dropbox/PC/Documents/Coding/Memoire 2023/Datasets/Brain-Tumor-Dataset-RAW/Cropped_Image_Sets/train/glioma_cropped/G1001_cropped.jpg
1,G1002_cropped,glioma_cropped,C:/Users/alime/Dropbox/PC/Documents/Coding/Memoire 2023/Datasets/Brain-Tumor-Dataset-RAW/Cropped_Image_Sets/train/glioma_cropped/G1002_cropped.jpg
2,G1003_cropped,glioma_cropped,C:/Users/alime/Dropbox/PC/Documents/Coding/Memoire 2023/Datasets/Brain-Tumor-Dataset-RAW/Cropped_Image_Sets/train/glioma_cropped/G1003_cropped.jpg
3,G1006_cropped,glioma_cropped,C:/Users/alime/Dropbox/PC/Documents/Coding/Memoire 2023/Datasets/Brain-Tumor-Dataset-RAW/Cropped_Image_Sets/train/glioma_cropped/G1006_cropped.jpg
4,G1007_cropped,glioma_cropped,C:/Users/alime/Dropbox/PC/Documents/Coding/Memoire 2023/Datasets/Brain-Tumor-Dataset-RAW/Cropped_Image_Sets/train/glioma_cropped/G1007_cropped.jpg
5,G1008_cropped,glioma_cropped,C:/Users/alime/Dropbox/PC/Documents/Coding/Memoire 2023/Datasets/Brain-Tumor-Dataset-RAW/Cropped_Image_Sets/train/glioma_cropped/G1008_cropped.jpg
6,G1009_cropped,glioma_cropped,C:/Users/alime/Dropbox/PC/Documents/Coding/Memoire 2023/Datasets/Brain-Tumor-Dataset-RAW/Cropped_Image_Sets/train/glioma_cropped/G1009_cropped.jpg
7,G100_cropped,glioma_cropped,C:/Users/alime/Dropbox/PC/Documents/Coding/Memoire 2023/Datasets/Brain-Tumor-Dataset-RAW/Cropped_Image_Sets/train/glioma_cropped/G100_cropped.jpg
8,G1010_cropped,glioma_cropped,C:/Users/alime/Dropbox/PC/Documents/Coding/Memoire 2023/Datasets/Brain-Tumor-Dataset-RAW/Cropped_Image_Sets/train/glioma_cropped/G1010_cropped.jpg
9,G1011_cropped,glioma_cropped,C:/Users/alime/Dropbox/PC/Documents/Coding/Memoire 2023/Datasets/Brain-Tumor-Dataset-RAW/Cropped_Image_Sets/train/glioma_cropped/G1011_cropped.jpg
10,G1012_cropped,glioma_cropped,C:/Users/alime/Dropbox/PC/Documents/Coding/Memoire 2023/Datasets/Brain-Tumor-Dataset-RAW/Cropped_Image_Sets/train/glioma_cropped/G1012_cropped.jpg
11,G1014_cropped,glioma_cropped,C:/Users/alime/Dropbox/PC/Documents/Coding/Memoire 2023/Datasets/Brain-Tumor-Dataset-RAW/Cropped_Image_Sets/train/glioma_cropped/G1014_cropped.jpg
12,G1015_cropped,glioma_cropped,C:/Users/alime/Dropbox/PC/Documents/Coding/Memoire 2023/Datasets/Brain-Tumor-Dataset-RAW/Cropped_Image_Sets/train/glioma_cropped/G1015_cropped.jpg
13,G1016_cropped,glioma_cropped,C:/Users/alime/Dropbox/PC/Documents/Coding/Memoire 2023/Datasets/Brain-Tumor-Dataset-RAW/Cropped_Image_Sets/train/glioma_cropped/G1016_cropped.jpg
14,G1017_cropped,glioma_cropped,C:/Users/alime/Dropbox/PC/Documents/Coding/Memoire 2023/Datasets/Brain-Tumor-Dataset-RAW/Cropped_Image_Sets/train/glioma_cropped/G1017_cropped.jpg
15,G1018_cropped,glioma_cropped,C:/Users/alime/Dropbox/PC/Documents/Coding/Memoire 2023/Datasets/Brain-Tumor-Dataset-RAW/Cropped_Image_Sets/train/glioma_cropped/G1018_cropped.jpg
16,G1019_cropped,glioma_cropped,C:/Users/alime/Dropbox/PC/Documents/Coding/Memoire 2023/Datasets/Brain-Tumor-Dataset-RAW/Cropped_Image_Sets/train/glioma_cropped/G1019_cropped.jpg
17,G1020_cropped,glioma_cropped,C:/Users/alime/Dropbox/PC/Documents/Coding/Memoire 2023/Datasets/Brain-Tumor-Dataset-RAW/Cropped_Image_Sets/train/glioma_cropped/G1020_cropped.jpg
18,G1021_cropped,glioma_cropped,C:/Users/alime/Dropbox/PC/Documents/Coding/Memoire 2023/Datasets/Brain-Tumor-Dataset-RAW/Cropped_Image_Sets/train/glioma_cropped/G1021_cropped.jpg
19,G1025_cropped,glioma_cropped,C:/Users/alime/Dropbox/PC/Documents/Coding/Memoire 2023/Datasets/Brain-Tumor-Dataset-RAW/Cropped_Image_Sets/train/glioma_cropped/G1025_cropped.jpg
20,G1026_cropped,glioma_cropped,C:/Users/alime/Dropbox/PC/Documents/Coding/Memoire 2023/Datasets/Brain-Tumor-Dataset-RAW/Cropped_Image_Sets/train/glioma_cropped/G1026_cropped.jpg
21,G1027_cropped,glioma_cropped,C:/Users/alime/Dropbox/PC/Documents/Coding/Memoire 2023/Datasets/Brain-Tumor-Dataset-RAW/Cropped_Image_Sets/train/glioma_cropped/G1027_cropped.jpg
22,G1028_cropped,glioma_cropped,C:/Users/alime/Dropbox/PC/Documents/Coding/Memoire 2023/Datasets/Brain-Tumor-Dataset-RAW/Cropped_Image_Sets/train/glioma_cropped/G1028_cropped.jpg
23,G1030_cropped,glioma_cropped,C:/Users/alime/Dropbox/PC/Documents/Coding/Memoire 2023/Datasets/Brain-Tumor-Dataset-RAW/Cropped_Image_Sets/train/glioma_cropped/G1030_cropped.jpg
24,G1031_cropped,glioma_cropped,C:/Users/alime/Dropbox/PC/Documents/Coding/Memoire 2023/Datasets/Brain-Tumor-Dataset-RAW/Cropped_Image_Sets/train/glioma_cropped/G1031_cropped.jpg
25,G1034_cropped,glioma_cropped,C:/Users/alime/Dropbox/PC/Documents/Coding/Memoire 2023/Datasets/Brain-Tumor-Dataset-RAW/Cropped_Image_Sets/train/glioma_cropped/G1034_cropped.jpg
26,G1035_cropped,glioma_cropped,C:/Users/alime/Dropbox/PC/Documents/Coding/Memoire 2023/Datasets/Brain-Tumor-Dataset-RAW/Cropped_Image_Sets/train/glioma_cropped/G1035_cropped.jpg
27,G1036_cropped,glioma_cropped,C:/Users/alime/Dropbox/PC/Documents/Coding/Memoire 2023/Datasets/Brain-Tumor-Dataset-RAW/Cropped_Image_Sets/train/glioma_cropped/G1036_cropped.jpg
28,G1037_cropped,glioma_cropped,C:/Users/alime/Dropbox/PC/Documents/Coding/Memoire 2023/Datasets/Brain-Tumor-Dataset-RAW/Cropped_Image_Sets/train/glioma_cropped/G1037_cropped.jpg
29,G103_cropped,glioma_cropped,C:/Users/alime/Dropbox/PC/Documents/Coding/Memoire 2023/Datasets/Brain-Tumor-Dataset-RAW/Cropped_Image_Sets/train/glioma_cropped/G103_cropped.jpg
30,G1040_cropped,glioma_cropped,C:/Users/alime/Dropbox/PC/Documents/Coding/Memoire 2023/Datasets/Brain-Tumor-Dataset-RAW/Cropped_Image_Sets/train/glioma_cropped/G1040_cropped.jpg
31,G1041_cropped,glioma_cropped,C:/Users/alime/Dropbox/PC/Documents/Coding/Memoire 2023/Datasets/Brain-Tumor-Dataset-RAW/Cropped_Image_Sets/train/glioma_cropped/G1041_cropped.jpg
32,G1042_cropped,glioma_cropped,C:/Users/alime/Dropbox/PC/Documents/Coding/Memoire 2023/Datasets/Brain-Tumor-Dataset-RAW/Cropped_Image_Sets/train/glioma_cropped/G1042_cropped.jpg
33,G1043_cropped,glioma_cropped,C:/Users/alime/Dropbox/PC/Documents/Coding/Memoire 2023/Datasets/Brain-Tumor-Dataset-RAW/Cropped_Image_Sets/train/glioma_cropped/G1043_cropped.jpg
34,G1044_cropped,glioma_cropped,C:/Users/alime/Dropbox/PC/Documents/Coding/Memoire 2023/Datasets/Brain-Tumor-Dataset-RAW/Cropped_Image_Sets/train/glioma_cropped/G1044_cropped.jpg
35,G1045_cropped,glioma_cropped,C:/Users/alime/Dropbox/PC/Documents/Coding/Memoire 2023/Datasets/Brain-Tumor-Dataset-RAW/Cropped_Image_Sets/train/glioma_cropped/G1045_cropped.jpg
36,G1048_cropped,glioma_cropped,C:/Users/alime/Dropbox/PC/Documents/Coding/Memoire 2023/Datasets/Brain-Tumor-Dataset-RAW/Cropped_Image_Sets/train/glioma_cropped/G1048_cropped.jpg
37,G1049_cropped,glioma_cropped,C:/Users/alime/Dropbox/PC/Documents/Coding/Memoire 2023/Datasets/Brain-Tumor-Dataset-RAW/Cropped_Image_Sets/train/glioma_cropped/G1049_cropped.jpg
38,G104_cropped,glioma_cropped,C:/Users/alime/Dropbox/PC/Documents/Coding/Memoire 2023/Datasets/Brain-Tumor-Dataset-RAW/Cropped_Image_Sets/train/glioma_cropped/G104_cropped.jpg
39,G1052_cropped,glioma_cropped,C:/Users/alime/Dropbox/PC/Documents/Coding/Memoire 2023/Datasets/Brain-Tumor-Dataset-RAW/Cropped_Image_Sets/train/glioma_cropped/G1052_cropped.jpg
40,G1053_cropped,glioma_cropped,C:/Users/alime/Dropbox/PC/Documents/Coding/Memoire 2023/Datasets/Brain-Tumor-Dataset-RAW/Cropped_Image_Sets/train/glioma_cropped/G1053_cropped.jpg
41,G1054_cropped,glioma_cropped,C:/Users/alime/Dropbox/PC/Documents/Coding/Memoire 2023/Datasets/Brain-Tumor-Dataset-RAW/Cropped_Image_Sets/train/glioma_cropped/G1054_cropped.jpg
42,G1055_cropped,glioma_cropped,C:/Users/alime/Dropbox/PC/Documents/Coding/Memoire 2023/Datasets/Brain-Tumor-Dataset-RAW/Cropped_Image_Sets/train/glioma_cropped/G1055_cropped.jpg
43,G1057_cropped,glioma_cropped,C:/Users/alime/Dropbox/PC/Documents/Coding/Memoire 2023/Datasets/Brain-Tumor-Dataset-RAW/Cropped_Image_Sets/train/glioma_cropped/G1057_cropped.jpg
44,G1058_cropped,glioma_cropped,C:/Users/alime/Dropbox/PC/Documents/Coding/Memoire 2023/Datasets/Brain-Tumor-Dataset-RAW/Cropped_Image_Sets/train/glioma_cropped/G1058_cropped.jpg
45,G1059_cropped,glioma_cropped,C:/Users/alime/Dropbox/PC/Documents/Coding/Memoire 2023/Datasets/Brain-Tumor-Dataset-RAW/Cropped_Image_Sets/train/glioma_cropped/G1059_cropped.jpg
46,G105_cropped,glioma_cropped,C:/Users/alime/Dropbox/PC/Documents/Coding/Memoire 2023/Datasets/Brain-Tumor-Dataset-RAW/Cropped_Image_Sets/train/glioma_cropped/G105_cropped.jpg
47,G1061_cropped,glioma_cropped,C:/Users/alime/Dropbox/PC/Documents/Coding/Memoire 2023/Datasets/Brain-Tumor-Dataset-RAW/Cropped_Image_Sets/train/glioma_cropped/G1061_cropped.jpg
48,G1062_cropped,glioma_cropped,C:/Users/alime/Dropbox/PC/Documents/Coding/Memoire 2023/Datasets/Brain-Tumor-Dataset-RAW/Cropped_Image_Sets/train/glioma_cropped/G1062_cropped.jpg
49,G1063_cropped,glioma_cropped,C:/Users/alime/Dropbox/PC/Documents/Coding/Memoire 2023/Datasets/Brain-Tumor-Dataset-RAW/Cropped_Image_Sets/train/glioma_cropped/G1063_cropped.jpg
50,G1064_cropped,glioma_cropped,C:/Users/alime/Dropbox/PC/Documents/Coding/Memoire 2023/Datasets/Brain-Tumor-Dataset-RAW/Cropped_Image_Sets/train/glioma_cropped/G1064_cropped.jpg
51,G1065_cropped,glioma_cropped,C:/Users/alime/Dropbox/PC/Documents/Coding/Memoire 2023/Datasets/Brain-Tumor-Dataset-RAW/Cropped_Image_Sets/train/glioma_cropped/G1065_cropped.jpg
52,G1066_cropped,glioma_cropped,C:/Users/alime/Dropbox/PC/Documents/Coding/Memoire 2023/Datasets/Brain-Tumor-Dataset-RAW/Cropped_Image_Sets/train/glioma_cropped/G1066_cropped.jpg
53,G1067_cropped,glioma_cropped,C:/Users/alime/Dropbox/PC/Documents/Coding/Memoire 2023/Datasets/Brain-Tumor-Dataset-RAW/Cropped_Image_Sets/train/glioma_cropped/G1067_cropped.jpg
54,G1068_cropped,glioma_cropped,C:/Users/alime/Dropbox/PC/Documents/Coding/Memoire 2023/Datasets/Brain-Tumor-Dataset-RAW/Cropped_Image_Sets/train/glioma_cropped/G1068_cropped.jpg
55,G1069_cropped,glioma_cropped,C:/Users/alime/Dropbox/PC/Documents/Coding/Memoire 2023/Datasets/Brain-Tumor-Dataset-RAW/Cropped_Image_Sets/train/glioma_cropped/G1069_cropped.jpg
56,G1070_cropped,glioma_cropped,C:/Users/alime/Dropbox/PC/Documents/Coding/Memoire 2023/Datasets/Brain-Tumor-Dataset-RAW/Cropped_Image_Sets/train/glioma_cropped/G1070_cropped.jpg
57,G1074_cropped,glioma_cropped,C:/Users/alime/Dropbox/PC/Documents/Coding/Memoire 2023/Datasets/Brain-Tumor-Dataset-RAW/Cropped_Image_Sets/train/glioma_cropped/G1074_cropped.jpg
58,G1075_cropped,glioma_cropped,C:/Users/alime/Dropbox/PC/Documents/Coding/Memoire 2023/Datasets/Brain-Tumor-Dataset-RAW/Cropped_Image_Sets/train/glioma_cropped/G1075_cropped.jpg
59,G1077_cropped,glioma_cropped,C:/Users/alime/Dropbox/PC/Documents/Coding/Memoire 2023/Datasets/Brain-Tumor-Dataset-RAW/Cropped_Image_Sets/train/glioma_cropped/G1077_cropped.jpg
60,G1078_cropped,glioma_cropped,C:/Users/alime/Dropbox/PC/Documents/Coding/Memoire 2023/Datasets/Brain-Tumor-Dataset-RAW/Cropped_Image_Sets/train/glioma_cropped/G1078_cropped.jpg
61,G1082_cropped,glioma_cropped,C:/Users/alime/Dropbox/PC/Documents/Coding/Memoire 2023/Datasets/Brain-Tumor-Dataset-RAW/Cropped_Image_Sets/train/glioma_cropped/G1082_cropped.jpg
62,G1083_cropped,glioma_cropped,C:/Users/alime/Dropbox/PC/Documents/Coding/Memoire 2023/Datasets/Brain-Tumor-Dataset-RAW/Cropped_Image_Sets/train/glioma_cropped/G1083_cropped.jpg
63,G1084_cropped,glioma_cropped,C:/Users/alime/Dropbox/PC/Documents/Coding/Memoire 2023/Datasets/Brain-Tumor-Dataset-RAW/Cropped_Image_Sets/train/glioma_cropped/G1084_cropped.jpg
64,G1086_cropped,glioma_cropped,C:/Users/alime/Dropbox/PC/Documents/Coding/Memoire 2023/Datasets/Brain-Tumor-Dataset-RAW/Cropped_Image_Sets/train/glioma_cropped/G1086_cropped.jpg
65,G1087_cropped,glioma_cropped,C:/Users/alime/Dropbox/PC/Documents/Coding/Memoire 2023/Datasets/Brain-Tumor-Dataset-RAW/Cropped_Image_Sets/train/glioma_cropped/G1087_cropped.jpg
66,G1088_cropped,glioma_cropped,C:/Users/alime/Dropbox/PC/Documents/Coding/Memoire 2023/Datasets/Brain-Tumor-Dataset-RAW/Cropped_Image_Sets/train/glioma_cropped/G1088_cropped.jpg
67,G1089_cropped,glioma_cropped,C:/Users/alime/Dropbox/PC/Documents/Coding/Memoire 2023/Datasets/Brain-Tumor-Dataset-RAW/Cropped_Image_Sets/train/glioma_cropped/G1089_cropped.jpg
68,G108_cropped,glioma_cropped,C:/Users/alime/Dropbox/PC/Documents/Coding/Memoire 2023/Datasets/Brain-Tumor-Dataset-RAW/Cropped_Image_Sets/train/glioma_cropped/G108_cropped.jpg
69,G1090_cropped,glioma_cropped,C:/Users/alime/Dropbox/PC/Documents/Coding/Memoire 2023/Datasets/Brain-Tumor-Dataset-RAW/Cropped_Image_Sets/train/glioma_cropped/G1090_cropped.jpg
70,G1091_cropped,glioma_cropped,C:/Users/alime/Dropbox/PC/Documents/Coding/Memoire 2023/Datasets/Brain-Tumor-Dataset-RAW/Cropped_Image_Sets/train/glioma_cropped/G1091_cropped.jpg
71,G1092_cropped,glioma_cropped,C:/Users/alime/Dropbox/PC/Documents/Coding/Memoire 2023/Datasets/Brain-Tumor-Dataset-RAW/Cropped_Image_Sets/train/glioma_cropped/G1092_cropped.jpg
72,G1093_cropped,glioma_cropped,C:/Users/alime/Dropbox/PC/Documents/Coding/Memoire 2023/Datasets/Brain-Tumor-Dataset-RAW/Cropped_Image_Sets/train/glioma_cropped/G1093_cropped.jpg
73,G1095_cropped,glioma_cropped,C:/Users/alime/Dropbox/PC/Documents/Coding/Memoire 2023/Datasets/Brain-Tumor-Dataset-RAW/Cropped_Image_Sets/train/glioma_cropped/G1095_cropped.jpg
74,G1097_cropped,glioma_cropped,C:/Users/alime/Dropbox/PC/Documents/Coding/Memoire 2023/Datasets/Brain-Tumor-Dataset-RAW/Cropped_Image_Sets/train/glioma_cropped/G1097_cropped.jpg
75,G1099_cropped,glioma_cropped,C:/Users/alime/Dropbox/PC/Documents/Coding/Memoire 2023/Datasets/Brain-Tumor-Dataset-RAW/Cropped_Image_Sets/train/glioma_cropped/G1099_cropped.jpg
76,G1100_cropped,glioma_cropped,C:/Users/alime/Dropbox/PC/Documents/Coding/Memoire 2023/Datasets/Brain-Tumor-Dataset-RAW/Cropped_Image_Sets/train/glioma_cropped/G1100_cropped.jpg
77,G1101_cropped,glioma_cropped,C:/Users/alime/Dropbox/PC/Documents/Coding/Memoire 2023/Datasets/Brain-Tumor-Dataset-RAW/Cropped_Image_Sets/train/glioma_cropped/G1101_cropped.jpg
78,G1106_cropped,glioma_cropped,C:/Users/alime/Dropbox/PC/Documents/Coding/Memoire 2023/Datasets/Brain-Tumor-Dataset-RAW/Cropped_Image_Sets/train/glioma_cropped/G1106_cropped.jpg
79,G1107_cropped,glioma_cropped,C:/Users/alime/Dropbox/PC/Documents/Coding/Memoire 2023/Datasets/Brain-Tumor-Dataset-RAW/Cropped_Image_Sets/train/glioma_cropped/G1107_cropped.jpg
80,G1108_cropped,glioma_cropped,C:/Users/alime/Dropbox/PC/Documents/Coding/Memoire 2023/Datasets/Brain-Tumor-Dataset-RAW/Cropped_Image_Sets/train/glioma_cropped/G1108_cropped.jpg
81,G1110_cropped,glioma_cropped,C:/Users/alime/Dropbox/PC/Documents/Coding/Memoire 2023/Datasets/Brain-Tumor-Dataset-RAW/Cropped_Image_Sets/train/glioma_cropped/G1110_cropped.jpg
82,G1111_cropped,glioma_cropped,C:/Users/alime/Dropbox/PC/Documents/Coding/Memoire 2023/Datasets/Brain-Tumor-Dataset-RAW/Cropped_Image_Sets/train/glioma_cropped/G1111_cropped.jpg
83,G1112_cropped,glioma_cropped,C:/Users/alime/Dropbox/PC/Documents/Coding/Memoire 2023/Datasets/Brain-Tumor-Dataset-RAW/Cropped_Image_Sets/train/glioma_cropped/G1112_cropped.jpg
84,G1113_cropped,glioma_cropped,C:/Users/alime/Dropbox/PC/Documents/Coding/Memoire 2023/Datasets/Brain-Tumor-Dataset-RAW/Cropped_Image_Sets/train/glioma_cropped/G1113_cropped.jpg
85,G1115_cropped,glioma_cropped,C:/Users/alime/Dropbox/PC/Documents/Coding/Memoire 2023/Datasets/Brain-Tumor-Dataset-RAW/Cropped_Image_Sets/train/glioma_cropped/G1115_cropped.jpg
86,G1117_cropped,glioma_cropped,C:/Users/alime/Dropbox/PC/Documents/Coding/Memoire 2023/Datasets/Brain-Tumor-Dataset-RAW/Cropped_Image_Sets/train/glioma_cropped/G1117_cropped.jpg
87,G1118_cropped,glioma_cropped,C:/Users/alime/Dropbox/PC/Documents/Coding/Memoire 2023/Datasets/Brain-Tumor-Dataset-RAW/Cropped_Image_Sets/train/glioma_cropped/G1118_cropped.jpg
88,G1119_cropped,glioma_cropped,C:/Users/alime/Dropbox/PC/Documents/Coding/Memoire 2023/Datasets/Brain-Tumor-Dataset-RAW/Cropped_Image_Sets/train/glioma_cropped/G1119_cropped.jpg
89,G111_cropped,glioma_cropped,C:/Users/alime/Dropbox/PC/Documents/Coding/Memoire 2023/Datasets/Brain-Tumor-Dataset-RAW/Cropped_Image_Sets/train/glioma_cropped/G111_cropped.jpg
90,G1121_cropped,glioma_cropped,C:/Users/alime/Dropbox/PC/Documents/Coding/Memoire 2023/Datasets/Brain-Tumor-Dataset-RAW/Cropped_Image_Sets/train/glioma_cropped/G1121_cropped.jpg
91,G1122_cropped,glioma_cropped,C:/Users/alime/Dropbox/PC/Documents/Coding/Memoire 2023/Datasets/Brain-Tumor-Dataset-RAW/Cropped_Image_Sets/train/glioma_cropped/G1122_cropped.jpg
92,G1126_cropped,glioma_cropped,C:/Users/alime/Dropbox/PC/Documents/Coding/Memoire 2023/Datasets/Brain-Tumor-Dataset-RAW/Cropped_Image_Sets/train/glioma_cropped/G1126_cropped.jpg
93,G1128_cropped,glioma_cropped,C:/Users/alime/Dropbox/PC/Documents/Coding/Memoire 2023/Datasets/Brain-Tumor-Dataset-RAW/Cropped_Image_Sets/train/glioma_cropped/G1128_cropped.jpg
94,G1129_cropped,glioma_cropped,C:/Users/alime/Dropbox/PC/Documents/Coding/Memoire 2023/Datasets/Brain-Tumor-Dataset-RAW/Cropped_Image_Sets/train/glioma_cropped/G1129_cropped.jpg
95,G1130_cropped,glioma_cropped,C:/Users/alime/Dropbox/PC/Documents/Coding/Memoire 2023/Datasets/Brain-Tumor-Dataset-RAW/Cropped_Image_Sets/train/glioma_cropped/G1130_cropped.jpg
96,G1131_cropped,glioma_cropped,C:/Users/alime/Dropbox/PC/Documents/Coding/Memoire 2023/Datasets/Brain-Tumor-Dataset-RAW/Cropped_Image_Sets/train/glioma_cropped/G1131_cropped.jpg
97,G1132_cropped,glioma_cropped,C:/Users/alime/Dropbox/PC/Documents/Coding/Memoire 2023/Datasets/Brain-Tumor-Dataset-RAW/Cropped_Image_Sets/train/glioma_cropped/G1132_cropped.jpg
98,G1134_cropped,glioma_cropped,C:/Users/alime/Dropbox/PC/Documents/Coding/Memoire 2023/Datasets/Brain-Tumor-Dataset-RAW/Cropped_Image_Sets/train/glioma_cropped/G1134_cropped.jpg
99,G1135_cropped,glioma_cropped,C:/Users/alime/Dropbox/PC/Documents/Coding/Memoire 2023/Datasets/Brain-Tumor-Dataset-RAW/Cropped_Image_Sets/train/glioma_cropped/G1135_cropped.jpg
100,G1138_cropped,glioma_cropped,C:/Users/alime/Dropbox/PC/Documents/Coding/Memoire 2023/Datasets/Brain-Tumor-Dataset-RAW/Cropped_Image_Sets/train/glioma_cropped/G1138_cropped.jpg
101,G1139_cropped,glioma_cropped,C:/Users/alime/Dropbox/PC/Documents/Coding/Memoire 2023/Datasets/Brain-Tumor-Dataset-RAW/Cropped_Image_Sets/train/glioma_cropped/G1139_cropped.jpg
102,G113_cropped,glioma_cropped,C:/Users/alime/Dropbox/PC/Documents/Coding/Memoire 2023/Datasets/Brain-Tumor-Dataset-RAW/Cropped_Image_Sets/train/glioma_cropped/G113_cropped.jpg
103,G1140_cropped,glioma_cropped,C:/Users/alime/Dropbox/PC/Documents/Coding/Memoire 2023/Datasets/Brain-Tumor-Dataset-RAW/Cropped_Image_Sets/train/glioma_cropped/G1140_cropped.jpg
104,G1141_cropped,glioma_cropped,C:/Users/alime/Dropbox/PC/Documents/Coding/Memoire 2023/Datasets/Brain-Tumor-Dataset-RAW/Cropped_Image_Sets/train/glioma_cropped/G1141_cropped.jpg
105,G1142_cropped,glioma_cropped,C:/Users/alime/Dropbox/PC/Documents/Coding/Memoire 2023/Datasets/Brain-Tumor-Dataset-RAW/Cropped_Image_Sets/train/glioma_cropped/G1142_cropped.jpg
106,G1143_cropped,glioma_cropped,C:/Users/alime/Dropbox/PC/Documents/Coding/Memoire 2023/Datasets/Brain-Tumor-Dataset-RAW/Cropped_Image_Sets/train/glioma_cropped/G1143_cropped.jpg
107,G1144_cropped,glioma_cropped,C:/Users/alime/Dropbox/PC/Documents/Coding/Memoire 2023/Datasets/Brain-Tumor-Dataset-RAW/Cropped_Image_Sets/train/glioma_cropped/G1144_cropped.jpg
108,G1146_cropped,glioma_cropped,C:/Users/alime/Dropbox/PC/Documents/Coding/Memoire 2023/Datasets/Brain-Tumor-Dataset-RAW/Cropped_Image_Sets/train/glioma_cropped/G1146_cropped.jpg
109,G1147_cropped,glioma_cropped,C:/Users/alime/Dropbox/PC/Documents/Coding/Memoire 2023/Datasets/Brain-Tumor-Dataset-RAW/Cropped_Image_Sets/train/glioma_cropped/G1147_cropped.jpg
110,G1148_cropped,glioma_cropped,C:/Users/alime/Dropbox/PC/Documents/Coding/Memoire 2023/Datasets/Brain-Tumor-Dataset-RAW/Cropped_Image_Sets/train/glioma_cropped/G1148_cropped.jpg
111,G114_cropped,glioma_cropped,C:/Users/alime/Dropbox/PC/Documents/Coding/Memoire 2023/Datasets/Brain-Tumor-Dataset-RAW/Cropped_Image_Sets/train/glioma_cropped/G114_cropped.jpg
112,G1151_cropped,glioma_cropped,C:/Users/alime/Dropbox/PC/Documents/Coding/Memoire 2023/Datasets/Brain-Tumor-Dataset-RAW/Cropped_Image_Sets/train/glioma_cropped/G1151_cropped.jpg
113,G1153_cropped,glioma_cropped,C:/Users/alime/Dropbox/PC/Documents/Coding/Memoire 2023/Datasets/Brain-Tumor-Dataset-RAW/Cropped_Image_Sets/train/glioma_cropped/G1153_cropped.jpg
114,G1154_cropped,glioma_cropped,C:/Users/alime/Dropbox/PC/Documents/Coding/Memoire 2023/Datasets/Brain-Tumor-Dataset-RAW/Cropped_Image_Sets/train/glioma_cropped/G1154_cropped.jpg
115,G1155_cropped,glioma_cropped,C:/Users/alime/Dropbox/PC/Documents/Coding/Memoire 2023/Datasets/Brain-Tumor-Dataset-RAW/Cropped_Image_Sets/train/glioma_cropped/G1155_cropped.jpg
116,G1156_cropped,glioma_cropped,C:/Users/alime/Dropbox/PC/Documents/Coding/Memoire 2023/Datasets/Brain-Tumor-Dataset-RAW/Cropped_Image_Sets/train/glioma_cropped/G1156_cropped.jpg
117,G1158_cropped,glioma_cropped,C:/Users/alime/Dropbox/PC/Documents/Coding/Memoire 2023/Datasets/Brain-Tumor-Dataset-RAW/Cropped_Image_Sets/train/glioma_cropped/G1158_cropped.jpg
118,G115_cropped,glioma_cropped,C:/Users/alime/Dropbox/PC/Documents/Coding/Memoire 2023/Datasets/Brain-Tumor-Dataset-RAW/Cropped_Image_Sets/train/glioma_cropped/G115_cropped.jpg
119,G1160_cropped,glioma_cropped,C:/Users/alime/Dropbox/PC/Documents/Coding/Memoire 2023/Datasets/Brain-Tumor-Dataset-RAW/Cropped_Image_Sets/train/glioma_cropped/G1160_cropped.jpg
120,G1161_cropped,glioma_cropped,C:/Users/alime/Dropbox/PC/Documents/Coding/Memoire 2023/Datasets/Brain-Tumor-Dataset-RAW/Cropped_Image_Sets/train/glioma_cropped/G1161_cropped.jpg
121,G1162_cropped,glioma_cropped,C:/Users/alime/Dropbox/PC/Documents/Coding/Memoire 2023/Datasets/Brain-Tumor-Dataset-RAW/Cropped_Image_Sets/train/glioma_cropped/G1162_cropped.jpg
122,G1164_cropped,glioma_cropped,C:/Users/alime/Dropbox/PC/Documents/Coding/Memoire 2023/Datasets/Brain-Tumor-Dataset-RAW/Cropped_Image_Sets/train/glioma_cropped/G1164_cropped.jpg
123,G1167_cropped,glioma_cropped,C:/Users/alime/Dropbox/PC/Documents/Coding/Memoire 2023/Datasets/Brain-Tumor-Dataset-RAW/Cropped_Image_Sets/train/glioma_cropped/G1167_cropped.jpg
124,G1169_cropped,glioma_cropped,C:/Users/alime/Dropbox/PC/Documents/Coding/Memoire 2023/Datasets/Brain-Tumor-Dataset-RAW/Cropped_Image_Sets/train/glioma_cropped/G1169_cropped.jpg
125,G116_cropped,glioma_cropped,C:/Users/alime/Dropbox/PC/Documents/Coding/Memoire 2023/Datasets/Brain-Tumor-Dataset-RAW/Cropped_Image_Sets/train/glioma_cropped/G116_cropped.jpg
126,G1170_cropped,glioma_cropped,C:/Users/alime/Dropbox/PC/Documents/Coding/Memoire 2023/Datasets/Brain-Tumor-Dataset-RAW/Cropped_Image_Sets/train/glioma_cropped/G1170_cropped.jpg
127,G1171_cropped,glioma_cropped,C:/Users/alime/Dropbox/PC/Documents/Coding/Memoire 2023/Datasets/Brain-Tumor-Dataset-RAW/Cropped_Image_Sets/train/glioma_cropped/G1171_cropped.jpg
128,G1172_cropped,glioma_cropped,C:/Users/alime/Dropbox/PC/Documents/Coding/Memoire 2023/Datasets/Brain-Tumor-Dataset-RAW/Cropped_Image_Sets/train/glioma_cropped/G1172_cropped.jpg
129,G1173_cropped,glioma_cropped,C:/Users/alime/Dropbox/PC/Documents/Coding/Memoire 2023/Datasets/Brain-Tumor-Dataset-RAW/Cropped_Image_Sets/train/glioma_cropped/G1173_cropped.jpg
130,G1174_cropped,glioma_cropped,C:/Users/alime/Dropbox/PC/Documents/Coding/Memoire 2023/Datasets/Brain-Tumor-Dataset-RAW/Cropped_Image_Sets/train/glioma_cropped/G1174_cropped.jpg
131,G1175_cropped,glioma_cropped,C:/Users/alime/Dropbox/PC/Documents/Coding/Memoire 2023/Datasets/Brain-Tumor-Dataset-RAW/Cropped_Image_Sets/train/glioma_cropped/G1175_cropped.jpg
132,G1176_cropped,glioma_cropped,C:/Users/alime/Dropbox/PC/Documents/Coding/Memoire 2023/Datasets/Brain-Tumor-Dataset-RAW/Cropped_Image_Sets/train/glioma_cropped/G1176_cropped.jpg
133,G1177_cropped,glioma_cropped,C:/Users/alime/Dropbox/PC/Documents/Coding/Memoire 2023/Datasets/Brain-Tumor-Dataset-RAW/Cropped_Image_Sets/train/glioma_cropped/G1177_cropped.jpg
134,G1178_cropped,glioma_cropped,C:/Users/alime/Dropbox/PC/Documents/Coding/Memoire 2023/Datasets/Brain-Tumor-Dataset-RAW/Cropped_Image_Sets/train/glioma_cropped/G1178_cropped.jpg
135,G1179_cropped,glioma_cropped,C:/Users/alime/Dropbox/PC/Documents/Coding/Memoire 2023/Datasets/Brain-Tumor-Dataset-RAW/Cropped_Image_Sets/train/glioma_cropped/G1179_cropped.jpg
136,G117_cropped,glioma_cropped,C:/Users/alime/Dropbox/PC/Documents/Coding/Memoire 2023/Datasets/Brain-Tumor-Dataset-RAW/Cropped_Image_Sets/train/glioma_cropped/G117_cropped.jpg
137,G1180_cropped,glioma_cropped,C:/Users/alime/Dropbox/PC/Documents/Coding/Memoire 2023/Datasets/Brain-Tumor-Dataset-RAW/Cropped_Image_Sets/train/glioma_cropped/G1180_cropped.jpg
138,G1181_cropped,glioma_cropped,C:/Users/alime/Dropbox/PC/Documents/Coding/Memoire 2023/Datasets/Brain-Tumor-Dataset-RAW/Cropped_Image_Sets/train/glioma_cropped/G1181_cropped.jpg
139,G1182_cropped,glioma_cropped,C:/Users/alime/Dropbox/PC/Documents/Coding/Memoire 2023/Datasets/Brain-Tumor-Dataset-RAW/Cropped_Image_Sets/train/glioma_cropped/G1182_cropped.jpg
140,G1183_cropped,glioma_cropped,C:/Users/alime/Dropbox/PC/Documents/Coding/Memoire 2023/Datasets/Brain-Tumor-Dataset-RAW/Cropped_Image_Sets/train/glioma_cropped/G1183_cropped.jpg
141,G1184_cropped,glioma_cropped,C:/Users/alime/Dropbox/PC/Documents/Coding/Memoire 2023/Datasets/Brain-Tumor-Dataset-RAW/Cropped_Image_Sets/train/glioma_cropped/G1184_cropped.jpg
142,G1185_cropped,glioma_cropped,C:/Users/alime/Dropbox/PC/Documents/Coding/Memoire 2023/Datasets/Brain-Tumor-Dataset-RAW/Cropped_Image_Sets/train/glioma_cropped/G1185_cropped.jpg
143,G1187_cropped,glioma_cropped,C:/Users/alime/Dropbox/PC/Documents/Coding/Memoire 2023/Datasets/Brain-Tumor-Dataset-RAW/Cropped_Image_Sets/train/glioma_cropped/G1187_cropped.jpg
144,G1188_cropped,glioma_cropped,C:/Users/alime/Dropbox/PC/Documents/Coding/Memoire 2023/Datasets/Brain-Tumor-Dataset-RAW/Cropped_Image_Sets/train/glioma_cropped/G1188_cropped.jpg
145,G1189_cropped,glioma_cropped,C:/Users/alime/Dropbox/PC/Documents/Coding/Memoire 2023/Datasets/Brain-Tumor-Dataset-RAW/Cropped_Image_Sets/train/glioma_cropped/G1189_cropped.jpg
146,G1192_cropped,glioma_cropped,C:/Users/alime/Dropbox/PC/Documents/Coding/Memoire 2023/Datasets/Brain-Tumor-Dataset-RAW/Cropped_Image_Sets/train/glioma_cropped/G1192_cropped.jpg
147,G1195_cropped,glioma_cropped,C:/Users/alime/Dropbox/PC/Documents/Coding/Memoire 2023/Datasets/Brain-Tumor-Dataset-RAW/Cropped_Image_Sets/train/glioma_cropped/G1195_cropped.jpg
148,G1196_cropped,glioma_cropped,C:/Users/alime/Dropbox/PC/Documents/Coding/Memoire 2023/Datasets/Brain-Tumor-Dataset-RAW/Cropped_Image_Sets/train/glioma_cropped/G1196_cropped.jpg
149,G1197_cropped,glioma_cropped,C:/Users/alime/Dropbox/PC/Documents/Coding/Memoire 2023/Datasets/Brain-Tumor-Dataset-RAW/Cropped_Image_Sets/train/glioma_cropped/G1197_cropped.jpg
150,G1199_cropped,glioma_cropped,C:/Users/alime/Dropbox/PC/Documents/Coding/Memoire 2023/Datasets/Brain-Tumor-Dataset-RAW/Cropped_Image_Sets/train/glioma_cropped/G1199_cropped.jpg
151,G11_cropped,glioma_cropped,C:/Users/alime/Dropbox/PC/Documents/Coding/Memoire 2023/Datasets/Brain-Tumor-Dataset-RAW/Cropped_Image_Sets/train/glioma_cropped/G11_cropped.jpg
152,G1202_cropped,glioma_cropped,C:/Users/alime/Dropbox/PC/Documents/Coding/Memoire 2023/Datasets/Brain-Tumor-Dataset-RAW/Cropped_Image_Sets/train/glioma_cropped/G1202_cropped.jpg
153,G1203_cropped,glioma_cropped,C:/Users/alime/Dropbox/PC/Documents/Coding/Memoire 2023/Datasets/Brain-Tumor-Dataset-RAW/Cropped_Image_Sets/train/glioma_cropped/G1203_cropped.jpg
154,G1204_cropped,glioma_cropped,C:/Users/alime/Dropbox/PC/Documents/Coding/Memoire 2023/Datasets/Brain-Tumor-Dataset-RAW/Cropped_Image_Sets/train/glioma_cropped/G1204_cropped.jpg
155,G1205_cropped,glioma_cropped,C:/Users/alime/Dropbox/PC/Documents/Coding/Memoire 2023/Datasets/Brain-Tumor-Dataset-RAW/Cropped_Image_Sets/train/glioma_cropped/G1205_cropped.jpg
156,G1206_cropped,glioma_cropped,C:/Users/alime/Dropbox/PC/Documents/Coding/Memoire 2023/Datasets/Brain-Tumor-Dataset-RAW/Cropped_Image_Sets/train/glioma_cropped/G1206_cropped.jpg
157,G1207_cropped,glioma_cropped,C:/Users/alime/Dropbox/PC/Documents/Coding/Memoire 2023/Datasets/Brain-Tumor-Dataset-RAW/Cropped_Image_Sets/train/glioma_cropped/G1207_cropped.jpg
158,G1208_cropped,glioma_cropped,C:/Users/alime/Dropbox/PC/Documents/Coding/Memoire 2023/Datasets/Brain-Tumor-Dataset-RAW/Cropped_Image_Sets/train/glioma_cropped/G1208_cropped.jpg
159,G1209_cropped,glioma_cropped,C:/Users/alime/Dropbox/PC/Documents/Coding/Memoire 2023/Datasets/Brain-Tumor-Dataset-RAW/Cropped_Image_Sets/train/glioma_cropped/G1209_cropped.jpg
160,G1210_cropped,glioma_cropped,C:/Users/alime/Dropbox/PC/Documents/Coding/Memoire 2023/Datasets/Brain-Tumor-Dataset-RAW/Cropped_Image_Sets/train/glioma_cropped/G1210_cropped.jpg
161,G1211_cropped,glioma_cropped,C:/Users/alime/Dropbox/PC/Documents/Coding/Memoire 2023/Datasets/Brain-Tumor-Dataset-RAW/Cropped_Image_Sets/train/glioma_cropped/G1211_cropped.jpg
162,G1213_cropped,glioma_cropped,C:/Users/alime/Dropbox/PC/Documents/Coding/Memoire 2023/Datasets/Brain-Tumor-Dataset-RAW/Cropped_Image_Sets/train/glioma_cropped/G1213_cropped.jpg
163,G1214_cropped,glioma_cropped,C:/Users/alime/Dropbox/PC/Documents/Coding/Memoire 2023/Datasets/Brain-Tumor-Dataset-RAW/Cropped_Image_Sets/train/glioma_cropped/G1214_cropped.jpg
164,G1215_cropped,glioma_cropped,C:/Users/alime/Dropbox/PC/Documents/Coding/Memoire 2023/Datasets/Brain-Tumor-Dataset-RAW/Cropped_Image_Sets/train/glioma_cropped/G1215_cropped.jpg
165,G1216_cropped,glioma_cropped,C:/Users/alime/Dropbox/PC/Documents/Coding/Memoire 2023/Datasets/Brain-Tumor-Dataset-RAW/Cropped_Image_Sets/train/glioma_cropped/G1216_cropped.jpg
166,G1217_cropped,glioma_cropped,C:/Users/alime/Dropbox/PC/Documents/Coding/Memoire 2023/Datasets/Brain-Tumor-Dataset-RAW/Cropped_Image_Sets/train/glioma_cropped/G1217_cropped.jpg
167,G1218_cropped,glioma_cropped,C:/Users/alime/Dropbox/PC/Documents/Coding/Memoire 2023/Datasets/Brain-Tumor-Dataset-RAW/Cropped_Image_Sets/train/glioma_cropped/G1218_cropped.jpg
168,G121_cropped,glioma_cropped,C:/Users/alime/Dropbox/PC/Documents/Coding/Memoire 2023/Datasets/Brain-Tumor-Dataset-RAW/Cropped_Image_Sets/train/glioma_cropped/G121_cropped.jpg
169,G1220_cropped,glioma_cropped,C:/Users/alime/Dropbox/PC/Documents/Coding/Memoire 2023/Datasets/Brain-Tumor-Dataset-RAW/Cropped_Image_Sets/train/glioma_cropped/G1220_cropped.jpg
170,G1221_cropped,glioma_cropped,C:/Users/alime/Dropbox/PC/Documents/Coding/Memoire 2023/Datasets/Brain-Tumor-Dataset-RAW/Cropped_Image_Sets/train/glioma_cropped/G1221_cropped.jpg
171,G1222_cropped,glioma_cropped,C:/Users/alime/Dropbox/PC/Documents/Coding/Memoire 2023/Datasets/Brain-Tumor-Dataset-RAW/Cropped_Image_Sets/train/glioma_cropped/G1222_cropped.jpg
172,G1223_cropped,glioma_cropped,C:/Users/alime/Dropbox/PC/Documents/Coding/Memoire 2023/Datasets/Brain-Tumor-Dataset-RAW/Cropped_Image_Sets/train/glioma_cropped/G1223_cropped.jpg
173,G1224_cropped,glioma_cropped,C:/Users/alime/Dropbox/PC/Documents/Coding/Memoire 2023/Datasets/Brain-Tumor-Dataset-RAW/Cropped_Image_Sets/train/glioma_cropped/G1224_cropped.jpg
174,G1225_cropped,glioma_cropped,C:/Users/alime/Dropbox/PC/Documents/Coding/Memoire 2023/Datasets/Brain-Tumor-Dataset-RAW/Cropped_Image_Sets/train/glioma_cropped/G1225_cropped.jpg
175,G1226_cropped,glioma_cropped,C:/Users/alime/Dropbox/PC/Documents/Coding/Memoire 2023/Datasets/Brain-Tumor-Dataset-RAW/Cropped_Image_Sets/train/glioma_cropped/G1226_cropped.jpg
176,G1227_cropped,glioma_cropped,C:/Users/alime/Dropbox/PC/Documents/Coding/Memoire 2023/Datasets/Brain-Tumor-Dataset-RAW/Cropped_Image_Sets/train/glioma_cropped/G1227_cropped.jpg
177,G1228_cropped,glioma_cropped,C:/Users/alime/Dropbox/PC/Documents/Coding/Memoire 2023/Datasets/Brain-Tumor-Dataset-RAW/Cropped_Image_Sets/train/glioma_cropped/G1228_cropped.jpg
178,G122_cropped,glioma_cropped,C:/Users/alime/Dropbox/PC/Documents/Coding/Memoire 2023/Datasets/Brain-Tumor-Dataset-RAW/Cropped_Image_Sets/train/glioma_cropped/G122_cropped.jpg
179,G1230_cropped,glioma_cropped,C:/Users/alime/Dropbox/PC/Documents/Coding/Memoire 2023/Datasets/Brain-Tumor-Dataset-RAW/Cropped_Image_Sets/train/glioma_cropped/G1230_cropped.jpg
180,G1231_cropped,glioma_cropped,C:/Users/alime/Dropbox/PC/Documents/Coding/Memoire 2023/Datasets/Brain-Tumor-Dataset-RAW/Cropped_Image_Sets/train/glioma_cropped/G1231_cropped.jpg
181,G1232_cropped,glioma_cropped,C:/Users/alime/Dropbox/PC/Documents/Coding/Memoire 2023/Datasets/Brain-Tumor-Dataset-RAW/Cropped_Image_Sets/train/glioma_cropped/G1232_cropped.jpg
182,G1233_cropped,glioma_cropped,C:/Users/alime/Dropbox/PC/Documents/Coding/Memoire 2023/Datasets/Brain-Tumor-Dataset-RAW/Cropped_Image_Sets/train/glioma_cropped/G1233_cropped.jpg
183,G1234_cropped,glioma_cropped,C:/Users/alime/Dropbox/PC/Documents/Coding/Memoire 2023/Datasets/Brain-Tumor-Dataset-RAW/Cropped_Image_Sets/train/glioma_cropped/G1234_cropped.jpg
184,G1235_cropped,glioma_cropped,C:/Users/alime/Dropbox/PC/Documents/Coding/Memoire 2023/Datasets/Brain-Tumor-Dataset-RAW/Cropped_Image_Sets/train/glioma_cropped/G1235_cropped.jpg
185,G1236_cropped,glioma_cropped,C:/Users/alime/Dropbox/PC/Documents/Coding/Memoire 2023/Datasets/Brain-Tumor-Dataset-RAW/Cropped_Image_Sets/train/glioma_cropped/G1236_cropped.jpg
186,G1237_cropped,glioma_cropped,C:/Users/alime/Dropbox/PC/Documents/Coding/Memoire 2023/Datasets/Brain-Tumor-Dataset-RAW/Cropped_Image_Sets/train/glioma_cropped/G1237_cropped.jpg
187,G1238_cropped,glioma_cropped,C:/Users/alime/Dropbox/PC/Documents/Coding/Memoire 2023/Datasets/Brain-Tumor-Dataset-RAW/Cropped_Image_Sets/train/glioma_cropped/G1238_cropped.jpg
188,G1239_cropped,glioma_cropped,C:/Users/alime/Dropbox/PC/Documents/Coding/Memoire 2023/Datasets/Brain-Tumor-Dataset-RAW/Cropped_Image_Sets/train/glioma_cropped/G1239_cropped.jpg
189,G123_cropped,glioma_cropped,C:/Users/alime/Dropbox/PC/Documents/Coding/Memoire 2023/Datasets/Brain-Tumor-Dataset-RAW/Cropped_Image_Sets/train/glioma_cropped/G123_cropped.jpg
190,G1240_cropped,glioma_cropped,C:/Users/alime/Dropbox/PC/Documents/Coding/Memoire 2023/Datasets/Brain-Tumor-Dataset-RAW/Cropped_Image_Sets/train/glioma_cropped/G1240_cropped.jpg
191,G1242_cropped,glioma_cropped,C:/Users/alime/Dropbox/PC/Documents/Coding/Memoire 2023/Datasets/Brain-Tumor-Dataset-RAW/Cropped_Image_Sets/train/glioma_cropped/G1242_cropped.jpg
192,G1243_cropped,glioma_cropped,C:/Users/alime/Dropbox/PC/Documents/Coding/Memoire 2023/Datasets/Brain-Tumor-Dataset-RAW/Cropped_Image_Sets/train/glioma_cropped/G1243_cropped.jpg
193,G1244_cropped,glioma_cropped,C:/Users/alime/Dropbox/PC/Documents/Coding/Memoire 2023/Datasets/Brain-Tumor-Dataset-RAW/Cropped_Image_Sets/train/glioma_cropped/G1244_cropped.jpg
194,G1245_cropped,glioma_cropped,C:/Users/alime/Dropbox/PC/Documents/Coding/Memoire 2023/Datasets/Brain-Tumor-Dataset-RAW/Cropped_Image_Sets/train/glioma_cropped/G1245_cropped.jpg
195,G1246_cropped,glioma_cropped,C:/Users/alime/Dropbox/PC/Documents/Coding/Memoire 2023/Datasets/Brain-Tumor-Dataset-RAW/Cropped_Image_Sets/train/glioma_cropped/G1246_cropped.jpg
196,G1247_cropped,glioma_cropped,C:/Users/alime/Dropbox/PC/Documents/Coding/Memoire 2023/Datasets/Brain-Tumor-Dataset-RAW/Cropped_Image_Sets/train/glioma_cropped/G1247_cropped.jpg
197,G1248_cropped,glioma_cropped,C:/Users/alime/Dropbox/PC/Documents/Coding/Memoire 2023/Datasets/Brain-Tumor-Dataset-RAW/Cropped_Image_Sets/train/glioma_cropped/G1248_cropped.jpg
198,G1249_cropped,glioma_cropped,C:/Users/alime/Dropbox/PC/Documents/Coding/Memoire 2023/Datasets/Brain-Tumor-Dataset-RAW/Cropped_Image_Sets/train/glioma_cropped/G1249_cropped.jpg
199,G124_cropped,glioma_cropped,C:/Users/alime/Dropbox/PC/Documents/Coding/Memoire 2023/Datasets/Brain-Tumor-Dataset-RAW/Cropped_Image_Sets/train/glioma_cropped/G124_cropped.jpg
200,G1250_cropped,glioma_cropped,C:/Users/alime/Dropbox/PC/Documents/Coding/Memoire 2023/Datasets/Brain-Tumor-Dataset-RAW/Cropped_Image_Sets/train/glioma_cropped/G1250_cropped.jpg
201,G1252_cropped,glioma_cropped,C:/Users/alime/Dropbox/PC/Documents/Coding/Memoire 2023/Datasets/Brain-Tumor-Dataset-RAW/Cropped_Image_Sets/train/glioma_cropped/G1252_cropped.jpg
202,G1253_cropped,glioma_cropped,C:/Users/alime/Dropbox/PC/Documents/Coding/Memoire 2023/Datasets/Brain-Tumor-Dataset-RAW/Cropped_Image_Sets/train/glioma_cropped/G1253_cropped.jpg
203,G1254_cropped,glioma_cropped,C:/Users/alime/Dropbox/PC/Documents/Coding/Memoire 2023/Datasets/Brain-Tumor-Dataset-RAW/Cropped_Image_Sets/train/glioma_cropped/G1254_cropped.jpg
204,G1256_cropped,glioma_cropped,C:/Users/alime/Dropbox/PC/Documents/Coding/Memoire 2023/Datasets/Brain-Tumor-Dataset-RAW/Cropped_Image_Sets/train/glioma_cropped/G1256_cropped.jpg
205,G1257_cropped,glioma_cropped,C:/Users/alime/Dropbox/PC/Documents/Coding/Memoire 2023/Datasets/Brain-Tumor-Dataset-RAW/Cropped_Image_Sets/train/glioma_cropped/G1257_cropped.jpg
206,G1259_cropped,glioma_cropped,C:/Users/alime/Dropbox/PC/Documents/Coding/Memoire 2023/Datasets/Brain-Tumor-Dataset-RAW/Cropped_Image_Sets/train/glioma_cropped/G1259_cropped.jpg
207,G125_cropped,glioma_cropped,C:/Users/alime/Dropbox/PC/Documents/Coding/Memoire 2023/Datasets/Brain-Tumor-Dataset-RAW/Cropped_Image_Sets/train/glioma_cropped/G125_cropped.jpg
208,G1260_cropped,glioma_cropped,C:/Users/alime/Dropbox/PC/Documents/Coding/Memoire 2023/Datasets/Brain-Tumor-Dataset-RAW/Cropped_Image_Sets/train/glioma_cropped/G1260_cropped.jpg
209,G1261_cropped,glioma_cropped,C:/Users/alime/Dropbox/PC/Documents/Coding/Memoire 2023/Datasets/Brain-Tumor-Dataset-RAW/Cropped_Image_Sets/train/glioma_cropped/G1261_cropped.jpg
210,G1262_cropped,glioma_cropped,C:/Users/alime/Dropbox/PC/Documents/Coding/Memoire 2023/Datasets/Brain-Tumor-Dataset-RAW/Cropped_Image_Sets/train/glioma_cropped/G1262_cropped.jpg
211,G1263_cropped,glioma_cropped,C:/Users/alime/Dropbox/PC/Documents/Coding/Memoire 2023/Datasets/Brain-Tumor-Dataset-RAW/Cropped_Image_Sets/train/glioma_cropped/G1263_cropped.jpg
212,G1264_cropped,glioma_cropped,C:/Users/alime/Dropbox/PC/Documents/Coding/Memoire 2023/Datasets/Brain-Tumor-Dataset-RAW/Cropped_Image_Sets/train/glioma_cropped/G1264_cropped.jpg
213,G1265_cropped,glioma_cropped,C:/Users/alime/Dropbox/PC/Documents/Coding/Memoire 2023/Datasets/Brain-Tumor-Dataset-RAW/Cropped_Image_Sets/train/glioma_cropped/G1265_cropped.jpg
214,G1266_cropped,glioma_cropped,C:/Users/alime/Dropbox/PC/Documents/Coding/Memoire 2023/Datasets/Brain-Tumor-Dataset-RAW/Cropped_Image_Sets/train/glioma_cropped/G1266_cropped.jpg
215,G126_cropped,glioma_cropped,C:/Users/alime/Dropbox/PC/Documents/Coding/Memoire 2023/Datasets/Brain-Tumor-Dataset-RAW/Cropped_Image_Sets/train/glioma_cropped/G126_cropped.jpg
216,G1271_cropped,glioma_cropped,C:/Users/alime/Dropbox/PC/Documents/Coding/Memoire 2023/Datasets/Brain-Tumor-Dataset-RAW/Cropped_Image_Sets/train/glioma_cropped/G1271_cropped.jpg
217,G1272_cropped,glioma_cropped,C:/Users/alime/Dropbox/PC/Documents/Coding/Memoire 2023/Datasets/Brain-Tumor-Dataset-RAW/Cropped_Image_Sets/train/glioma_cropped/G1272_cropped.jpg
218,G1273_cropped,glioma_cropped,C:/Users/alime/Dropbox/PC/Documents/Coding/Memoire 2023/Datasets/Brain-Tumor-Dataset-RAW/Cropped_Image_Sets/train/glioma_cropped/G1273_cropped.jpg
219,G1276_cropped,glioma_cropped,C:/Users/alime/Dropbox/PC/Documents/Coding/Memoire 2023/Datasets/Brain-Tumor-Dataset-RAW/Cropped_Image_Sets/train/glioma_cropped/G1276_cropped.jpg
220,G1277_cropped,glioma_cropped,C:/Users/alime/Dropbox/PC/Documents/Coding/Memoire 2023/Datasets/Brain-Tumor-Dataset-RAW/Cropped_Image_Sets/train/glioma_cropped/G1277_cropped.jpg
221,G1279_cropped,glioma_cropped,C:/Users/alime/Dropbox/PC/Documents/Coding/Memoire 2023/Datasets/Brain-Tumor-Dataset-RAW/Cropped_Image_Sets/train/glioma_cropped/G1279_cropped.jpg
222,G1280_cropped,glioma_cropped,C:/Users/alime/Dropbox/PC/Documents/Coding/Memoire 2023/Datasets/Brain-Tumor-Dataset-RAW/Cropped_Image_Sets/train/glioma_cropped/G1280_cropped.jpg
223,G1283_cropped,glioma_cropped,C:/Users/alime/Dropbox/PC/Documents/Coding/Memoire 2023/Datasets/Brain-Tumor-Dataset-RAW/Cropped_Image_Sets/train/glioma_cropped/G1283_cropped.jpg
224,G1284_cropped,glioma_cropped,C:/Users/alime/Dropbox/PC/Documents/Coding/Memoire 2023/Datasets/Brain-Tumor-Dataset-RAW/Cropped_Image_Sets/train/glioma_cropped/G1284_cropped.jpg
225,G1285_cropped,glioma_cropped,C:/Users/alime/Dropbox/PC/Documents/Coding/Memoire 2023/Datasets/Brain-Tumor-Dataset-RAW/Cropped_Image_Sets/train/glioma_cropped/G1285_cropped.jpg
226,G1286_cropped,glioma_cropped,C:/Users/alime/Dropbox/PC/Documents/Coding/Memoire 2023/Datasets/Brain-Tumor-Dataset-RAW/Cropped_Image_Sets/train/glioma_cropped/G1286_cropped.jpg
227,G1287_cropped,glioma_cropped,C:/Users/alime/Dropbox/PC/Documents/Coding/Memoire 2023/Datasets/Brain-Tumor-Dataset-RAW/Cropped_Image_Sets/train/glioma_cropped/G1287_cropped.jpg
228,G128_cropped,glioma_cropped,C:/Users/alime/Dropbox/PC/Documents/Coding/Memoire 2023/Datasets/Brain-Tumor-Dataset-RAW/Cropped_Image_Sets/train/glioma_cropped/G128_cropped.jpg
229,G1291_cropped,glioma_cropped,C:/Users/alime/Dropbox/PC/Documents/Coding/Memoire 2023/Datasets/Brain-Tumor-Dataset-RAW/Cropped_Image_Sets/train/glioma_cropped/G1291_cropped.jpg
230,G1293_cropped,glioma_cropped,C:/Users/alime/Dropbox/PC/Documents/Coding/Memoire 2023/Datasets/Brain-Tumor-Dataset-RAW/Cropped_Image_Sets/train/glioma_cropped/G1293_cropped.jpg
231,G1297_cropped,glioma_cropped,C:/Users/alime/Dropbox/PC/Documents/Coding/Memoire 2023/Datasets/Brain-Tumor-Dataset-RAW/Cropped_Image_Sets/train/glioma_cropped/G1297_cropped.jpg
232,G1298_cropped,glioma_cropped,C:/Users/alime/Dropbox/PC/Documents/Coding/Memoire 2023/Datasets/Brain-Tumor-Dataset-RAW/Cropped_Image_Sets/train/glioma_cropped/G1298_cropped.jpg
233,G129_cropped,glioma_cropped,C:/Users/alime/Dropbox/PC/Documents/Coding/Memoire 2023/Datasets/Brain-Tumor-Dataset-RAW/Cropped_Image_Sets/train/glioma_cropped/G129_cropped.jpg
234,G1300_cropped,glioma_cropped,C:/Users/alime/Dropbox/PC/Documents/Coding/Memoire 2023/Datasets/Brain-Tumor-Dataset-RAW/Cropped_Image_Sets/train/glioma_cropped/G1300_cropped.jpg
235,G1303_cropped,glioma_cropped,C:/Users/alime/Dropbox/PC/Documents/Coding/Memoire 2023/Datasets/Brain-Tumor-Dataset-RAW/Cropped_Image_Sets/train/glioma_cropped/G1303_cropped.jpg
236,G1304_cropped,glioma_cropped,C:/Users/alime/Dropbox/PC/Documents/Coding/Memoire 2023/Datasets/Brain-Tumor-Dataset-RAW/Cropped_Image_Sets/train/glioma_cropped/G1304_cropped.jpg
237,G1305_cropped,glioma_cropped,C:/Users/alime/Dropbox/PC/Documents/Coding/Memoire 2023/Datasets/Brain-Tumor-Dataset-RAW/Cropped_Image_Sets/train/glioma_cropped/G1305_cropped.jpg
238,G1307_cropped,glioma_cropped,C:/Users/alime/Dropbox/PC/Documents/Coding/Memoire 2023/Datasets/Brain-Tumor-Dataset-RAW/Cropped_Image_Sets/train/glioma_cropped/G1307_cropped.jpg
239,G1308_cropped,glioma_cropped,C:/Users/alime/Dropbox/PC/Documents/Coding/Memoire 2023/Datasets/Brain-Tumor-Dataset-RAW/Cropped_Image_Sets/train/glioma_cropped/G1308_cropped.jpg
240,G1309_cropped,glioma_cropped,C:/Users/alime/Dropbox/PC/Documents/Coding/Memoire 2023/Datasets/Brain-Tumor-Dataset-RAW/Cropped_Image_Sets/train/glioma_cropped/G1309_cropped.jpg
241,G130_cropped,glioma_cropped,C:/Users/alime/Dropbox/PC/Documents/Coding/Memoire 2023/Datasets/Brain-Tumor-Dataset-RAW/Cropped_Image_Sets/train/glioma_cropped/G130_cropped.jpg
242,G1310_cropped,glioma_cropped,C:/Users/alime/Dropbox/PC/Documents/Coding/Memoire 2023/Datasets/Brain-Tumor-Dataset-RAW/Cropped_Image_Sets/train/glioma_cropped/G1310_cropped.jpg
243,G1311_cropped,glioma_cropped,C:/Users/alime/Dropbox/PC/Documents/Coding/Memoire 2023/Datasets/Brain-Tumor-Dataset-RAW/Cropped_Image_Sets/train/glioma_cropped/G1311_cropped.jpg
244,G1312_cropped,glioma_cropped,C:/Users/alime/Dropbox/PC/Documents/Coding/Memoire 2023/Datasets/Brain-Tumor-Dataset-RAW/Cropped_Image_Sets/train/glioma_cropped/G1312_cropped.jpg
245,G1315_cropped,glioma_cropped,C:/Users/alime/Dropbox/PC/Documents/Coding/Memoire 2023/Datasets/Brain-Tumor-Dataset-RAW/Cropped_Image_Sets/train/glioma_cropped/G1315_cropped.jpg
246,G1318_cropped,glioma_cropped,C:/Users/alime/Dropbox/PC/Documents/Coding/Memoire 2023/Datasets/Brain-Tumor-Dataset-RAW/Cropped_Image_Sets/train/glioma_cropped/G1318_cropped.jpg
247,G1319_cropped,glioma_cropped,C:/Users/alime/Dropbox/PC/Documents/Coding/Memoire 2023/Datasets/Brain-Tumor-Dataset-RAW/Cropped_Image_Sets/train/glioma_cropped/G1319_cropped.jpg
248,G131_cropped,glioma_cropped,C:/Users/alime/Dropbox/PC/Documents/Coding/Memoire 2023/Datasets/Brain-Tumor-Dataset-RAW/Cropped_Image_Sets/train/glioma_cropped/G131_cropped.jpg
249,G1321_cropped,glioma_cropped,C:/Users/alime/Dropbox/PC/Documents/Coding/Memoire 2023/Datasets/Brain-Tumor-Dataset-RAW/Cropped_Image_Sets/train/glioma_cropped/G1321_cropped.jpg
250,G1322_cropped,glioma_cropped,C:/Users/alime/Dropbox/PC/Documents/Coding/Memoire 2023/Datasets/Brain-Tumor-Dataset-RAW/Cropped_Image_Sets/train/glioma_cropped/G1322_cropped.jpg
251,G1324_cropped,glioma_cropped,C:/Users/alime/Dropbox/PC/Documents/Coding/Memoire 2023/Datasets/Brain-Tumor-Dataset-RAW/Cropped_Image_Sets/train/glioma_cropped/G1324_cropped.jpg
252,G1325_cropped,glioma_cropped,C:/Users/alime/Dropbox/PC/Documents/Coding/Memoire 2023/Datasets/Brain-Tumor-Dataset-RAW/Cropped_Image_Sets/train/glioma_cropped/G1325_cropped.jpg
253,G1326_cropped,glioma_cropped,C:/Users/alime/Dropbox/PC/Documents/Coding/Memoire 2023/Datasets/Brain-Tumor-Dataset-RAW/Cropped_Image_Sets/train/glioma_cropped/G1326_cropped.jpg
254,G1327_cropped,glioma_cropped,C:/Users/alime/Dropbox/PC/Documents/Coding/Memoire 2023/Datasets/Brain-Tumor-Dataset-RAW/Cropped_Image_Sets/train/glioma_cropped/G1327_cropped.jpg
255,G1328_cropped,glioma_cropped,C:/Users/alime/Dropbox/PC/Documents/Coding/Memoire 2023/Datasets/Brain-Tumor-Dataset-RAW/Cropped_Image_Sets/train/glioma_cropped/G1328_cropped.jpg
256,G1329_cropped,glioma_cropped,C:/Users/alime/Dropbox/PC/Documents/Coding/Memoire 2023/Datasets/Brain-Tumor-Dataset-RAW/Cropped_Image_Sets/train/glioma_cropped/G1329_cropped.jpg
257,G132_cropped,glioma_cropped,C:/Users/alime/Dropbox/PC/Documents/Coding/Memoire 2023/Datasets/Brain-Tumor-Dataset-RAW/Cropped_Image_Sets/train/glioma_cropped/G132_cropped.jpg
258,G1330_cropped,glioma_cropped,C:/Users/alime/Dropbox/PC/Documents/Coding/Memoire 2023/Datasets/Brain-Tumor-Dataset-RAW/Cropped_Image_Sets/train/glioma_cropped/G1330_cropped.jpg
259,G1331_cropped,glioma_cropped,C:/Users/alime/Dropbox/PC/Documents/Coding/Memoire 2023/Datasets/Brain-Tumor-Dataset-RAW/Cropped_Image_Sets/train/glioma_cropped/G1331_cropped.jpg
260,G1332_cropped,glioma_cropped,C:/Users/alime/Dropbox/PC/Documents/Coding/Memoire 2023/Datasets/Brain-Tumor-Dataset-RAW/Cropped_Image_Sets/train/glioma_cropped/G1332_cropped.jpg
261,G1333_cropped,glioma_cropped,C:/Users/alime/Dropbox/PC/Documents/Coding/Memoire 2023/Datasets/Brain-Tumor-Dataset-RAW/Cropped_Image_Sets/train/glioma_cropped/G1333_cropped.jpg
262,G1335_cropped,glioma_cropped,C:/Users/alime/Dropbox/PC/Documents/Coding/Memoire 2023/Datasets/Brain-Tumor-Dataset-RAW/Cropped_Image_Sets/train/glioma_cropped/G1335_cropped.jpg
263,G1336_cropped,glioma_cropped,C:/Users/alime/Dropbox/PC/Documents/Coding/Memoire 2023/Datasets/Brain-Tumor-Dataset-RAW/Cropped_Image_Sets/train/glioma_cropped/G1336_cropped.jpg
264,G1337_cropped,glioma_cropped,C:/Users/alime/Dropbox/PC/Documents/Coding/Memoire 2023/Datasets/Brain-Tumor-Dataset-RAW/Cropped_Image_Sets/train/glioma_cropped/G1337_cropped.jpg
265,G1338_cropped,glioma_cropped,C:/Users/alime/Dropbox/PC/Documents/Coding/Memoire 2023/Datasets/Brain-Tumor-Dataset-RAW/Cropped_Image_Sets/train/glioma_cropped/G1338_cropped.jpg
266,G1339_cropped,glioma_cropped,C:/Users/alime/Dropbox/PC/Documents/Coding/Memoire 2023/Datasets/Brain-Tumor-Dataset-RAW/Cropped_Image_Sets/train/glioma_cropped/G1339_cropped.jpg
267,G1340_cropped,glioma_cropped,C:/Users/alime/Dropbox/PC/Documents/Coding/Memoire 2023/Datasets/Brain-Tumor-Dataset-RAW/Cropped_Image_Sets/train/glioma_cropped/G1340_cropped.jpg
268,G1342_cropped,glioma_cropped,C:/Users/alime/Dropbox/PC/Documents/Coding/Memoire 2023/Datasets/Brain-Tumor-Dataset-RAW/Cropped_Image_Sets/train/glioma_cropped/G1342_cropped.jpg
269,G1343_cropped,glioma_cropped,C:/Users/alime/Dropbox/PC/Documents/Coding/Memoire 2023/Datasets/Brain-Tumor-Dataset-RAW/Cropped_Image_Sets/train/glioma_cropped/G1343_cropped.jpg
270,G1345_cropped,glioma_cropped,C:/Users/alime/Dropbox/PC/Documents/Coding/Memoire 2023/Datasets/Brain-Tumor-Dataset-RAW/Cropped_Image_Sets/train/glioma_cropped/G1345_cropped.jpg
271,G1346_cropped,glioma_cropped,C:/Users/alime/Dropbox/PC/Documents/Coding/Memoire 2023/Datasets/Brain-Tumor-Dataset-RAW/Cropped_Image_Sets/train/glioma_cropped/G1346_cropped.jpg
272,G1348_cropped,glioma_cropped,C:/Users/alime/Dropbox/PC/Documents/Coding/Memoire 2023/Datasets/Brain-Tumor-Dataset-RAW/Cropped_Image_Sets/train/glioma_cropped/G1348_cropped.jpg
273,G1349_cropped,glioma_cropped,C:/Users/alime/Dropbox/PC/Documents/Coding/Memoire 2023/Datasets/Brain-Tumor-Dataset-RAW/Cropped_Image_Sets/train/glioma_cropped/G1349_cropped.jpg
274,G1351_cropped,glioma_cropped,C:/Users/alime/Dropbox/PC/Documents/Coding/Memoire 2023/Datasets/Brain-Tumor-Dataset-RAW/Cropped_Image_Sets/train/glioma_cropped/G1351_cropped.jpg
275,G1352_cropped,glioma_cropped,C:/Users/alime/Dropbox/PC/Documents/Coding/Memoire 2023/Datasets/Brain-Tumor-Dataset-RAW/Cropped_Image_Sets/train/glioma_cropped/G1352_cropped.jpg
276,G1353_cropped,glioma_cropped,C:/Users/alime/Dropbox/PC/Documents/Coding/Memoire 2023/Datasets/Brain-Tumor-Dataset-RAW/Cropped_Image_Sets/train/glioma_cropped/G1353_cropped.jpg
277,G1357_cropped,glioma_cropped,C:/Users/alime/Dropbox/PC/Documents/Coding/Memoire 2023/Datasets/Brain-Tumor-Dataset-RAW/Cropped_Image_Sets/train/glioma_cropped/G1357_cropped.jpg
278,G1360_cropped,glioma_cropped,C:/Users/alime/Dropbox/PC/Documents/Coding/Memoire 2023/Datasets/Brain-Tumor-Dataset-RAW/Cropped_Image_Sets/train/glioma_cropped/G1360_cropped.jpg
279,G1362_cropped,glioma_cropped,C:/Users/alime/Dropbox/PC/Documents/Coding/Memoire 2023/Datasets/Brain-Tumor-Dataset-RAW/Cropped_Image_Sets/train/glioma_cropped/G1362_cropped.jpg
280,G1365_cropped,glioma_cropped,C:/Users/alime/Dropbox/PC/Documents/Coding/Memoire 2023/Datasets/Brain-Tumor-Dataset-RAW/Cropped_Image_Sets/train/glioma_cropped/G1365_cropped.jpg
281,G1366_cropped,glioma_cropped,C:/Users/alime/Dropbox/PC/Documents/Coding/Memoire 2023/Datasets/Brain-Tumor-Dataset-RAW/Cropped_Image_Sets/train/glioma_cropped/G1366_cropped.jpg
282,G1367_cropped,glioma_cropped,C:/Users/alime/Dropbox/PC/Documents/Coding/Memoire 2023/Datasets/Brain-Tumor-Dataset-RAW/Cropped_Image_Sets/train/glioma_cropped/G1367_cropped.jpg
283,G1368_cropped,glioma_cropped,C:/Users/alime/Dropbox/PC/Documents/Coding/Memoire 2023/Datasets/Brain-Tumor-Dataset-RAW/Cropped_Image_Sets/train/glioma_cropped/G1368_cropped.jpg
284,G136_cropped,glioma_cropped,C:/Users/alime/Dropbox/PC/Documents/Coding/Memoire 2023/Datasets/Brain-Tumor-Dataset-RAW/Cropped_Image_Sets/train/glioma_cropped/G136_cropped.jpg
285,G1370_cropped,glioma_cropped,C:/Users/alime/Dropbox/PC/Documents/Coding/Memoire 2023/Datasets/Brain-Tumor-Dataset-RAW/Cropped_Image_Sets/train/glioma_cropped/G1370_cropped.jpg
286,G1373_cropped,glioma_cropped,C:/Users/alime/Dropbox/PC/Documents/Coding/Memoire 2023/Datasets/Brain-Tumor-Dataset-RAW/Cropped_Image_Sets/train/glioma_cropped/G1373_cropped.jpg
287,G1374_cropped,glioma_cropped,C:/Users/alime/Dropbox/PC/Documents/Coding/Memoire 2023/Datasets/Brain-Tumor-Dataset-RAW/Cropped_Image_Sets/train/glioma_cropped/G1374_cropped.jpg
288,G1375_cropped,glioma_cropped,C:/Users/alime/Dropbox/PC/Documents/Coding/Memoire 2023/Datasets/Brain-Tumor-Dataset-RAW/Cropped_Image_Sets/train/glioma_cropped/G1375_cropped.jpg
289,G1376_cropped,glioma_cropped,C:/Users/alime/Dropbox/PC/Documents/Coding/Memoire 2023/Datasets/Brain-Tumor-Dataset-RAW/Cropped_Image_Sets/train/glioma_cropped/G1376_cropped.jpg
290,G1377_cropped,glioma_cropped,C:/Users/alime/Dropbox/PC/Documents/Coding/Memoire 2023/Datasets/Brain-Tumor-Dataset-RAW/Cropped_Image_Sets/train/glioma_cropped/G1377_cropped.jpg
291,G1378_cropped,glioma_cropped,C:/Users/alime/Dropbox/PC/Documents/Coding/Memoire 2023/Datasets/Brain-Tumor-Dataset-RAW/Cropped_Image_Sets/train/glioma_cropped/G1378_cropped.jpg
292,G137_cropped,glioma_cropped,C:/Users/alime/Dropbox/PC/Documents/Coding/Memoire 2023/Datasets/Brain-Tumor-Dataset-RAW/Cropped_Image_Sets/train/glioma_cropped/G137_cropped.jpg
293,G1380_cropped,glioma_cropped,C:/Users/alime/Dropbox/PC/Documents/Coding/Memoire 2023/Datasets/Brain-Tumor-Dataset-RAW/Cropped_Image_Sets/train/glioma_cropped/G1380_cropped.jpg
294,G1381_cropped,glioma_cropped,C:/Users/alime/Dropbox/PC/Documents/Coding/Memoire 2023/Datasets/Brain-Tumor-Dataset-RAW/Cropped_Image_Sets/train/glioma_cropped/G1381_cropped.jpg
295,G1382_cropped,glioma_cropped,C:/Users/alime/Dropbox/PC/Documents/Coding/Memoire 2023/Datasets/Brain-Tumor-Dataset-RAW/Cropped_Image_Sets/train/glioma_cropped/G1382_cropped.jpg
296,G1383_cropped,glioma_cropped,C:/Users/alime/Dropbox/PC/Documents/Coding/Memoire 2023/Datasets/Brain-Tumor-Dataset-RAW/Cropped_Image_Sets/train/glioma_cropped/G1383_cropped.jpg
297,G1384_cropped,glioma_cropped,C:/Users/alime/Dropbox/PC/Documents/Coding/Memoire 2023/Datasets/Brain-Tumor-Dataset-RAW/Cropped_Image_Sets/train/glioma_cropped/G1384_cropped.jpg
298,G1386_cropped,glioma_cropped,C:/Users/alime/Dropbox/PC/Documents/Coding/Memoire 2023/Datasets/Brain-Tumor-Dataset-RAW/Cropped_Image_Sets/train/glioma_cropped/G1386_cropped.jpg
299,G1387_cropped,glioma_cropped,C:/Users/alime/Dropbox/PC/Documents/Coding/Memoire 2023/Datasets/Brain-Tumor-Dataset-RAW/Cropped_Image_Sets/train/glioma_cropped/G1387_cropped.jpg
300,G1388_cropped,glioma_cropped,C:/Users/alime/Dropbox/PC/Documents/Coding/Memoire 2023/Datasets/Brain-Tumor-Dataset-RAW/Cropped_Image_Sets/train/glioma_cropped/G1388_cropped.jpg
301,G1389_cropped,glioma_cropped,C:/Users/alime/Dropbox/PC/Documents/Coding/Memoire 2023/Datasets/Brain-Tumor-Dataset-RAW/Cropped_Image_Sets/train/glioma_cropped/G1389_cropped.jpg
302,G138_cropped,glioma_cropped,C:/Users/alime/Dropbox/PC/Documents/Coding/Memoire 2023/Datasets/Brain-Tumor-Dataset-RAW/Cropped_Image_Sets/train/glioma_cropped/G138_cropped.jpg
303,G1390_cropped,glioma_cropped,C:/Users/alime/Dropbox/PC/Documents/Coding/Memoire 2023/Datasets/Brain-Tumor-Dataset-RAW/Cropped_Image_Sets/train/glioma_cropped/G1390_cropped.jpg
304,G1391_cropped,glioma_cropped,C:/Users/alime/Dropbox/PC/Documents/Coding/Memoire 2023/Datasets/Brain-Tumor-Dataset-RAW/Cropped_Image_Sets/train/glioma_cropped/G1391_cropped.jpg
305,G1392_cropped,glioma_cropped,C:/Users/alime/Dropbox/PC/Documents/Coding/Memoire 2023/Datasets/Brain-Tumor-Dataset-RAW/Cropped_Image_Sets/train/glioma_cropped/G1392_cropped.jpg
306,G1397_cropped,glioma_cropped,C:/Users/alime/Dropbox/PC/Documents/Coding/Memoire 2023/Datasets/Brain-Tumor-Dataset-RAW/Cropped_Image_Sets/train/glioma_cropped/G1397_cropped.jpg
307,G1398_cropped,glioma_cropped,C:/Users/alime/Dropbox/PC/Documents/Coding/Memoire 2023/Datasets/Brain-Tumor-Dataset-RAW/Cropped_Image_Sets/train/glioma_cropped/G1398_cropped.jpg
308,G1399_cropped,glioma_cropped,C:/Users/alime/Dropbox/PC/Documents/Coding/Memoire 2023/Datasets/Brain-Tumor-Dataset-RAW/Cropped_Image_Sets/train/glioma_cropped/G1399_cropped.jpg
309,G1400_cropped,glioma_cropped,C:/Users/alime/Dropbox/PC/Documents/Coding/Memoire 2023/Datasets/Brain-Tumor-Dataset-RAW/Cropped_Image_Sets/train/glioma_cropped/G1400_cropped.jpg
310,G1401_cropped,glioma_cropped,C:/Users/alime/Dropbox/PC/Documents/Coding/Memoire 2023/Datasets/Brain-Tumor-Dataset-RAW/Cropped_Image_Sets/train/glioma_cropped/G1401_cropped.jpg
311,G1402_cropped,glioma_cropped,C:/Users/alime/Dropbox/PC/Documents/Coding/Memoire 2023/Datasets/Brain-Tumor-Dataset-RAW/Cropped_Image_Sets/train/glioma_cropped/G1402_cropped.jpg
312,G1403_cropped,glioma_cropped,C:/Users/alime/Dropbox/PC/Documents/Coding/Memoire 2023/Datasets/Brain-Tumor-Dataset-RAW/Cropped_Image_Sets/train/glioma_cropped/G1403_cropped.jpg
313,G1404_cropped,glioma_cropped,C:/Users/alime/Dropbox/PC/Documents/Coding/Memoire 2023/Datasets/Brain-Tumor-Dataset-RAW/Cropped_Image_Sets/train/glioma_cropped/G1404_cropped.jpg
314,G1405_cropped,glioma_cropped,C:/Users/alime/Dropbox/PC/Documents/Coding/Memoire 2023/Datasets/Brain-Tumor-Dataset-RAW/Cropped_Image_Sets/train/glioma_cropped/G1405_cropped.jpg
315,G1406_cropped,glioma_cropped,C:/Users/alime/Dropbox/PC/Documents/Coding/Memoire 2023/Datasets/Brain-Tumor-Dataset-RAW/Cropped_Image_Sets/train/glioma_cropped/G1406_cropped.jpg
316,G1407_cropped,glioma_cropped,C:/Users/alime/Dropbox/PC/Documents/Coding/Memoire 2023/Datasets/Brain-Tumor-Dataset-RAW/Cropped_Image_Sets/train/glioma_cropped/G1407_cropped.jpg
317,G1408_cropped,glioma_cropped,C:/Users/alime/Dropbox/PC/Documents/Coding/Memoire 2023/Datasets/Brain-Tumor-Dataset-RAW/Cropped_Image_Sets/train/glioma_cropped/G1408_cropped.jpg
318,G1410_cropped,glioma_cropped,C:/Users/alime/Dropbox/PC/Documents/Coding/Memoire 2023/Datasets/Brain-Tumor-Dataset-RAW/Cropped_Image_Sets/train/glioma_cropped/G1410_cropped.jpg
319,G1413_cropped,glioma_cropped,C:/Users/alime/Dropbox/PC/Documents/Coding/Memoire 2023/Datasets/Brain-Tumor-Dataset-RAW/Cropped_Image_Sets/train/glioma_cropped/G1413_cropped.jpg
320,G1414_cropped,glioma_cropped,C:/Users/alime/Dropbox/PC/Documents/Coding/Memoire 2023/Datasets/Brain-Tumor-Dataset-RAW/Cropped_Image_Sets/train/glioma_cropped/G1414_cropped.jpg
321,G1416_cropped,glioma_cropped,C:/Users/alime/Dropbox/PC/Documents/Coding/Memoire 2023/Datasets/Brain-Tumor-Dataset-RAW/Cropped_Image_Sets/train/glioma_cropped/G1416_cropped.jpg
322,G1417_cropped,glioma_cropped,C:/Users/alime/Dropbox/PC/Documents/Coding/Memoire 2023/Datasets/Brain-Tumor-Dataset-RAW/Cropped_Image_Sets/train/glioma_cropped/G1417_cropped.jpg
323,G1418_cropped,glioma_cropped,C:/Users/alime/Dropbox/PC/Documents/Coding/Memoire 2023/Datasets/Brain-Tumor-Dataset-RAW/Cropped_Image_Sets/train/glioma_cropped/G1418_cropped.jpg
324,G1419_cropped,glioma_cropped,C:/Users/alime/Dropbox/PC/Documents/Coding/Memoire 2023/Datasets/Brain-Tumor-Dataset-RAW/Cropped_Image_Sets/train/glioma_cropped/G1419_cropped.jpg
325,G1420_cropped,glioma_cropped,C:/Users/alime/Dropbox/PC/Documents/Coding/Memoire 2023/Datasets/Brain-Tumor-Dataset-RAW/Cropped_Image_Sets/train/glioma_cropped/G1420_cropped.jpg
326,G1423_cropped,glioma_cropped,C:/Users/alime/Dropbox/PC/Documents/Coding/Memoire 2023/Datasets/Brain-Tumor-Dataset-RAW/Cropped_Image_Sets/train/glioma_cropped/G1423_cropped.jpg
327,G1424_cropped,glioma_cropped,C:/Users/alime/Dropbox/PC/Documents/Coding/Memoire 2023/Datasets/Brain-Tumor-Dataset-RAW/Cropped_Image_Sets/train/glioma_cropped/G1424_cropped.jpg
328,G1425_cropped,glioma_cropped,C:/Users/alime/Dropbox/PC/Documents/Coding/Memoire 2023/Datasets/Brain-Tumor-Dataset-RAW/Cropped_Image_Sets/train/glioma_cropped/G1425_cropped.jpg
329,G1426_cropped,glioma_cropped,C:/Users/alime/Dropbox/PC/Documents/Coding/Memoire 2023/Datasets/Brain-Tumor-Dataset-RAW/Cropped_Image_Sets/train/glioma_cropped/G1426_cropped.jpg
330,G142_cropped,glioma_cropped,C:/Users/alime/Dropbox/PC/Documents/Coding/Memoire 2023/Datasets/Brain-Tumor-Dataset-RAW/Cropped_Image_Sets/train/glioma_cropped/G142_cropped.jpg
331,G143_cropped,glioma_cropped,C:/Users/alime/Dropbox/PC/Documents/Coding/Memoire 2023/Datasets/Brain-Tumor-Dataset-RAW/Cropped_Image_Sets/train/glioma_cropped/G143_cropped.jpg
332,G144_cropped,glioma_cropped,C:/Users/alime/Dropbox/PC/Documents/Coding/Memoire 2023/Datasets/Brain-Tumor-Dataset-RAW/Cropped_Image_Sets/train/glioma_cropped/G144_cropped.jpg
333,G145_cropped,glioma_cropped,C:/Users/alime/Dropbox/PC/Documents/Coding/Memoire 2023/Datasets/Brain-Tumor-Dataset-RAW/Cropped_Image_Sets/train/glioma_cropped/G145_cropped.jpg
334,G146_cropped,glioma_cropped,C:/Users/alime/Dropbox/PC/Documents/Coding/Memoire 2023/Datasets/Brain-Tumor-Dataset-RAW/Cropped_Image_Sets/train/glioma_cropped/G146_cropped.jpg
335,G147_cropped,glioma_cropped,C:/Users/alime/Dropbox/PC/Documents/Coding/Memoire 2023/Datasets/Brain-Tumor-Dataset-RAW/Cropped_Image_Sets/train/glioma_cropped/G147_cropped.jpg
336,G148_cropped,glioma_cropped,C:/Users/alime/Dropbox/PC/Documents/Coding/Memoire 2023/Datasets/Brain-Tumor-Dataset-RAW/Cropped_Image_Sets/train/glioma_cropped/G148_cropped.jpg
337,G149_cropped,glioma_cropped,C:/Users/alime/Dropbox/PC/Documents/Coding/Memoire 2023/Datasets/Brain-Tumor-Dataset-RAW/Cropped_Image_Sets/train/glioma_cropped/G149_cropped.jpg
338,G14_cropped,glioma_cropped,C:/Users/alime/Dropbox/PC/Documents/Coding/Memoire 2023/Datasets/Brain-Tumor-Dataset-RAW/Cropped_Image_Sets/train/glioma_cropped/G14_cropped.jpg
339,G150_cropped,glioma_cropped,C:/Users/alime/Dropbox/PC/Documents/Coding/Memoire 2023/Datasets/Brain-Tumor-Dataset-RAW/Cropped_Image_Sets/train/glioma_cropped/G150_cropped.jpg
340,G151_cropped,glioma_cropped,C:/Users/alime/Dropbox/PC/Documents/Coding/Memoire 2023/Datasets/Brain-Tumor-Dataset-RAW/Cropped_Image_Sets/train/glioma_cropped/G151_cropped.jpg
341,G154_cropped,glioma_cropped,C:/Users/alime/Dropbox/PC/Documents/Coding/Memoire 2023/Datasets/Brain-Tumor-Dataset-RAW/Cropped_Image_Sets/train/glioma_cropped/G154_cropped.jpg
342,G155_cropped,glioma_cropped,C:/Users/alime/Dropbox/PC/Documents/Coding/Memoire 2023/Datasets/Brain-Tumor-Dataset-RAW/Cropped_Image_Sets/train/glioma_cropped/G155_cropped.jpg
343,G156_cropped,glioma_cropped,C:/Users/alime/Dropbox/PC/Documents/Coding/Memoire 2023/Datasets/Brain-Tumor-Dataset-RAW/Cropped_Image_Sets/train/glioma_cropped/G156_cropped.jpg
344,G157_cropped,glioma_cropped,C:/Users/alime/Dropbox/PC/Documents/Coding/Memoire 2023/Datasets/Brain-Tumor-Dataset-RAW/Cropped_Image_Sets/train/glioma_cropped/G157_cropped.jpg
345,G158_cropped,glioma_cropped,C:/Users/alime/Dropbox/PC/Documents/Coding/Memoire 2023/Datasets/Brain-Tumor-Dataset-RAW/Cropped_Image_Sets/train/glioma_cropped/G158_cropped.jpg
346,G159_cropped,glioma_cropped,C:/Users/alime/Dropbox/PC/Documents/Coding/Memoire 2023/Datasets/Brain-Tumor-Dataset-RAW/Cropped_Image_Sets/train/glioma_cropped/G159_cropped.jpg
347,G15_cropped,glioma_cropped,C:/Users/alime/Dropbox/PC/Documents/Coding/Memoire 2023/Datasets/Brain-Tumor-Dataset-RAW/Cropped_Image_Sets/train/glioma_cropped/G15_cropped.jpg
348,G160_cropped,glioma_cropped,C:/Users/alime/Dropbox/PC/Documents/Coding/Memoire 2023/Datasets/Brain-Tumor-Dataset-RAW/Cropped_Image_Sets/train/glioma_cropped/G160_cropped.jpg
349,G161_cropped,glioma_cropped,C:/Users/alime/Dropbox/PC/Documents/Coding/Memoire 2023/Datasets/Brain-Tumor-Dataset-RAW/Cropped_Image_Sets/train/glioma_cropped/G161_cropped.jpg
350,G162_cropped,glioma_cropped,C:/Users/alime/Dropbox/PC/Documents/Coding/Memoire 2023/Datasets/Brain-Tumor-Dataset-RAW/Cropped_Image_Sets/train/glioma_cropped/G162_cropped.jpg
351,G165_cropped,glioma_cropped,C:/Users/alime/Dropbox/PC/Documents/Coding/Memoire 2023/Datasets/Brain-Tumor-Dataset-RAW/Cropped_Image_Sets/train/glioma_cropped/G165_cropped.jpg
352,G166_cropped,glioma_cropped,C:/Users/alime/Dropbox/PC/Documents/Coding/Memoire 2023/Datasets/Brain-Tumor-Dataset-RAW/Cropped_Image_Sets/train/glioma_cropped/G166_cropped.jpg
353,G168_cropped,glioma_cropped,C:/Users/alime/Dropbox/PC/Documents/Coding/Memoire 2023/Datasets/Brain-Tumor-Dataset-RAW/Cropped_Image_Sets/train/glioma_cropped/G168_cropped.jpg
354,G16_cropped,glioma_cropped,C:/Users/alime/Dropbox/PC/Documents/Coding/Memoire 2023/Datasets/Brain-Tumor-Dataset-RAW/Cropped_Image_Sets/train/glioma_cropped/G16_cropped.jpg
355,G171_cropped,glioma_cropped,C:/Users/alime/Dropbox/PC/Documents/Coding/Memoire 2023/Datasets/Brain-Tumor-Dataset-RAW/Cropped_Image_Sets/train/glioma_cropped/G171_cropped.jpg
356,G172_cropped,glioma_cropped,C:/Users/alime/Dropbox/PC/Documents/Coding/Memoire 2023/Datasets/Brain-Tumor-Dataset-RAW/Cropped_Image_Sets/train/glioma_cropped/G172_cropped.jpg
357,G173_cropped,glioma_cropped,C:/Users/alime/Dropbox/PC/Documents/Coding/Memoire 2023/Datasets/Brain-Tumor-Dataset-RAW/Cropped_Image_Sets/train/glioma_cropped/G173_cropped.jpg
358,G175_cropped,glioma_cropped,C:/Users/alime/Dropbox/PC/Documents/Coding/Memoire 2023/Datasets/Brain-Tumor-Dataset-RAW/Cropped_Image_Sets/train/glioma_cropped/G175_cropped.jpg
359,G177_cropped,glioma_cropped,C:/Users/alime/Dropbox/PC/Documents/Coding/Memoire 2023/Datasets/Brain-Tumor-Dataset-RAW/Cropped_Image_Sets/train/glioma_cropped/G177_cropped.jpg
360,G178_cropped,glioma_cropped,C:/Users/alime/Dropbox/PC/Documents/Coding/Memoire 2023/Datasets/Brain-Tumor-Dataset-RAW/Cropped_Image_Sets/train/glioma_cropped/G178_cropped.jpg
361,G179_cropped,glioma_cropped,C:/Users/alime/Dropbox/PC/Documents/Coding/Memoire 2023/Datasets/Brain-Tumor-Dataset-RAW/Cropped_Image_Sets/train/glioma_cropped/G179_cropped.jpg
362,G17_cropped,glioma_cropped,C:/Users/alime/Dropbox/PC/Documents/Coding/Memoire 2023/Datasets/Brain-Tumor-Dataset-RAW/Cropped_Image_Sets/train/glioma_cropped/G17_cropped.jpg
363,G180_cropped,glioma_cropped,C:/Users/alime/Dropbox/PC/Documents/Coding/Memoire 2023/Datasets/Brain-Tumor-Dataset-RAW/Cropped_Image_Sets/train/glioma_cropped/G180_cropped.jpg
364,G181_cropped,glioma_cropped,C:/Users/alime/Dropbox/PC/Documents/Coding/Memoire 2023/Datasets/Brain-Tumor-Dataset-RAW/Cropped_Image_Sets/train/glioma_cropped/G181_cropped.jpg
365,G184_cropped,glioma_cropped,C:/Users/alime/Dropbox/PC/Documents/Coding/Memoire 2023/Datasets/Brain-Tumor-Dataset-RAW/Cropped_Image_Sets/train/glioma_cropped/G184_cropped.jpg
366,G185_cropped,glioma_cropped,C:/Users/alime/Dropbox/PC/Documents/Coding/Memoire 2023/Datasets/Brain-Tumor-Dataset-RAW/Cropped_Image_Sets/train/glioma_cropped/G185_cropped.jpg
367,G187_cropped,glioma_cropped,C:/Users/alime/Dropbox/PC/Documents/Coding/Memoire 2023/Datasets/Brain-Tumor-Dataset-RAW/Cropped_Image_Sets/train/glioma_cropped/G187_cropped.jpg
368,G188_cropped,glioma_cropped,C:/Users/alime/Dropbox/PC/Documents/Coding/Memoire 2023/Datasets/Brain-Tumor-Dataset-RAW/Cropped_Image_Sets/train/glioma_cropped/G188_cropped.jpg
369,G189_cropped,glioma_cropped,C:/Users/alime/Dropbox/PC/Documents/Coding/Memoire 2023/Datasets/Brain-Tumor-Dataset-RAW/Cropped_Image_Sets/train/glioma_cropped/G189_cropped.jpg
370,G191_cropped,glioma_cropped,C:/Users/alime/Dropbox/PC/Documents/Coding/Memoire 2023/Datasets/Brain-Tumor-Dataset-RAW/Cropped_Image_Sets/train/glioma_cropped/G191_cropped.jpg
371,G192_cropped,glioma_cropped,C:/Users/alime/Dropbox/PC/Documents/Coding/Memoire 2023/Datasets/Brain-Tumor-Dataset-RAW/Cropped_Image_Sets/train/glioma_cropped/G192_cropped.jpg
372,G194_cropped,glioma_cropped,C:/Users/alime/Dropbox/PC/Documents/Coding/Memoire 2023/Datasets/Brain-Tumor-Dataset-RAW/Cropped_Image_Sets/train/glioma_cropped/G194_cropped.jpg
373,G195_cropped,glioma_cropped,C:/Users/alime/Dropbox/PC/Documents/Coding/Memoire 2023/Datasets/Brain-Tumor-Dataset-RAW/Cropped_Image_Sets/train/glioma_cropped/G195_cropped.jpg
374,G196_cropped,glioma_cropped,C:/Users/alime/Dropbox/PC/Documents/Coding/Memoire 2023/Datasets/Brain-Tumor-Dataset-RAW/Cropped_Image_Sets/train/glioma_cropped/G196_cropped.jpg
375,G197_cropped,glioma_cropped,C:/Users/alime/Dropbox/PC/Documents/Coding/Memoire 2023/Datasets/Brain-Tumor-Dataset-RAW/Cropped_Image_Sets/train/glioma_cropped/G197_cropped.jpg
376,G198_cropped,glioma_cropped,C:/Users/alime/Dropbox/PC/Documents/Coding/Memoire 2023/Datasets/Brain-Tumor-Dataset-RAW/Cropped_Image_Sets/train/glioma_cropped/G198_cropped.jpg
377,G199_cropped,glioma_cropped,C:/Users/alime/Dropbox/PC/Documents/Coding/Memoire 2023/Datasets/Brain-Tumor-Dataset-RAW/Cropped_Image_Sets/train/glioma_cropped/G199_cropped.jpg
378,G1_cropped,glioma_cropped,C:/Users/alime/Dropbox/PC/Documents/Coding/Memoire 2023/Datasets/Brain-Tumor-Dataset-RAW/Cropped_Image_Sets/train/glioma_cropped/G1_cropped.jpg
379,G200_cropped,glioma_cropped,C:/Users/alime/Dropbox/PC/Documents/Coding/Memoire 2023/Datasets/Brain-Tumor-Dataset-RAW/Cropped_Image_Sets/train/glioma_cropped/G200_cropped.jpg
380,G202_cropped,glioma_cropped,C:/Users/alime/Dropbox/PC/Documents/Coding/Memoire 2023/Datasets/Brain-Tumor-Dataset-RAW/Cropped_Image_Sets/train/glioma_cropped/G202_cropped.jpg
381,G203_cropped,glioma_cropped,C:/Users/alime/Dropbox/PC/Documents/Coding/Memoire 2023/Datasets/Brain-Tumor-Dataset-RAW/Cropped_Image_Sets/train/glioma_cropped/G203_cropped.jpg
382,G206_cropped,glioma_cropped,C:/Users/alime/Dropbox/PC/Documents/Coding/Memoire 2023/Datasets/Brain-Tumor-Dataset-RAW/Cropped_Image_Sets/train/glioma_cropped/G206_cropped.jpg
383,G207_cropped,glioma_cropped,C:/Users/alime/Dropbox/PC/Documents/Coding/Memoire 2023/Datasets/Brain-Tumor-Dataset-RAW/Cropped_Image_Sets/train/glioma_cropped/G207_cropped.jpg
384,G208_cropped,glioma_cropped,C:/Users/alime/Dropbox/PC/Documents/Coding/Memoire 2023/Datasets/Brain-Tumor-Dataset-RAW/Cropped_Image_Sets/train/glioma_cropped/G208_cropped.jpg
385,G209_cropped,glioma_cropped,C:/Users/alime/Dropbox/PC/Documents/Coding/Memoire 2023/Datasets/Brain-Tumor-Dataset-RAW/Cropped_Image_Sets/train/glioma_cropped/G209_cropped.jpg
386,G210_cropped,glioma_cropped,C:/Users/alime/Dropbox/PC/Documents/Coding/Memoire 2023/Datasets/Brain-Tumor-Dataset-RAW/Cropped_Image_Sets/train/glioma_cropped/G210_cropped.jpg
387,G212_cropped,glioma_cropped,C:/Users/alime/Dropbox/PC/Documents/Coding/Memoire 2023/Datasets/Brain-Tumor-Dataset-RAW/Cropped_Image_Sets/train/glioma_cropped/G212_cropped.jpg
388,G213_cropped,glioma_cropped,C:/Users/alime/Dropbox/PC/Documents/Coding/Memoire 2023/Datasets/Brain-Tumor-Dataset-RAW/Cropped_Image_Sets/train/glioma_cropped/G213_cropped.jpg
389,G214_cropped,glioma_cropped,C:/Users/alime/Dropbox/PC/Documents/Coding/Memoire 2023/Datasets/Brain-Tumor-Dataset-RAW/Cropped_Image_Sets/train/glioma_cropped/G214_cropped.jpg
390,G215_cropped,glioma_cropped,C:/Users/alime/Dropbox/PC/Documents/Coding/Memoire 2023/Datasets/Brain-Tumor-Dataset-RAW/Cropped_Image_Sets/train/glioma_cropped/G215_cropped.jpg
391,G216_cropped,glioma_cropped,C:/Users/alime/Dropbox/PC/Documents/Coding/Memoire 2023/Datasets/Brain-Tumor-Dataset-RAW/Cropped_Image_Sets/train/glioma_cropped/G216_cropped.jpg
392,G217_cropped,glioma_cropped,C:/Users/alime/Dropbox/PC/Documents/Coding/Memoire 2023/Datasets/Brain-Tumor-Dataset-RAW/Cropped_Image_Sets/train/glioma_cropped/G217_cropped.jpg
393,G218_cropped,glioma_cropped,C:/Users/alime/Dropbox/PC/Documents/Coding/Memoire 2023/Datasets/Brain-Tumor-Dataset-RAW/Cropped_Image_Sets/train/glioma_cropped/G218_cropped.jpg
394,G219_cropped,glioma_cropped,C:/Users/alime/Dropbox/PC/Documents/Coding/Memoire 2023/Datasets/Brain-Tumor-Dataset-RAW/Cropped_Image_Sets/train/glioma_cropped/G219_cropped.jpg
395,G220_cropped,glioma_cropped,C:/Users/alime/Dropbox/PC/Documents/Coding/Memoire 2023/Datasets/Brain-Tumor-Dataset-RAW/Cropped_Image_Sets/train/glioma_cropped/G220_cropped.jpg
396,G221_cropped,glioma_cropped,C:/Users/alime/Dropbox/PC/Documents/Coding/Memoire 2023/Datasets/Brain-Tumor-Dataset-RAW/Cropped_Image_Sets/train/glioma_cropped/G221_cropped.jpg
397,G222_cropped,glioma_cropped,C:/Users/alime/Dropbox/PC/Documents/Coding/Memoire 2023/Datasets/Brain-Tumor-Dataset-RAW/Cropped_Image_Sets/train/glioma_cropped/G222_cropped.jpg
398,G225_cropped,glioma_cropped,C:/Users/alime/Dropbox/PC/Documents/Coding/Memoire 2023/Datasets/Brain-Tumor-Dataset-RAW/Cropped_Image_Sets/train/glioma_cropped/G225_cropped.jpg
399,G227_cropped,glioma_cropped,C:/Users/alime/Dropbox/PC/Documents/Coding/Memoire 2023/Datasets/Brain-Tumor-Dataset-RAW/Cropped_Image_Sets/train/glioma_cropped/G227_cropped.jpg
400,G228_cropped,glioma_cropped,C:/Users/alime/Dropbox/PC/Documents/Coding/Memoire 2023/Datasets/Brain-Tumor-Dataset-RAW/Cropped_Image_Sets/train/glioma_cropped/G228_cropped.jpg
401,G229_cropped,glioma_cropped,C:/Users/alime/Dropbox/PC/Documents/Coding/Memoire 2023/Datasets/Brain-Tumor-Dataset-RAW/Cropped_Image_Sets/train/glioma_cropped/G229_cropped.jpg
402,G230_cropped,glioma_cropped,C:/Users/alime/Dropbox/PC/Documents/Coding/Memoire 2023/Datasets/Brain-Tumor-Dataset-RAW/Cropped_Image_Sets/train/glioma_cropped/G230_cropped.jpg
403,G231_cropped,glioma_cropped,C:/Users/alime/Dropbox/PC/Documents/Coding/Memoire 2023/Datasets/Brain-Tumor-Dataset-RAW/Cropped_Image_Sets/train/glioma_cropped/G231_cropped.jpg
404,G232_cropped,glioma_cropped,C:/Users/alime/Dropbox/PC/Documents/Coding/Memoire 2023/Datasets/Brain-Tumor-Dataset-RAW/Cropped_Image_Sets/train/glioma_cropped/G232_cropped.jpg
405,G233_cropped,glioma_cropped,C:/Users/alime/Dropbox/PC/Documents/Coding/Memoire 2023/Datasets/Brain-Tumor-Dataset-RAW/Cropped_Image_Sets/train/glioma_cropped/G233_cropped.jpg
406,G236_cropped,glioma_cropped,C:/Users/alime/Dropbox/PC/Documents/Coding/Memoire 2023/Datasets/Brain-Tumor-Dataset-RAW/Cropped_Image_Sets/train/glioma_cropped/G236_cropped.jpg
407,G237_cropped,glioma_cropped,C:/Users/alime/Dropbox/PC/Documents/Coding/Memoire 2023/Datasets/Brain-Tumor-Dataset-RAW/Cropped_Image_Sets/train/glioma_cropped/G237_cropped.jpg
408,G238_cropped,glioma_cropped,C:/Users/alime/Dropbox/PC/Documents/Coding/Memoire 2023/Datasets/Brain-Tumor-Dataset-RAW/Cropped_Image_Sets/train/glioma_cropped/G238_cropped.jpg
409,G23_cropped,glioma_cropped,C:/Users/alime/Dropbox/PC/Documents/Coding/Memoire 2023/Datasets/Brain-Tumor-Dataset-RAW/Cropped_Image_Sets/train/glioma_cropped/G23_cropped.jpg
410,G240_cropped,glioma_cropped,C:/Users/alime/Dropbox/PC/Documents/Coding/Memoire 2023/Datasets/Brain-Tumor-Dataset-RAW/Cropped_Image_Sets/train/glioma_cropped/G240_cropped.jpg
411,G242_cropped,glioma_cropped,C:/Users/alime/Dropbox/PC/Documents/Coding/Memoire 2023/Datasets/Brain-Tumor-Dataset-RAW/Cropped_Image_Sets/train/glioma_cropped/G242_cropped.jpg
412,G243_cropped,glioma_cropped,C:/Users/alime/Dropbox/PC/Documents/Coding/Memoire 2023/Datasets/Brain-Tumor-Dataset-RAW/Cropped_Image_Sets/train/glioma_cropped/G243_cropped.jpg
413,G247_cropped,glioma_cropped,C:/Users/alime/Dropbox/PC/Documents/Coding/Memoire 2023/Datasets/Brain-Tumor-Dataset-RAW/Cropped_Image_Sets/train/glioma_cropped/G247_cropped.jpg
414,G248_cropped,glioma_cropped,C:/Users/alime/Dropbox/PC/Documents/Coding/Memoire 2023/Datasets/Brain-Tumor-Dataset-RAW/Cropped_Image_Sets/train/glioma_cropped/G248_cropped.jpg
415,G249_cropped,glioma_cropped,C:/Users/alime/Dropbox/PC/Documents/Coding/Memoire 2023/Datasets/Brain-Tumor-Dataset-RAW/Cropped_Image_Sets/train/glioma_cropped/G249_cropped.jpg
416,G24_cropped,glioma_cropped,C:/Users/alime/Dropbox/PC/Documents/Coding/Memoire 2023/Datasets/Brain-Tumor-Dataset-RAW/Cropped_Image_Sets/train/glioma_cropped/G24_cropped.jpg
417,G250_cropped,glioma_cropped,C:/Users/alime/Dropbox/PC/Documents/Coding/Memoire 2023/Datasets/Brain-Tumor-Dataset-RAW/Cropped_Image_Sets/train/glioma_cropped/G250_cropped.jpg
418,G251_cropped,glioma_cropped,C:/Users/alime/Dropbox/PC/Documents/Coding/Memoire 2023/Datasets/Brain-Tumor-Dataset-RAW/Cropped_Image_Sets/train/glioma_cropped/G251_cropped.jpg
419,G253_cropped,glioma_cropped,C:/Users/alime/Dropbox/PC/Documents/Coding/Memoire 2023/Datasets/Brain-Tumor-Dataset-RAW/Cropped_Image_Sets/train/glioma_cropped/G253_cropped.jpg
420,G254_cropped,glioma_cropped,C:/Users/alime/Dropbox/PC/Documents/Coding/Memoire 2023/Datasets/Brain-Tumor-Dataset-RAW/Cropped_Image_Sets/train/glioma_cropped/G254_cropped.jpg
421,G255_cropped,glioma_cropped,C:/Users/alime/Dropbox/PC/Documents/Coding/Memoire 2023/Datasets/Brain-Tumor-Dataset-RAW/Cropped_Image_Sets/train/glioma_cropped/G255_cropped.jpg
422,G256_cropped,glioma_cropped,C:/Users/alime/Dropbox/PC/Documents/Coding/Memoire 2023/Datasets/Brain-Tumor-Dataset-RAW/Cropped_Image_Sets/train/glioma_cropped/G256_cropped.jpg
423,G257_cropped,glioma_cropped,C:/Users/alime/Dropbox/PC/Documents/Coding/Memoire 2023/Datasets/Brain-Tumor-Dataset-RAW/Cropped_Image_Sets/train/glioma_cropped/G257_cropped.jpg
424,G258_cropped,glioma_cropped,C:/Users/alime/Dropbox/PC/Documents/Coding/Memoire 2023/Datasets/Brain-Tumor-Dataset-RAW/Cropped_Image_Sets/train/glioma_cropped/G258_cropped.jpg
425,G259_cropped,glioma_cropped,C:/Users/alime/Dropbox/PC/Documents/Coding/Memoire 2023/Datasets/Brain-Tumor-Dataset-RAW/Cropped_Image_Sets/train/glioma_cropped/G259_cropped.jpg
426,G25_cropped,glioma_cropped,C:/Users/alime/Dropbox/PC/Documents/Coding/Memoire 2023/Datasets/Brain-Tumor-Dataset-RAW/Cropped_Image_Sets/train/glioma_cropped/G25_cropped.jpg
427,G260_cropped,glioma_cropped,C:/Users/alime/Dropbox/PC/Documents/Coding/Memoire 2023/Datasets/Brain-Tumor-Dataset-RAW/Cropped_Image_Sets/train/glioma_cropped/G260_cropped.jpg
428,G261_cropped,glioma_cropped,C:/Users/alime/Dropbox/PC/Documents/Coding/Memoire 2023/Datasets/Brain-Tumor-Dataset-RAW/Cropped_Image_Sets/train/glioma_cropped/G261_cropped.jpg
429,G263_cropped,glioma_cropped,C:/Users/alime/Dropbox/PC/Documents/Coding/Memoire 2023/Datasets/Brain-Tumor-Dataset-RAW/Cropped_Image_Sets/train/glioma_cropped/G263_cropped.jpg
430,G264_cropped,glioma_cropped,C:/Users/alime/Dropbox/PC/Documents/Coding/Memoire 2023/Datasets/Brain-Tumor-Dataset-RAW/Cropped_Image_Sets/train/glioma_cropped/G264_cropped.jpg
431,G265_cropped,glioma_cropped,C:/Users/alime/Dropbox/PC/Documents/Coding/Memoire 2023/Datasets/Brain-Tumor-Dataset-RAW/Cropped_Image_Sets/train/glioma_cropped/G265_cropped.jpg
432,G266_cropped,glioma_cropped,C:/Users/alime/Dropbox/PC/Documents/Coding/Memoire 2023/Datasets/Brain-Tumor-Dataset-RAW/Cropped_Image_Sets/train/glioma_cropped/G266_cropped.jpg
433,G267_cropped,glioma_cropped,C:/Users/alime/Dropbox/PC/Documents/Coding/Memoire 2023/Datasets/Brain-Tumor-Dataset-RAW/Cropped_Image_Sets/train/glioma_cropped/G267_cropped.jpg
434,G26_cropped,glioma_cropped,C:/Users/alime/Dropbox/PC/Documents/Coding/Memoire 2023/Datasets/Brain-Tumor-Dataset-RAW/Cropped_Image_Sets/train/glioma_cropped/G26_cropped.jpg
435,G271_cropped,glioma_cropped,C:/Users/alime/Dropbox/PC/Documents/Coding/Memoire 2023/Datasets/Brain-Tumor-Dataset-RAW/Cropped_Image_Sets/train/glioma_cropped/G271_cropped.jpg
436,G273_cropped,glioma_cropped,C:/Users/alime/Dropbox/PC/Documents/Coding/Memoire 2023/Datasets/Brain-Tumor-Dataset-RAW/Cropped_Image_Sets/train/glioma_cropped/G273_cropped.jpg
437,G274_cropped,glioma_cropped,C:/Users/alime/Dropbox/PC/Documents/Coding/Memoire 2023/Datasets/Brain-Tumor-Dataset-RAW/Cropped_Image_Sets/train/glioma_cropped/G274_cropped.jpg
438,G275_cropped,glioma_cropped,C:/Users/alime/Dropbox/PC/Documents/Coding/Memoire 2023/Datasets/Brain-Tumor-Dataset-RAW/Cropped_Image_Sets/train/glioma_cropped/G275_cropped.jpg
439,G276_cropped,glioma_cropped,C:/Users/alime/Dropbox/PC/Documents/Coding/Memoire 2023/Datasets/Brain-Tumor-Dataset-RAW/Cropped_Image_Sets/train/glioma_cropped/G276_cropped.jpg
440,G277_cropped,glioma_cropped,C:/Users/alime/Dropbox/PC/Documents/Coding/Memoire 2023/Datasets/Brain-Tumor-Dataset-RAW/Cropped_Image_Sets/train/glioma_cropped/G277_cropped.jpg
441,G278_cropped,glioma_cropped,C:/Users/alime/Dropbox/PC/Documents/Coding/Memoire 2023/Datasets/Brain-Tumor-Dataset-RAW/Cropped_Image_Sets/train/glioma_cropped/G278_cropped.jpg
442,G279_cropped,glioma_cropped,C:/Users/alime/Dropbox/PC/Documents/Coding/Memoire 2023/Datasets/Brain-Tumor-Dataset-RAW/Cropped_Image_Sets/train/glioma_cropped/G279_cropped.jpg
443,G280_cropped,glioma_cropped,C:/Users/alime/Dropbox/PC/Documents/Coding/Memoire 2023/Datasets/Brain-Tumor-Dataset-RAW/Cropped_Image_Sets/train/glioma_cropped/G280_cropped.jpg
444,G281_cropped,glioma_cropped,C:/Users/alime/Dropbox/PC/Documents/Coding/Memoire 2023/Datasets/Brain-Tumor-Dataset-RAW/Cropped_Image_Sets/train/glioma_cropped/G281_cropped.jpg
445,G285_cropped,glioma_cropped,C:/Users/alime/Dropbox/PC/Documents/Coding/Memoire 2023/Datasets/Brain-Tumor-Dataset-RAW/Cropped_Image_Sets/train/glioma_cropped/G285_cropped.jpg
446,G286_cropped,glioma_cropped,C:/Users/alime/Dropbox/PC/Documents/Coding/Memoire 2023/Datasets/Brain-Tumor-Dataset-RAW/Cropped_Image_Sets/train/glioma_cropped/G286_cropped.jpg
447,G287_cropped,glioma_cropped,C:/Users/alime/Dropbox/PC/Documents/Coding/Memoire 2023/Datasets/Brain-Tumor-Dataset-RAW/Cropped_Image_Sets/train/glioma_cropped/G287_cropped.jpg
448,G289_cropped,glioma_cropped,C:/Users/alime/Dropbox/PC/Documents/Coding/Memoire 2023/Datasets/Brain-Tumor-Dataset-RAW/Cropped_Image_Sets/train/glioma_cropped/G289_cropped.jpg
449,G290_cropped,glioma_cropped,C:/Users/alime/Dropbox/PC/Documents/Coding/Memoire 2023/Datasets/Brain-Tumor-Dataset-RAW/Cropped_Image_Sets/train/glioma_cropped/G290_cropped.jpg
450,G291_cropped,glioma_cropped,C:/Users/alime/Dropbox/PC/Documents/Coding/Memoire 2023/Datasets/Brain-Tumor-Dataset-RAW/Cropped_Image_Sets/train/glioma_cropped/G291_cropped.jpg
451,G292_cropped,glioma_cropped,C:/Users/alime/Dropbox/PC/Documents/Coding/Memoire 2023/Datasets/Brain-Tumor-Dataset-RAW/Cropped_Image_Sets/train/glioma_cropped/G292_cropped.jpg
452,G294_cropped,glioma_cropped,C:/Users/alime/Dropbox/PC/Documents/Coding/Memoire 2023/Datasets/Brain-Tumor-Dataset-RAW/Cropped_Image_Sets/train/glioma_cropped/G294_cropped.jpg
453,G297_cropped,glioma_cropped,C:/Users/alime/Dropbox/PC/Documents/Coding/Memoire 2023/Datasets/Brain-Tumor-Dataset-RAW/Cropped_Image_Sets/train/glioma_cropped/G297_cropped.jpg
454,G299_cropped,glioma_cropped,C:/Users/alime/Dropbox/PC/Documents/Coding/Memoire 2023/Datasets/Brain-Tumor-Dataset-RAW/Cropped_Image_Sets/train/glioma_cropped/G299_cropped.jpg
455,G2_cropped,glioma_cropped,C:/Users/alime/Dropbox/PC/Documents/Coding/Memoire 2023/Datasets/Brain-Tumor-Dataset-RAW/Cropped_Image_Sets/train/glioma_cropped/G2_cropped.jpg
456,G301_cropped,glioma_cropped,C:/Users/alime/Dropbox/PC/Documents/Coding/Memoire 2023/Datasets/Brain-Tumor-Dataset-RAW/Cropped_Image_Sets/train/glioma_cropped/G301_cropped.jpg
457,G302_cropped,glioma_cropped,C:/Users/alime/Dropbox/PC/Documents/Coding/Memoire 2023/Datasets/Brain-Tumor-Dataset-RAW/Cropped_Image_Sets/train/glioma_cropped/G302_cropped.jpg
458,G303_cropped,glioma_cropped,C:/Users/alime/Dropbox/PC/Documents/Coding/Memoire 2023/Datasets/Brain-Tumor-Dataset-RAW/Cropped_Image_Sets/train/glioma_cropped/G303_cropped.jpg
459,G304_cropped,glioma_cropped,C:/Users/alime/Dropbox/PC/Documents/Coding/Memoire 2023/Datasets/Brain-Tumor-Dataset-RAW/Cropped_Image_Sets/train/glioma_cropped/G304_cropped.jpg
460,G305_cropped,glioma_cropped,C:/Users/alime/Dropbox/PC/Documents/Coding/Memoire 2023/Datasets/Brain-Tumor-Dataset-RAW/Cropped_Image_Sets/train/glioma_cropped/G305_cropped.jpg
461,G306_cropped,glioma_cropped,C:/Users/alime/Dropbox/PC/Documents/Coding/Memoire 2023/Datasets/Brain-Tumor-Dataset-RAW/Cropped_Image_Sets/train/glioma_cropped/G306_cropped.jpg
462,G308_cropped,glioma_cropped,C:/Users/alime/Dropbox/PC/Documents/Coding/Memoire 2023/Datasets/Brain-Tumor-Dataset-RAW/Cropped_Image_Sets/train/glioma_cropped/G308_cropped.jpg
463,G30_cropped,glioma_cropped,C:/Users/alime/Dropbox/PC/Documents/Coding/Memoire 2023/Datasets/Brain-Tumor-Dataset-RAW/Cropped_Image_Sets/train/glioma_cropped/G30_cropped.jpg
464,G311_cropped,glioma_cropped,C:/Users/alime/Dropbox/PC/Documents/Coding/Memoire 2023/Datasets/Brain-Tumor-Dataset-RAW/Cropped_Image_Sets/train/glioma_cropped/G311_cropped.jpg
465,G312_cropped,glioma_cropped,C:/Users/alime/Dropbox/PC/Documents/Coding/Memoire 2023/Datasets/Brain-Tumor-Dataset-RAW/Cropped_Image_Sets/train/glioma_cropped/G312_cropped.jpg
466,G314_cropped,glioma_cropped,C:/Users/alime/Dropbox/PC/Documents/Coding/Memoire 2023/Datasets/Brain-Tumor-Dataset-RAW/Cropped_Image_Sets/train/glioma_cropped/G314_cropped.jpg
467,G315_cropped,glioma_cropped,C:/Users/alime/Dropbox/PC/Documents/Coding/Memoire 2023/Datasets/Brain-Tumor-Dataset-RAW/Cropped_Image_Sets/train/glioma_cropped/G315_cropped.jpg
468,G316_cropped,glioma_cropped,C:/Users/alime/Dropbox/PC/Documents/Coding/Memoire 2023/Datasets/Brain-Tumor-Dataset-RAW/Cropped_Image_Sets/train/glioma_cropped/G316_cropped.jpg
469,G318_cropped,glioma_cropped,C:/Users/alime/Dropbox/PC/Documents/Coding/Memoire 2023/Datasets/Brain-Tumor-Dataset-RAW/Cropped_Image_Sets/train/glioma_cropped/G318_cropped.jpg
470,G319_cropped,glioma_cropped,C:/Users/alime/Dropbox/PC/Documents/Coding/Memoire 2023/Datasets/Brain-Tumor-Dataset-RAW/Cropped_Image_Sets/train/glioma_cropped/G319_cropped.jpg
471,G31_cropped,glioma_cropped,C:/Users/alime/Dropbox/PC/Documents/Coding/Memoire 2023/Datasets/Brain-Tumor-Dataset-RAW/Cropped_Image_Sets/train/glioma_cropped/G31_cropped.jpg
472,G320_cropped,glioma_cropped,C:/Users/alime/Dropbox/PC/Documents/Coding/Memoire 2023/Datasets/Brain-Tumor-Dataset-RAW/Cropped_Image_Sets/train/glioma_cropped/G320_cropped.jpg
473,G322_cropped,glioma_cropped,C:/Users/alime/Dropbox/PC/Documents/Coding/Memoire 2023/Datasets/Brain-Tumor-Dataset-RAW/Cropped_Image_Sets/train/glioma_cropped/G322_cropped.jpg
474,G324_cropped,glioma_cropped,C:/Users/alime/Dropbox/PC/Documents/Coding/Memoire 2023/Datasets/Brain-Tumor-Dataset-RAW/Cropped_Image_Sets/train/glioma_cropped/G324_cropped.jpg
475,G325_cropped,glioma_cropped,C:/Users/alime/Dropbox/PC/Documents/Coding/Memoire 2023/Datasets/Brain-Tumor-Dataset-RAW/Cropped_Image_Sets/train/glioma_cropped/G325_cropped.jpg
476,G327_cropped,glioma_cropped,C:/Users/alime/Dropbox/PC/Documents/Coding/Memoire 2023/Datasets/Brain-Tumor-Dataset-RAW/Cropped_Image_Sets/train/glioma_cropped/G327_cropped.jpg
477,G328_cropped,glioma_cropped,C:/Users/alime/Dropbox/PC/Documents/Coding/Memoire 2023/Datasets/Brain-Tumor-Dataset-RAW/Cropped_Image_Sets/train/glioma_cropped/G328_cropped.jpg
478,G329_cropped,glioma_cropped,C:/Users/alime/Dropbox/PC/Documents/Coding/Memoire 2023/Datasets/Brain-Tumor-Dataset-RAW/Cropped_Image_Sets/train/glioma_cropped/G329_cropped.jpg
479,G330_cropped,glioma_cropped,C:/Users/alime/Dropbox/PC/Documents/Coding/Memoire 2023/Datasets/Brain-Tumor-Dataset-RAW/Cropped_Image_Sets/train/glioma_cropped/G330_cropped.jpg
480,G332_cropped,glioma_cropped,C:/Users/alime/Dropbox/PC/Documents/Coding/Memoire 2023/Datasets/Brain-Tumor-Dataset-RAW/Cropped_Image_Sets/train/glioma_cropped/G332_cropped.jpg
481,G333_cropped,glioma_cropped,C:/Users/alime/Dropbox/PC/Documents/Coding/Memoire 2023/Datasets/Brain-Tumor-Dataset-RAW/Cropped_Image_Sets/train/glioma_cropped/G333_cropped.jpg
482,G334_cropped,glioma_cropped,C:/Users/alime/Dropbox/PC/Documents/Coding/Memoire 2023/Datasets/Brain-Tumor-Dataset-RAW/Cropped_Image_Sets/train/glioma_cropped/G334_cropped.jpg
483,G335_cropped,glioma_cropped,C:/Users/alime/Dropbox/PC/Documents/Coding/Memoire 2023/Datasets/Brain-Tumor-Dataset-RAW/Cropped_Image_Sets/train/glioma_cropped/G335_cropped.jpg
484,G336_cropped,glioma_cropped,C:/Users/alime/Dropbox/PC/Documents/Coding/Memoire 2023/Datasets/Brain-Tumor-Dataset-RAW/Cropped_Image_Sets/train/glioma_cropped/G336_cropped.jpg
485,G337_cropped,glioma_cropped,C:/Users/alime/Dropbox/PC/Documents/Coding/Memoire 2023/Datasets/Brain-Tumor-Dataset-RAW/Cropped_Image_Sets/train/glioma_cropped/G337_cropped.jpg
486,G338_cropped,glioma_cropped,C:/Users/alime/Dropbox/PC/Documents/Coding/Memoire 2023/Datasets/Brain-Tumor-Dataset-RAW/Cropped_Image_Sets/train/glioma_cropped/G338_cropped.jpg
487,G339_cropped,glioma_cropped,C:/Users/alime/Dropbox/PC/Documents/Coding/Memoire 2023/Datasets/Brain-Tumor-Dataset-RAW/Cropped_Image_Sets/train/glioma_cropped/G339_cropped.jpg
488,G33_cropped,glioma_cropped,C:/Users/alime/Dropbox/PC/Documents/Coding/Memoire 2023/Datasets/Brain-Tumor-Dataset-RAW/Cropped_Image_Sets/train/glioma_cropped/G33_cropped.jpg
489,G341_cropped,glioma_cropped,C:/Users/alime/Dropbox/PC/Documents/Coding/Memoire 2023/Datasets/Brain-Tumor-Dataset-RAW/Cropped_Image_Sets/train/glioma_cropped/G341_cropped.jpg
490,G342_cropped,glioma_cropped,C:/Users/alime/Dropbox/PC/Documents/Coding/Memoire 2023/Datasets/Brain-Tumor-Dataset-RAW/Cropped_Image_Sets/train/glioma_cropped/G342_cropped.jpg
491,G344_cropped,glioma_cropped,C:/Users/alime/Dropbox/PC/Documents/Coding/Memoire 2023/Datasets/Brain-Tumor-Dataset-RAW/Cropped_Image_Sets/train/glioma_cropped/G344_cropped.jpg
492,G345_cropped,glioma_cropped,C:/Users/alime/Dropbox/PC/Documents/Coding/Memoire 2023/Datasets/Brain-Tumor-Dataset-RAW/Cropped_Image_Sets/train/glioma_cropped/G345_cropped.jpg
493,G346_cropped,glioma_cropped,C:/Users/alime/Dropbox/PC/Documents/Coding/Memoire 2023/Datasets/Brain-Tumor-Dataset-RAW/Cropped_Image_Sets/train/glioma_cropped/G346_cropped.jpg
494,G347_cropped,glioma_cropped,C:/Users/alime/Dropbox/PC/Documents/Coding/Memoire 2023/Datasets/Brain-Tumor-Dataset-RAW/Cropped_Image_Sets/train/glioma_cropped/G347_cropped.jpg
495,G349_cropped,glioma_cropped,C:/Users/alime/Dropbox/PC/Documents/Coding/Memoire 2023/Datasets/Brain-Tumor-Dataset-RAW/Cropped_Image_Sets/train/glioma_cropped/G349_cropped.jpg
496,G34_cropped,glioma_cropped,C:/Users/alime/Dropbox/PC/Documents/Coding/Memoire 2023/Datasets/Brain-Tumor-Dataset-RAW/Cropped_Image_Sets/train/glioma_cropped/G34_cropped.jpg
497,G350_cropped,glioma_cropped,C:/Users/alime/Dropbox/PC/Documents/Coding/Memoire 2023/Datasets/Brain-Tumor-Dataset-RAW/Cropped_Image_Sets/train/glioma_cropped/G350_cropped.jpg
498,G351_cropped,glioma_cropped,C:/Users/alime/Dropbox/PC/Documents/Coding/Memoire 2023/Datasets/Brain-Tumor-Dataset-RAW/Cropped_Image_Sets/train/glioma_cropped/G351_cropped.jpg
499,G352_cropped,glioma_cropped,C:/Users/alime/Dropbox/PC/Documents/Coding/Memoire 2023/Datasets/Brain-Tumor-Dataset-RAW/Cropped_Image_Sets/train/glioma_cropped/G352_cropped.jpg
500,G353_cropped,glioma_cropped,C:/Users/alime/Dropbox/PC/Documents/Coding/Memoire 2023/Datasets/Brain-Tumor-Dataset-RAW/Cropped_Image_Sets/train/glioma_cropped/G353_cropped.jpg
501,G354_cropped,glioma_cropped,C:/Users/alime/Dropbox/PC/Documents/Coding/Memoire 2023/Datasets/Brain-Tumor-Dataset-RAW/Cropped_Image_Sets/train/glioma_cropped/G354_cropped.jpg
502,G355_cropped,glioma_cropped,C:/Users/alime/Dropbox/PC/Documents/Coding/Memoire 2023/Datasets/Brain-Tumor-Dataset-RAW/Cropped_Image_Sets/train/glioma_cropped/G355_cropped.jpg
503,G356_cropped,glioma_cropped,C:/Users/alime/Dropbox/PC/Documents/Coding/Memoire 2023/Datasets/Brain-Tumor-Dataset-RAW/Cropped_Image_Sets/train/glioma_cropped/G356_cropped.jpg
504,G359_cropped,glioma_cropped,C:/Users/alime/Dropbox/PC/Documents/Coding/Memoire 2023/Datasets/Brain-Tumor-Dataset-RAW/Cropped_Image_Sets/train/glioma_cropped/G359_cropped.jpg
505,G35_cropped,glioma_cropped,C:/Users/alime/Dropbox/PC/Documents/Coding/Memoire 2023/Datasets/Brain-Tumor-Dataset-RAW/Cropped_Image_Sets/train/glioma_cropped/G35_cropped.jpg
506,G361_cropped,glioma_cropped,C:/Users/alime/Dropbox/PC/Documents/Coding/Memoire 2023/Datasets/Brain-Tumor-Dataset-RAW/Cropped_Image_Sets/train/glioma_cropped/G361_cropped.jpg
507,G362_cropped,glioma_cropped,C:/Users/alime/Dropbox/PC/Documents/Coding/Memoire 2023/Datasets/Brain-Tumor-Dataset-RAW/Cropped_Image_Sets/train/glioma_cropped/G362_cropped.jpg
508,G363_cropped,glioma_cropped,C:/Users/alime/Dropbox/PC/Documents/Coding/Memoire 2023/Datasets/Brain-Tumor-Dataset-RAW/Cropped_Image_Sets/train/glioma_cropped/G363_cropped.jpg
509,G364_cropped,glioma_cropped,C:/Users/alime/Dropbox/PC/Documents/Coding/Memoire 2023/Datasets/Brain-Tumor-Dataset-RAW/Cropped_Image_Sets/train/glioma_cropped/G364_cropped.jpg
510,G369_cropped,glioma_cropped,C:/Users/alime/Dropbox/PC/Documents/Coding/Memoire 2023/Datasets/Brain-Tumor-Dataset-RAW/Cropped_Image_Sets/train/glioma_cropped/G369_cropped.jpg
511,G36_cropped,glioma_cropped,C:/Users/alime/Dropbox/PC/Documents/Coding/Memoire 2023/Datasets/Brain-Tumor-Dataset-RAW/Cropped_Image_Sets/train/glioma_cropped/G36_cropped.jpg
512,G370_cropped,glioma_cropped,C:/Users/alime/Dropbox/PC/Documents/Coding/Memoire 2023/Datasets/Brain-Tumor-Dataset-RAW/Cropped_Image_Sets/train/glioma_cropped/G370_cropped.jpg
513,G371_cropped,glioma_cropped,C:/Users/alime/Dropbox/PC/Documents/Coding/Memoire 2023/Datasets/Brain-Tumor-Dataset-RAW/Cropped_Image_Sets/train/glioma_cropped/G371_cropped.jpg
514,G373_cropped,glioma_cropped,C:/Users/alime/Dropbox/PC/Documents/Coding/Memoire 2023/Datasets/Brain-Tumor-Dataset-RAW/Cropped_Image_Sets/train/glioma_cropped/G373_cropped.jpg
515,G374_cropped,glioma_cropped,C:/Users/alime/Dropbox/PC/Documents/Coding/Memoire 2023/Datasets/Brain-Tumor-Dataset-RAW/Cropped_Image_Sets/train/glioma_cropped/G374_cropped.jpg
516,G375_cropped,glioma_cropped,C:/Users/alime/Dropbox/PC/Documents/Coding/Memoire 2023/Datasets/Brain-Tumor-Dataset-RAW/Cropped_Image_Sets/train/glioma_cropped/G375_cropped.jpg
517,G376_cropped,glioma_cropped,C:/Users/alime/Dropbox/PC/Documents/Coding/Memoire 2023/Datasets/Brain-Tumor-Dataset-RAW/Cropped_Image_Sets/train/glioma_cropped/G376_cropped.jpg
518,G377_cropped,glioma_cropped,C:/Users/alime/Dropbox/PC/Documents/Coding/Memoire 2023/Datasets/Brain-Tumor-Dataset-RAW/Cropped_Image_Sets/train/glioma_cropped/G377_cropped.jpg
519,G379_cropped,glioma_cropped,C:/Users/alime/Dropbox/PC/Documents/Coding/Memoire 2023/Datasets/Brain-Tumor-Dataset-RAW/Cropped_Image_Sets/train/glioma_cropped/G379_cropped.jpg
520,G380_cropped,glioma_cropped,C:/Users/alime/Dropbox/PC/Documents/Coding/Memoire 2023/Datasets/Brain-Tumor-Dataset-RAW/Cropped_Image_Sets/train/glioma_cropped/G380_cropped.jpg
521,G383_cropped,glioma_cropped,C:/Users/alime/Dropbox/PC/Documents/Coding/Memoire 2023/Datasets/Brain-Tumor-Dataset-RAW/Cropped_Image_Sets/train/glioma_cropped/G383_cropped.jpg
522,G384_cropped,glioma_cropped,C:/Users/alime/Dropbox/PC/Documents/Coding/Memoire 2023/Datasets/Brain-Tumor-Dataset-RAW/Cropped_Image_Sets/train/glioma_cropped/G384_cropped.jpg
523,G385_cropped,glioma_cropped,C:/Users/alime/Dropbox/PC/Documents/Coding/Memoire 2023/Datasets/Brain-Tumor-Dataset-RAW/Cropped_Image_Sets/train/glioma_cropped/G385_cropped.jpg
524,G387_cropped,glioma_cropped,C:/Users/alime/Dropbox/PC/Documents/Coding/Memoire 2023/Datasets/Brain-Tumor-Dataset-RAW/Cropped_Image_Sets/train/glioma_cropped/G387_cropped.jpg
525,G388_cropped,glioma_cropped,C:/Users/alime/Dropbox/PC/Documents/Coding/Memoire 2023/Datasets/Brain-Tumor-Dataset-RAW/Cropped_Image_Sets/train/glioma_cropped/G388_cropped.jpg
526,G389_cropped,glioma_cropped,C:/Users/alime/Dropbox/PC/Documents/Coding/Memoire 2023/Datasets/Brain-Tumor-Dataset-RAW/Cropped_Image_Sets/train/glioma_cropped/G389_cropped.jpg
527,G390_cropped,glioma_cropped,C:/Users/alime/Dropbox/PC/Documents/Coding/Memoire 2023/Datasets/Brain-Tumor-Dataset-RAW/Cropped_Image_Sets/train/glioma_cropped/G390_cropped.jpg
528,G392_cropped,glioma_cropped,C:/Users/alime/Dropbox/PC/Documents/Coding/Memoire 2023/Datasets/Brain-Tumor-Dataset-RAW/Cropped_Image_Sets/train/glioma_cropped/G392_cropped.jpg
529,G394_cropped,glioma_cropped,C:/Users/alime/Dropbox/PC/Documents/Coding/Memoire 2023/Datasets/Brain-Tumor-Dataset-RAW/Cropped_Image_Sets/train/glioma_cropped/G394_cropped.jpg
530,G395_cropped,glioma_cropped,C:/Users/alime/Dropbox/PC/Documents/Coding/Memoire 2023/Datasets/Brain-Tumor-Dataset-RAW/Cropped_Image_Sets/train/glioma_cropped/G395_cropped.jpg
531,G396_cropped,glioma_cropped,C:/Users/alime/Dropbox/PC/Documents/Coding/Memoire 2023/Datasets/Brain-Tumor-Dataset-RAW/Cropped_Image_Sets/train/glioma_cropped/G396_cropped.jpg
532,G397_cropped,glioma_cropped,C:/Users/alime/Dropbox/PC/Documents/Coding/Memoire 2023/Datasets/Brain-Tumor-Dataset-RAW/Cropped_Image_Sets/train/glioma_cropped/G397_cropped.jpg
533,G398_cropped,glioma_cropped,C:/Users/alime/Dropbox/PC/Documents/Coding/Memoire 2023/Datasets/Brain-Tumor-Dataset-RAW/Cropped_Image_Sets/train/glioma_cropped/G398_cropped.jpg
534,G399_cropped,glioma_cropped,C:/Users/alime/Dropbox/PC/Documents/Coding/Memoire 2023/Datasets/Brain-Tumor-Dataset-RAW/Cropped_Image_Sets/train/glioma_cropped/G399_cropped.jpg
535,G39_cropped,glioma_cropped,C:/Users/alime/Dropbox/PC/Documents/Coding/Memoire 2023/Datasets/Brain-Tumor-Dataset-RAW/Cropped_Image_Sets/train/glioma_cropped/G39_cropped.jpg
536,G3_cropped,glioma_cropped,C:/Users/alime/Dropbox/PC/Documents/Coding/Memoire 2023/Datasets/Brain-Tumor-Dataset-RAW/Cropped_Image_Sets/train/glioma_cropped/G3_cropped.jpg
537,G402_cropped,glioma_cropped,C:/Users/alime/Dropbox/PC/Documents/Coding/Memoire 2023/Datasets/Brain-Tumor-Dataset-RAW/Cropped_Image_Sets/train/glioma_cropped/G402_cropped.jpg
538,G403_cropped,glioma_cropped,C:/Users/alime/Dropbox/PC/Documents/Coding/Memoire 2023/Datasets/Brain-Tumor-Dataset-RAW/Cropped_Image_Sets/train/glioma_cropped/G403_cropped.jpg
539,G405_cropped,glioma_cropped,C:/Users/alime/Dropbox/PC/Documents/Coding/Memoire 2023/Datasets/Brain-Tumor-Dataset-RAW/Cropped_Image_Sets/train/glioma_cropped/G405_cropped.jpg
540,G407_cropped,glioma_cropped,C:/Users/alime/Dropbox/PC/Documents/Coding/Memoire 2023/Datasets/Brain-Tumor-Dataset-RAW/Cropped_Image_Sets/train/glioma_cropped/G407_cropped.jpg
541,G408_cropped,glioma_cropped,C:/Users/alime/Dropbox/PC/Documents/Coding/Memoire 2023/Datasets/Brain-Tumor-Dataset-RAW/Cropped_Image_Sets/train/glioma_cropped/G408_cropped.jpg
542,G409_cropped,glioma_cropped,C:/Users/alime/Dropbox/PC/Documents/Coding/Memoire 2023/Datasets/Brain-Tumor-Dataset-RAW/Cropped_Image_Sets/train/glioma_cropped/G409_cropped.jpg
543,G40_cropped,glioma_cropped,C:/Users/alime/Dropbox/PC/Documents/Coding/Memoire 2023/Datasets/Brain-Tumor-Dataset-RAW/Cropped_Image_Sets/train/glioma_cropped/G40_cropped.jpg
544,G410_cropped,glioma_cropped,C:/Users/alime/Dropbox/PC/Documents/Coding/Memoire 2023/Datasets/Brain-Tumor-Dataset-RAW/Cropped_Image_Sets/train/glioma_cropped/G410_cropped.jpg
545,G411_cropped,glioma_cropped,C:/Users/alime/Dropbox/PC/Documents/Coding/Memoire 2023/Datasets/Brain-Tumor-Dataset-RAW/Cropped_Image_Sets/train/glioma_cropped/G411_cropped.jpg
546,G412_cropped,glioma_cropped,C:/Users/alime/Dropbox/PC/Documents/Coding/Memoire 2023/Datasets/Brain-Tumor-Dataset-RAW/Cropped_Image_Sets/train/glioma_cropped/G412_cropped.jpg
547,G413_cropped,glioma_cropped,C:/Users/alime/Dropbox/PC/Documents/Coding/Memoire 2023/Datasets/Brain-Tumor-Dataset-RAW/Cropped_Image_Sets/train/glioma_cropped/G413_cropped.jpg
548,G416_cropped,glioma_cropped,C:/Users/alime/Dropbox/PC/Documents/Coding/Memoire 2023/Datasets/Brain-Tumor-Dataset-RAW/Cropped_Image_Sets/train/glioma_cropped/G416_cropped.jpg
549,G419_cropped,glioma_cropped,C:/Users/alime/Dropbox/PC/Documents/Coding/Memoire 2023/Datasets/Brain-Tumor-Dataset-RAW/Cropped_Image_Sets/train/glioma_cropped/G419_cropped.jpg
550,G41_cropped,glioma_cropped,C:/Users/alime/Dropbox/PC/Documents/Coding/Memoire 2023/Datasets/Brain-Tumor-Dataset-RAW/Cropped_Image_Sets/train/glioma_cropped/G41_cropped.jpg
551,G420_cropped,glioma_cropped,C:/Users/alime/Dropbox/PC/Documents/Coding/Memoire 2023/Datasets/Brain-Tumor-Dataset-RAW/Cropped_Image_Sets/train/glioma_cropped/G420_cropped.jpg
552,G421_cropped,glioma_cropped,C:/Users/alime/Dropbox/PC/Documents/Coding/Memoire 2023/Datasets/Brain-Tumor-Dataset-RAW/Cropped_Image_Sets/train/glioma_cropped/G421_cropped.jpg
553,G422_cropped,glioma_cropped,C:/Users/alime/Dropbox/PC/Documents/Coding/Memoire 2023/Datasets/Brain-Tumor-Dataset-RAW/Cropped_Image_Sets/train/glioma_cropped/G422_cropped.jpg
554,G424_cropped,glioma_cropped,C:/Users/alime/Dropbox/PC/Documents/Coding/Memoire 2023/Datasets/Brain-Tumor-Dataset-RAW/Cropped_Image_Sets/train/glioma_cropped/G424_cropped.jpg
555,G425_cropped,glioma_cropped,C:/Users/alime/Dropbox/PC/Documents/Coding/Memoire 2023/Datasets/Brain-Tumor-Dataset-RAW/Cropped_Image_Sets/train/glioma_cropped/G425_cropped.jpg
556,G426_cropped,glioma_cropped,C:/Users/alime/Dropbox/PC/Documents/Coding/Memoire 2023/Datasets/Brain-Tumor-Dataset-RAW/Cropped_Image_Sets/train/glioma_cropped/G426_cropped.jpg
557,G428_cropped,glioma_cropped,C:/Users/alime/Dropbox/PC/Documents/Coding/Memoire 2023/Datasets/Brain-Tumor-Dataset-RAW/Cropped_Image_Sets/train/glioma_cropped/G428_cropped.jpg
558,G42_cropped,glioma_cropped,C:/Users/alime/Dropbox/PC/Documents/Coding/Memoire 2023/Datasets/Brain-Tumor-Dataset-RAW/Cropped_Image_Sets/train/glioma_cropped/G42_cropped.jpg
559,G430_cropped,glioma_cropped,C:/Users/alime/Dropbox/PC/Documents/Coding/Memoire 2023/Datasets/Brain-Tumor-Dataset-RAW/Cropped_Image_Sets/train/glioma_cropped/G430_cropped.jpg
560,G431_cropped,glioma_cropped,C:/Users/alime/Dropbox/PC/Documents/Coding/Memoire 2023/Datasets/Brain-Tumor-Dataset-RAW/Cropped_Image_Sets/train/glioma_cropped/G431_cropped.jpg
561,G432_cropped,glioma_cropped,C:/Users/alime/Dropbox/PC/Documents/Coding/Memoire 2023/Datasets/Brain-Tumor-Dataset-RAW/Cropped_Image_Sets/train/glioma_cropped/G432_cropped.jpg
562,G434_cropped,glioma_cropped,C:/Users/alime/Dropbox/PC/Documents/Coding/Memoire 2023/Datasets/Brain-Tumor-Dataset-RAW/Cropped_Image_Sets/train/glioma_cropped/G434_cropped.jpg
563,G435_cropped,glioma_cropped,C:/Users/alime/Dropbox/PC/Documents/Coding/Memoire 2023/Datasets/Brain-Tumor-Dataset-RAW/Cropped_Image_Sets/train/glioma_cropped/G435_cropped.jpg
564,G436_cropped,glioma_cropped,C:/Users/alime/Dropbox/PC/Documents/Coding/Memoire 2023/Datasets/Brain-Tumor-Dataset-RAW/Cropped_Image_Sets/train/glioma_cropped/G436_cropped.jpg
565,G437_cropped,glioma_cropped,C:/Users/alime/Dropbox/PC/Documents/Coding/Memoire 2023/Datasets/Brain-Tumor-Dataset-RAW/Cropped_Image_Sets/train/glioma_cropped/G437_cropped.jpg
566,G43_cropped,glioma_cropped,C:/Users/alime/Dropbox/PC/Documents/Coding/Memoire 2023/Datasets/Brain-Tumor-Dataset-RAW/Cropped_Image_Sets/train/glioma_cropped/G43_cropped.jpg
567,G441_cropped,glioma_cropped,C:/Users/alime/Dropbox/PC/Documents/Coding/Memoire 2023/Datasets/Brain-Tumor-Dataset-RAW/Cropped_Image_Sets/train/glioma_cropped/G441_cropped.jpg
568,G442_cropped,glioma_cropped,C:/Users/alime/Dropbox/PC/Documents/Coding/Memoire 2023/Datasets/Brain-Tumor-Dataset-RAW/Cropped_Image_Sets/train/glioma_cropped/G442_cropped.jpg
569,G443_cropped,glioma_cropped,C:/Users/alime/Dropbox/PC/Documents/Coding/Memoire 2023/Datasets/Brain-Tumor-Dataset-RAW/Cropped_Image_Sets/train/glioma_cropped/G443_cropped.jpg
570,G444_cropped,glioma_cropped,C:/Users/alime/Dropbox/PC/Documents/Coding/Memoire 2023/Datasets/Brain-Tumor-Dataset-RAW/Cropped_Image_Sets/train/glioma_cropped/G444_cropped.jpg
571,G445_cropped,glioma_cropped,C:/Users/alime/Dropbox/PC/Documents/Coding/Memoire 2023/Datasets/Brain-Tumor-Dataset-RAW/Cropped_Image_Sets/train/glioma_cropped/G445_cropped.jpg
572,G446_cropped,glioma_cropped,C:/Users/alime/Dropbox/PC/Documents/Coding/Memoire 2023/Datasets/Brain-Tumor-Dataset-RAW/Cropped_Image_Sets/train/glioma_cropped/G446_cropped.jpg
573,G447_cropped,glioma_cropped,C:/Users/alime/Dropbox/PC/Documents/Coding/Memoire 2023/Datasets/Brain-Tumor-Dataset-RAW/Cropped_Image_Sets/train/glioma_cropped/G447_cropped.jpg
574,G448_cropped,glioma_cropped,C:/Users/alime/Dropbox/PC/Documents/Coding/Memoire 2023/Datasets/Brain-Tumor-Dataset-RAW/Cropped_Image_Sets/train/glioma_cropped/G448_cropped.jpg
575,G44_cropped,glioma_cropped,C:/Users/alime/Dropbox/PC/Documents/Coding/Memoire 2023/Datasets/Brain-Tumor-Dataset-RAW/Cropped_Image_Sets/train/glioma_cropped/G44_cropped.jpg
576,G453_cropped,glioma_cropped,C:/Users/alime/Dropbox/PC/Documents/Coding/Memoire 2023/Datasets/Brain-Tumor-Dataset-RAW/Cropped_Image_Sets/train/glioma_cropped/G453_cropped.jpg
577,G454_cropped,glioma_cropped,C:/Users/alime/Dropbox/PC/Documents/Coding/Memoire 2023/Datasets/Brain-Tumor-Dataset-RAW/Cropped_Image_Sets/train/glioma_cropped/G454_cropped.jpg
578,G455_cropped,glioma_cropped,C:/Users/alime/Dropbox/PC/Documents/Coding/Memoire 2023/Datasets/Brain-Tumor-Dataset-RAW/Cropped_Image_Sets/train/glioma_cropped/G455_cropped.jpg
579,G456_cropped,glioma_cropped,C:/Users/alime/Dropbox/PC/Documents/Coding/Memoire 2023/Datasets/Brain-Tumor-Dataset-RAW/Cropped_Image_Sets/train/glioma_cropped/G456_cropped.jpg
580,G457_cropped,glioma_cropped,C:/Users/alime/Dropbox/PC/Documents/Coding/Memoire 2023/Datasets/Brain-Tumor-Dataset-RAW/Cropped_Image_Sets/train/glioma_cropped/G457_cropped.jpg
581,G45_cropped,glioma_cropped,C:/Users/alime/Dropbox/PC/Documents/Coding/Memoire 2023/Datasets/Brain-Tumor-Dataset-RAW/Cropped_Image_Sets/train/glioma_cropped/G45_cropped.jpg
582,G461_cropped,glioma_cropped,C:/Users/alime/Dropbox/PC/Documents/Coding/Memoire 2023/Datasets/Brain-Tumor-Dataset-RAW/Cropped_Image_Sets/train/glioma_cropped/G461_cropped.jpg
583,G463_cropped,glioma_cropped,C:/Users/alime/Dropbox/PC/Documents/Coding/Memoire 2023/Datasets/Brain-Tumor-Dataset-RAW/Cropped_Image_Sets/train/glioma_cropped/G463_cropped.jpg
584,G464_cropped,glioma_cropped,C:/Users/alime/Dropbox/PC/Documents/Coding/Memoire 2023/Datasets/Brain-Tumor-Dataset-RAW/Cropped_Image_Sets/train/glioma_cropped/G464_cropped.jpg
585,G466_cropped,glioma_cropped,C:/Users/alime/Dropbox/PC/Documents/Coding/Memoire 2023/Datasets/Brain-Tumor-Dataset-RAW/Cropped_Image_Sets/train/glioma_cropped/G466_cropped.jpg
586,G467_cropped,glioma_cropped,C:/Users/alime/Dropbox/PC/Documents/Coding/Memoire 2023/Datasets/Brain-Tumor-Dataset-RAW/Cropped_Image_Sets/train/glioma_cropped/G467_cropped.jpg
587,G469_cropped,glioma_cropped,C:/Users/alime/Dropbox/PC/Documents/Coding/Memoire 2023/Datasets/Brain-Tumor-Dataset-RAW/Cropped_Image_Sets/train/glioma_cropped/G469_cropped.jpg
588,G46_cropped,glioma_cropped,C:/Users/alime/Dropbox/PC/Documents/Coding/Memoire 2023/Datasets/Brain-Tumor-Dataset-RAW/Cropped_Image_Sets/train/glioma_cropped/G46_cropped.jpg
589,G471_cropped,glioma_cropped,C:/Users/alime/Dropbox/PC/Documents/Coding/Memoire 2023/Datasets/Brain-Tumor-Dataset-RAW/Cropped_Image_Sets/train/glioma_cropped/G471_cropped.jpg
590,G472_cropped,glioma_cropped,C:/Users/alime/Dropbox/PC/Documents/Coding/Memoire 2023/Datasets/Brain-Tumor-Dataset-RAW/Cropped_Image_Sets/train/glioma_cropped/G472_cropped.jpg
591,G473_cropped,glioma_cropped,C:/Users/alime/Dropbox/PC/Documents/Coding/Memoire 2023/Datasets/Brain-Tumor-Dataset-RAW/Cropped_Image_Sets/train/glioma_cropped/G473_cropped.jpg
592,G474_cropped,glioma_cropped,C:/Users/alime/Dropbox/PC/Documents/Coding/Memoire 2023/Datasets/Brain-Tumor-Dataset-RAW/Cropped_Image_Sets/train/glioma_cropped/G474_cropped.jpg
593,G475_cropped,glioma_cropped,C:/Users/alime/Dropbox/PC/Documents/Coding/Memoire 2023/Datasets/Brain-Tumor-Dataset-RAW/Cropped_Image_Sets/train/glioma_cropped/G475_cropped.jpg
594,G476_cropped,glioma_cropped,C:/Users/alime/Dropbox/PC/Documents/Coding/Memoire 2023/Datasets/Brain-Tumor-Dataset-RAW/Cropped_Image_Sets/train/glioma_cropped/G476_cropped.jpg
595,G477_cropped,glioma_cropped,C:/Users/alime/Dropbox/PC/Documents/Coding/Memoire 2023/Datasets/Brain-Tumor-Dataset-RAW/Cropped_Image_Sets/train/glioma_cropped/G477_cropped.jpg
596,G478_cropped,glioma_cropped,C:/Users/alime/Dropbox/PC/Documents/Coding/Memoire 2023/Datasets/Brain-Tumor-Dataset-RAW/Cropped_Image_Sets/train/glioma_cropped/G478_cropped.jpg
597,G479_cropped,glioma_cropped,C:/Users/alime/Dropbox/PC/Documents/Coding/Memoire 2023/Datasets/Brain-Tumor-Dataset-RAW/Cropped_Image_Sets/train/glioma_cropped/G479_cropped.jpg
598,G47_cropped,glioma_cropped,C:/Users/alime/Dropbox/PC/Documents/Coding/Memoire 2023/Datasets/Brain-Tumor-Dataset-RAW/Cropped_Image_Sets/train/glioma_cropped/G47_cropped.jpg
599,G481_cropped,glioma_cropped,C:/Users/alime/Dropbox/PC/Documents/Coding/Memoire 2023/Datasets/Brain-Tumor-Dataset-RAW/Cropped_Image_Sets/train/glioma_cropped/G481_cropped.jpg
600,G482_cropped,glioma_cropped,C:/Users/alime/Dropbox/PC/Documents/Coding/Memoire 2023/Datasets/Brain-Tumor-Dataset-RAW/Cropped_Image_Sets/train/glioma_cropped/G482_cropped.jpg
601,G485_cropped,glioma_cropped,C:/Users/alime/Dropbox/PC/Documents/Coding/Memoire 2023/Datasets/Brain-Tumor-Dataset-RAW/Cropped_Image_Sets/train/glioma_cropped/G485_cropped.jpg
602,G486_cropped,glioma_cropped,C:/Users/alime/Dropbox/PC/Documents/Coding/Memoire 2023/Datasets/Brain-Tumor-Dataset-RAW/Cropped_Image_Sets/train/glioma_cropped/G486_cropped.jpg
603,G488_cropped,glioma_cropped,C:/Users/alime/Dropbox/PC/Documents/Coding/Memoire 2023/Datasets/Brain-Tumor-Dataset-RAW/Cropped_Image_Sets/train/glioma_cropped/G488_cropped.jpg
604,G489_cropped,glioma_cropped,C:/Users/alime/Dropbox/PC/Documents/Coding/Memoire 2023/Datasets/Brain-Tumor-Dataset-RAW/Cropped_Image_Sets/train/glioma_cropped/G489_cropped.jpg
605,G48_cropped,glioma_cropped,C:/Users/alime/Dropbox/PC/Documents/Coding/Memoire 2023/Datasets/Brain-Tumor-Dataset-RAW/Cropped_Image_Sets/train/glioma_cropped/G48_cropped.jpg
606,G490_cropped,glioma_cropped,C:/Users/alime/Dropbox/PC/Documents/Coding/Memoire 2023/Datasets/Brain-Tumor-Dataset-RAW/Cropped_Image_Sets/train/glioma_cropped/G490_cropped.jpg
607,G491_cropped,glioma_cropped,C:/Users/alime/Dropbox/PC/Documents/Coding/Memoire 2023/Datasets/Brain-Tumor-Dataset-RAW/Cropped_Image_Sets/train/glioma_cropped/G491_cropped.jpg
608,G493_cropped,glioma_cropped,C:/Users/alime/Dropbox/PC/Documents/Coding/Memoire 2023/Datasets/Brain-Tumor-Dataset-RAW/Cropped_Image_Sets/train/glioma_cropped/G493_cropped.jpg
609,G496_cropped,glioma_cropped,C:/Users/alime/Dropbox/PC/Documents/Coding/Memoire 2023/Datasets/Brain-Tumor-Dataset-RAW/Cropped_Image_Sets/train/glioma_cropped/G496_cropped.jpg
610,G497_cropped,glioma_cropped,C:/Users/alime/Dropbox/PC/Documents/Coding/Memoire 2023/Datasets/Brain-Tumor-Dataset-RAW/Cropped_Image_Sets/train/glioma_cropped/G497_cropped.jpg
611,G498_cropped,glioma_cropped,C:/Users/alime/Dropbox/PC/Documents/Coding/Memoire 2023/Datasets/Brain-Tumor-Dataset-RAW/Cropped_Image_Sets/train/glioma_cropped/G498_cropped.jpg
612,G499_cropped,glioma_cropped,C:/Users/alime/Dropbox/PC/Documents/Coding/Memoire 2023/Datasets/Brain-Tumor-Dataset-RAW/Cropped_Image_Sets/train/glioma_cropped/G499_cropped.jpg
613,G49_cropped,glioma_cropped,C:/Users/alime/Dropbox/PC/Documents/Coding/Memoire 2023/Datasets/Brain-Tumor-Dataset-RAW/Cropped_Image_Sets/train/glioma_cropped/G49_cropped.jpg
614,G501_cropped,glioma_cropped,C:/Users/alime/Dropbox/PC/Documents/Coding/Memoire 2023/Datasets/Brain-Tumor-Dataset-RAW/Cropped_Image_Sets/train/glioma_cropped/G501_cropped.jpg
615,G504_cropped,glioma_cropped,C:/Users/alime/Dropbox/PC/Documents/Coding/Memoire 2023/Datasets/Brain-Tumor-Dataset-RAW/Cropped_Image_Sets/train/glioma_cropped/G504_cropped.jpg
616,G505_cropped,glioma_cropped,C:/Users/alime/Dropbox/PC/Documents/Coding/Memoire 2023/Datasets/Brain-Tumor-Dataset-RAW/Cropped_Image_Sets/train/glioma_cropped/G505_cropped.jpg
617,G506_cropped,glioma_cropped,C:/Users/alime/Dropbox/PC/Documents/Coding/Memoire 2023/Datasets/Brain-Tumor-Dataset-RAW/Cropped_Image_Sets/train/glioma_cropped/G506_cropped.jpg
618,G507_cropped,glioma_cropped,C:/Users/alime/Dropbox/PC/Documents/Coding/Memoire 2023/Datasets/Brain-Tumor-Dataset-RAW/Cropped_Image_Sets/train/glioma_cropped/G507_cropped.jpg
619,G510_cropped,glioma_cropped,C:/Users/alime/Dropbox/PC/Documents/Coding/Memoire 2023/Datasets/Brain-Tumor-Dataset-RAW/Cropped_Image_Sets/train/glioma_cropped/G510_cropped.jpg
620,G511_cropped,glioma_cropped,C:/Users/alime/Dropbox/PC/Documents/Coding/Memoire 2023/Datasets/Brain-Tumor-Dataset-RAW/Cropped_Image_Sets/train/glioma_cropped/G511_cropped.jpg
621,G512_cropped,glioma_cropped,C:/Users/alime/Dropbox/PC/Documents/Coding/Memoire 2023/Datasets/Brain-Tumor-Dataset-RAW/Cropped_Image_Sets/train/glioma_cropped/G512_cropped.jpg
622,G514_cropped,glioma_cropped,C:/Users/alime/Dropbox/PC/Documents/Coding/Memoire 2023/Datasets/Brain-Tumor-Dataset-RAW/Cropped_Image_Sets/train/glioma_cropped/G514_cropped.jpg
623,G515_cropped,glioma_cropped,C:/Users/alime/Dropbox/PC/Documents/Coding/Memoire 2023/Datasets/Brain-Tumor-Dataset-RAW/Cropped_Image_Sets/train/glioma_cropped/G515_cropped.jpg
624,G517_cropped,glioma_cropped,C:/Users/alime/Dropbox/PC/Documents/Coding/Memoire 2023/Datasets/Brain-Tumor-Dataset-RAW/Cropped_Image_Sets/train/glioma_cropped/G517_cropped.jpg
625,G518_cropped,glioma_cropped,C:/Users/alime/Dropbox/PC/Documents/Coding/Memoire 2023/Datasets/Brain-Tumor-Dataset-RAW/Cropped_Image_Sets/train/glioma_cropped/G518_cropped.jpg
626,G519_cropped,glioma_cropped,C:/Users/alime/Dropbox/PC/Documents/Coding/Memoire 2023/Datasets/Brain-Tumor-Dataset-RAW/Cropped_Image_Sets/train/glioma_cropped/G519_cropped.jpg
627,G51_cropped,glioma_cropped,C:/Users/alime/Dropbox/PC/Documents/Coding/Memoire 2023/Datasets/Brain-Tumor-Dataset-RAW/Cropped_Image_Sets/train/glioma_cropped/G51_cropped.jpg
628,G524_cropped,glioma_cropped,C:/Users/alime/Dropbox/PC/Documents/Coding/Memoire 2023/Datasets/Brain-Tumor-Dataset-RAW/Cropped_Image_Sets/train/glioma_cropped/G524_cropped.jpg
629,G525_cropped,glioma_cropped,C:/Users/alime/Dropbox/PC/Documents/Coding/Memoire 2023/Datasets/Brain-Tumor-Dataset-RAW/Cropped_Image_Sets/train/glioma_cropped/G525_cropped.jpg
630,G526_cropped,glioma_cropped,C:/Users/alime/Dropbox/PC/Documents/Coding/Memoire 2023/Datasets/Brain-Tumor-Dataset-RAW/Cropped_Image_Sets/train/glioma_cropped/G526_cropped.jpg
631,G52_cropped,glioma_cropped,C:/Users/alime/Dropbox/PC/Documents/Coding/Memoire 2023/Datasets/Brain-Tumor-Dataset-RAW/Cropped_Image_Sets/train/glioma_cropped/G52_cropped.jpg
632,G530_cropped,glioma_cropped,C:/Users/alime/Dropbox/PC/Documents/Coding/Memoire 2023/Datasets/Brain-Tumor-Dataset-RAW/Cropped_Image_Sets/train/glioma_cropped/G530_cropped.jpg
633,G531_cropped,glioma_cropped,C:/Users/alime/Dropbox/PC/Documents/Coding/Memoire 2023/Datasets/Brain-Tumor-Dataset-RAW/Cropped_Image_Sets/train/glioma_cropped/G531_cropped.jpg
634,G534_cropped,glioma_cropped,C:/Users/alime/Dropbox/PC/Documents/Coding/Memoire 2023/Datasets/Brain-Tumor-Dataset-RAW/Cropped_Image_Sets/train/glioma_cropped/G534_cropped.jpg
635,G536_cropped,glioma_cropped,C:/Users/alime/Dropbox/PC/Documents/Coding/Memoire 2023/Datasets/Brain-Tumor-Dataset-RAW/Cropped_Image_Sets/train/glioma_cropped/G536_cropped.jpg
636,G537_cropped,glioma_cropped,C:/Users/alime/Dropbox/PC/Documents/Coding/Memoire 2023/Datasets/Brain-Tumor-Dataset-RAW/Cropped_Image_Sets/train/glioma_cropped/G537_cropped.jpg
637,G538_cropped,glioma_cropped,C:/Users/alime/Dropbox/PC/Documents/Coding/Memoire 2023/Datasets/Brain-Tumor-Dataset-RAW/Cropped_Image_Sets/train/glioma_cropped/G538_cropped.jpg
638,G539_cropped,glioma_cropped,C:/Users/alime/Dropbox/PC/Documents/Coding/Memoire 2023/Datasets/Brain-Tumor-Dataset-RAW/Cropped_Image_Sets/train/glioma_cropped/G539_cropped.jpg
639,G53_cropped,glioma_cropped,C:/Users/alime/Dropbox/PC/Documents/Coding/Memoire 2023/Datasets/Brain-Tumor-Dataset-RAW/Cropped_Image_Sets/train/glioma_cropped/G53_cropped.jpg
640,G540_cropped,glioma_cropped,C:/Users/alime/Dropbox/PC/Documents/Coding/Memoire 2023/Datasets/Brain-Tumor-Dataset-RAW/Cropped_Image_Sets/train/glioma_cropped/G540_cropped.jpg
641,G541_cropped,glioma_cropped,C:/Users/alime/Dropbox/PC/Documents/Coding/Memoire 2023/Datasets/Brain-Tumor-Dataset-RAW/Cropped_Image_Sets/train/glioma_cropped/G541_cropped.jpg
642,G543_cropped,glioma_cropped,C:/Users/alime/Dropbox/PC/Documents/Coding/Memoire 2023/Datasets/Brain-Tumor-Dataset-RAW/Cropped_Image_Sets/train/glioma_cropped/G543_cropped.jpg
643,G544_cropped,glioma_cropped,C:/Users/alime/Dropbox/PC/Documents/Coding/Memoire 2023/Datasets/Brain-Tumor-Dataset-RAW/Cropped_Image_Sets/train/glioma_cropped/G544_cropped.jpg
644,G545_cropped,glioma_cropped,C:/Users/alime/Dropbox/PC/Documents/Coding/Memoire 2023/Datasets/Brain-Tumor-Dataset-RAW/Cropped_Image_Sets/train/glioma_cropped/G545_cropped.jpg
645,G546_cropped,glioma_cropped,C:/Users/alime/Dropbox/PC/Documents/Coding/Memoire 2023/Datasets/Brain-Tumor-Dataset-RAW/Cropped_Image_Sets/train/glioma_cropped/G546_cropped.jpg
646,G547_cropped,glioma_cropped,C:/Users/alime/Dropbox/PC/Documents/Coding/Memoire 2023/Datasets/Brain-Tumor-Dataset-RAW/Cropped_Image_Sets/train/glioma_cropped/G547_cropped.jpg
647,G548_cropped,glioma_cropped,C:/Users/alime/Dropbox/PC/Documents/Coding/Memoire 2023/Datasets/Brain-Tumor-Dataset-RAW/Cropped_Image_Sets/train/glioma_cropped/G548_cropped.jpg
648,G549_cropped,glioma_cropped,C:/Users/alime/Dropbox/PC/Documents/Coding/Memoire 2023/Datasets/Brain-Tumor-Dataset-RAW/Cropped_Image_Sets/train/glioma_cropped/G549_cropped.jpg
649,G54_cropped,glioma_cropped,C:/Users/alime/Dropbox/PC/Documents/Coding/Memoire 2023/Datasets/Brain-Tumor-Dataset-RAW/Cropped_Image_Sets/train/glioma_cropped/G54_cropped.jpg
650,G551_cropped,glioma_cropped,C:/Users/alime/Dropbox/PC/Documents/Coding/Memoire 2023/Datasets/Brain-Tumor-Dataset-RAW/Cropped_Image_Sets/train/glioma_cropped/G551_cropped.jpg
651,G552_cropped,glioma_cropped,C:/Users/alime/Dropbox/PC/Documents/Coding/Memoire 2023/Datasets/Brain-Tumor-Dataset-RAW/Cropped_Image_Sets/train/glioma_cropped/G552_cropped.jpg
652,G553_cropped,glioma_cropped,C:/Users/alime/Dropbox/PC/Documents/Coding/Memoire 2023/Datasets/Brain-Tumor-Dataset-RAW/Cropped_Image_Sets/train/glioma_cropped/G553_cropped.jpg
653,G554_cropped,glioma_cropped,C:/Users/alime/Dropbox/PC/Documents/Coding/Memoire 2023/Datasets/Brain-Tumor-Dataset-RAW/Cropped_Image_Sets/train/glioma_cropped/G554_cropped.jpg
654,G555_cropped,glioma_cropped,C:/Users/alime/Dropbox/PC/Documents/Coding/Memoire 2023/Datasets/Brain-Tumor-Dataset-RAW/Cropped_Image_Sets/train/glioma_cropped/G555_cropped.jpg
655,G557_cropped,glioma_cropped,C:/Users/alime/Dropbox/PC/Documents/Coding/Memoire 2023/Datasets/Brain-Tumor-Dataset-RAW/Cropped_Image_Sets/train/glioma_cropped/G557_cropped.jpg
656,G559_cropped,glioma_cropped,C:/Users/alime/Dropbox/PC/Documents/Coding/Memoire 2023/Datasets/Brain-Tumor-Dataset-RAW/Cropped_Image_Sets/train/glioma_cropped/G559_cropped.jpg
657,G561_cropped,glioma_cropped,C:/Users/alime/Dropbox/PC/Documents/Coding/Memoire 2023/Datasets/Brain-Tumor-Dataset-RAW/Cropped_Image_Sets/train/glioma_cropped/G561_cropped.jpg
658,G562_cropped,glioma_cropped,C:/Users/alime/Dropbox/PC/Documents/Coding/Memoire 2023/Datasets/Brain-Tumor-Dataset-RAW/Cropped_Image_Sets/train/glioma_cropped/G562_cropped.jpg
659,G564_cropped,glioma_cropped,C:/Users/alime/Dropbox/PC/Documents/Coding/Memoire 2023/Datasets/Brain-Tumor-Dataset-RAW/Cropped_Image_Sets/train/glioma_cropped/G564_cropped.jpg
660,G565_cropped,glioma_cropped,C:/Users/alime/Dropbox/PC/Documents/Coding/Memoire 2023/Datasets/Brain-Tumor-Dataset-RAW/Cropped_Image_Sets/train/glioma_cropped/G565_cropped.jpg
661,G569_cropped,glioma_cropped,C:/Users/alime/Dropbox/PC/Documents/Coding/Memoire 2023/Datasets/Brain-Tumor-Dataset-RAW/Cropped_Image_Sets/train/glioma_cropped/G569_cropped.jpg
662,G56_cropped,glioma_cropped,C:/Users/alime/Dropbox/PC/Documents/Coding/Memoire 2023/Datasets/Brain-Tumor-Dataset-RAW/Cropped_Image_Sets/train/glioma_cropped/G56_cropped.jpg
663,G570_cropped,glioma_cropped,C:/Users/alime/Dropbox/PC/Documents/Coding/Memoire 2023/Datasets/Brain-Tumor-Dataset-RAW/Cropped_Image_Sets/train/glioma_cropped/G570_cropped.jpg
664,G571_cropped,glioma_cropped,C:/Users/alime/Dropbox/PC/Documents/Coding/Memoire 2023/Datasets/Brain-Tumor-Dataset-RAW/Cropped_Image_Sets/train/glioma_cropped/G571_cropped.jpg
665,G572_cropped,glioma_cropped,C:/Users/alime/Dropbox/PC/Documents/Coding/Memoire 2023/Datasets/Brain-Tumor-Dataset-RAW/Cropped_Image_Sets/train/glioma_cropped/G572_cropped.jpg
666,G573_cropped,glioma_cropped,C:/Users/alime/Dropbox/PC/Documents/Coding/Memoire 2023/Datasets/Brain-Tumor-Dataset-RAW/Cropped_Image_Sets/train/glioma_cropped/G573_cropped.jpg
667,G574_cropped,glioma_cropped,C:/Users/alime/Dropbox/PC/Documents/Coding/Memoire 2023/Datasets/Brain-Tumor-Dataset-RAW/Cropped_Image_Sets/train/glioma_cropped/G574_cropped.jpg
668,G575_cropped,glioma_cropped,C:/Users/alime/Dropbox/PC/Documents/Coding/Memoire 2023/Datasets/Brain-Tumor-Dataset-RAW/Cropped_Image_Sets/train/glioma_cropped/G575_cropped.jpg
669,G577_cropped,glioma_cropped,C:/Users/alime/Dropbox/PC/Documents/Coding/Memoire 2023/Datasets/Brain-Tumor-Dataset-RAW/Cropped_Image_Sets/train/glioma_cropped/G577_cropped.jpg
670,G578_cropped,glioma_cropped,C:/Users/alime/Dropbox/PC/Documents/Coding/Memoire 2023/Datasets/Brain-Tumor-Dataset-RAW/Cropped_Image_Sets/train/glioma_cropped/G578_cropped.jpg
671,G57_cropped,glioma_cropped,C:/Users/alime/Dropbox/PC/Documents/Coding/Memoire 2023/Datasets/Brain-Tumor-Dataset-RAW/Cropped_Image_Sets/train/glioma_cropped/G57_cropped.jpg
672,G580_cropped,glioma_cropped,C:/Users/alime/Dropbox/PC/Documents/Coding/Memoire 2023/Datasets/Brain-Tumor-Dataset-RAW/Cropped_Image_Sets/train/glioma_cropped/G580_cropped.jpg
673,G582_cropped,glioma_cropped,C:/Users/alime/Dropbox/PC/Documents/Coding/Memoire 2023/Datasets/Brain-Tumor-Dataset-RAW/Cropped_Image_Sets/train/glioma_cropped/G582_cropped.jpg
674,G583_cropped,glioma_cropped,C:/Users/alime/Dropbox/PC/Documents/Coding/Memoire 2023/Datasets/Brain-Tumor-Dataset-RAW/Cropped_Image_Sets/train/glioma_cropped/G583_cropped.jpg
675,G584_cropped,glioma_cropped,C:/Users/alime/Dropbox/PC/Documents/Coding/Memoire 2023/Datasets/Brain-Tumor-Dataset-RAW/Cropped_Image_Sets/train/glioma_cropped/G584_cropped.jpg
676,G585_cropped,glioma_cropped,C:/Users/alime/Dropbox/PC/Documents/Coding/Memoire 2023/Datasets/Brain-Tumor-Dataset-RAW/Cropped_Image_Sets/train/glioma_cropped/G585_cropped.jpg
677,G586_cropped,glioma_cropped,C:/Users/alime/Dropbox/PC/Documents/Coding/Memoire 2023/Datasets/Brain-Tumor-Dataset-RAW/Cropped_Image_Sets/train/glioma_cropped/G586_cropped.jpg
678,G587_cropped,glioma_cropped,C:/Users/alime/Dropbox/PC/Documents/Coding/Memoire 2023/Datasets/Brain-Tumor-Dataset-RAW/Cropped_Image_Sets/train/glioma_cropped/G587_cropped.jpg
679,G590_cropped,glioma_cropped,C:/Users/alime/Dropbox/PC/Documents/Coding/Memoire 2023/Datasets/Brain-Tumor-Dataset-RAW/Cropped_Image_Sets/train/glioma_cropped/G590_cropped.jpg
680,G591_cropped,glioma_cropped,C:/Users/alime/Dropbox/PC/Documents/Coding/Memoire 2023/Datasets/Brain-Tumor-Dataset-RAW/Cropped_Image_Sets/train/glioma_cropped/G591_cropped.jpg
681,G592_cropped,glioma_cropped,C:/Users/alime/Dropbox/PC/Documents/Coding/Memoire 2023/Datasets/Brain-Tumor-Dataset-RAW/Cropped_Image_Sets/train/glioma_cropped/G592_cropped.jpg
682,G593_cropped,glioma_cropped,C:/Users/alime/Dropbox/PC/Documents/Coding/Memoire 2023/Datasets/Brain-Tumor-Dataset-RAW/Cropped_Image_Sets/train/glioma_cropped/G593_cropped.jpg
683,G594_cropped,glioma_cropped,C:/Users/alime/Dropbox/PC/Documents/Coding/Memoire 2023/Datasets/Brain-Tumor-Dataset-RAW/Cropped_Image_Sets/train/glioma_cropped/G594_cropped.jpg
684,G595_cropped,glioma_cropped,C:/Users/alime/Dropbox/PC/Documents/Coding/Memoire 2023/Datasets/Brain-Tumor-Dataset-RAW/Cropped_Image_Sets/train/glioma_cropped/G595_cropped.jpg
685,G596_cropped,glioma_cropped,C:/Users/alime/Dropbox/PC/Documents/Coding/Memoire 2023/Datasets/Brain-Tumor-Dataset-RAW/Cropped_Image_Sets/train/glioma_cropped/G596_cropped.jpg
686,G597_cropped,glioma_cropped,C:/Users/alime/Dropbox/PC/Documents/Coding/Memoire 2023/Datasets/Brain-Tumor-Dataset-RAW/Cropped_Image_Sets/train/glioma_cropped/G597_cropped.jpg
687,G598_cropped,glioma_cropped,C:/Users/alime/Dropbox/PC/Documents/Coding/Memoire 2023/Datasets/Brain-Tumor-Dataset-RAW/Cropped_Image_Sets/train/glioma_cropped/G598_cropped.jpg
688,G599_cropped,glioma_cropped,C:/Users/alime/Dropbox/PC/Documents/Coding/Memoire 2023/Datasets/Brain-Tumor-Dataset-RAW/Cropped_Image_Sets/train/glioma_cropped/G599_cropped.jpg
689,G59_cropped,glioma_cropped,C:/Users/alime/Dropbox/PC/Documents/Coding/Memoire 2023/Datasets/Brain-Tumor-Dataset-RAW/Cropped_Image_Sets/train/glioma_cropped/G59_cropped.jpg
690,G5_cropped,glioma_cropped,C:/Users/alime/Dropbox/PC/Documents/Coding/Memoire 2023/Datasets/Brain-Tumor-Dataset-RAW/Cropped_Image_Sets/train/glioma_cropped/G5_cropped.jpg
691,G600_cropped,glioma_cropped,C:/Users/alime/Dropbox/PC/Documents/Coding/Memoire 2023/Datasets/Brain-Tumor-Dataset-RAW/Cropped_Image_Sets/train/glioma_cropped/G600_cropped.jpg
692,G601_cropped,glioma_cropped,C:/Users/alime/Dropbox/PC/Documents/Coding/Memoire 2023/Datasets/Brain-Tumor-Dataset-RAW/Cropped_Image_Sets/train/glioma_cropped/G601_cropped.jpg
693,G602_cropped,glioma_cropped,C:/Users/alime/Dropbox/PC/Documents/Coding/Memoire 2023/Datasets/Brain-Tumor-Dataset-RAW/Cropped_Image_Sets/train/glioma_cropped/G602_cropped.jpg
694,G603_cropped,glioma_cropped,C:/Users/alime/Dropbox/PC/Documents/Coding/Memoire 2023/Datasets/Brain-Tumor-Dataset-RAW/Cropped_Image_Sets/train/glioma_cropped/G603_cropped.jpg
695,G604_cropped,glioma_cropped,C:/Users/alime/Dropbox/PC/Documents/Coding/Memoire 2023/Datasets/Brain-Tumor-Dataset-RAW/Cropped_Image_Sets/train/glioma_cropped/G604_cropped.jpg
696,G605_cropped,glioma_cropped,C:/Users/alime/Dropbox/PC/Documents/Coding/Memoire 2023/Datasets/Brain-Tumor-Dataset-RAW/Cropped_Image_Sets/train/glioma_cropped/G605_cropped.jpg
697,G606_cropped,glioma_cropped,C:/Users/alime/Dropbox/PC/Documents/Coding/Memoire 2023/Datasets/Brain-Tumor-Dataset-RAW/Cropped_Image_Sets/train/glioma_cropped/G606_cropped.jpg
698,G607_cropped,glioma_cropped,C:/Users/alime/Dropbox/PC/Documents/Coding/Memoire 2023/Datasets/Brain-Tumor-Dataset-RAW/Cropped_Image_Sets/train/glioma_cropped/G607_cropped.jpg
699,G608_cropped,glioma_cropped,C:/Users/alime/Dropbox/PC/Documents/Coding/Memoire 2023/Datasets/Brain-Tumor-Dataset-RAW/Cropped_Image_Sets/train/glioma_cropped/G608_cropped.jpg
700,G60_cropped,glioma_cropped,C:/Users/alime/Dropbox/PC/Documents/Coding/Memoire 2023/Datasets/Brain-Tumor-Dataset-RAW/Cropped_Image_Sets/train/glioma_cropped/G60_cropped.jpg
701,G610_cropped,glioma_cropped,C:/Users/alime/Dropbox/PC/Documents/Coding/Memoire 2023/Datasets/Brain-Tumor-Dataset-RAW/Cropped_Image_Sets/train/glioma_cropped/G610_cropped.jpg
702,G611_cropped,glioma_cropped,C:/Users/alime/Dropbox/PC/Documents/Coding/Memoire 2023/Datasets/Brain-Tumor-Dataset-RAW/Cropped_Image_Sets/train/glioma_cropped/G611_cropped.jpg
703,G614_cropped,glioma_cropped,C:/Users/alime/Dropbox/PC/Documents/Coding/Memoire 2023/Datasets/Brain-Tumor-Dataset-RAW/Cropped_Image_Sets/train/glioma_cropped/G614_cropped.jpg
704,G616_cropped,glioma_cropped,C:/Users/alime/Dropbox/PC/Documents/Coding/Memoire 2023/Datasets/Brain-Tumor-Dataset-RAW/Cropped_Image_Sets/train/glioma_cropped/G616_cropped.jpg
705,G617_cropped,glioma_cropped,C:/Users/alime/Dropbox/PC/Documents/Coding/Memoire 2023/Datasets/Brain-Tumor-Dataset-RAW/Cropped_Image_Sets/train/glioma_cropped/G617_cropped.jpg
706,G619_cropped,glioma_cropped,C:/Users/alime/Dropbox/PC/Documents/Coding/Memoire 2023/Datasets/Brain-Tumor-Dataset-RAW/Cropped_Image_Sets/train/glioma_cropped/G619_cropped.jpg
707,G61_cropped,glioma_cropped,C:/Users/alime/Dropbox/PC/Documents/Coding/Memoire 2023/Datasets/Brain-Tumor-Dataset-RAW/Cropped_Image_Sets/train/glioma_cropped/G61_cropped.jpg
708,G621_cropped,glioma_cropped,C:/Users/alime/Dropbox/PC/Documents/Coding/Memoire 2023/Datasets/Brain-Tumor-Dataset-RAW/Cropped_Image_Sets/train/glioma_cropped/G621_cropped.jpg
709,G624_cropped,glioma_cropped,C:/Users/alime/Dropbox/PC/Documents/Coding/Memoire 2023/Datasets/Brain-Tumor-Dataset-RAW/Cropped_Image_Sets/train/glioma_cropped/G624_cropped.jpg
710,G625_cropped,glioma_cropped,C:/Users/alime/Dropbox/PC/Documents/Coding/Memoire 2023/Datasets/Brain-Tumor-Dataset-RAW/Cropped_Image_Sets/train/glioma_cropped/G625_cropped.jpg
711,G626_cropped,glioma_cropped,C:/Users/alime/Dropbox/PC/Documents/Coding/Memoire 2023/Datasets/Brain-Tumor-Dataset-RAW/Cropped_Image_Sets/train/glioma_cropped/G626_cropped.jpg
712,G627_cropped,glioma_cropped,C:/Users/alime/Dropbox/PC/Documents/Coding/Memoire 2023/Datasets/Brain-Tumor-Dataset-RAW/Cropped_Image_Sets/train/glioma_cropped/G627_cropped.jpg
713,G628_cropped,glioma_cropped,C:/Users/alime/Dropbox/PC/Documents/Coding/Memoire 2023/Datasets/Brain-Tumor-Dataset-RAW/Cropped_Image_Sets/train/glioma_cropped/G628_cropped.jpg
714,G62_cropped,glioma_cropped,C:/Users/alime/Dropbox/PC/Documents/Coding/Memoire 2023/Datasets/Brain-Tumor-Dataset-RAW/Cropped_Image_Sets/train/glioma_cropped/G62_cropped.jpg
715,G630_cropped,glioma_cropped,C:/Users/alime/Dropbox/PC/Documents/Coding/Memoire 2023/Datasets/Brain-Tumor-Dataset-RAW/Cropped_Image_Sets/train/glioma_cropped/G630_cropped.jpg
716,G633_cropped,glioma_cropped,C:/Users/alime/Dropbox/PC/Documents/Coding/Memoire 2023/Datasets/Brain-Tumor-Dataset-RAW/Cropped_Image_Sets/train/glioma_cropped/G633_cropped.jpg
717,G634_cropped,glioma_cropped,C:/Users/alime/Dropbox/PC/Documents/Coding/Memoire 2023/Datasets/Brain-Tumor-Dataset-RAW/Cropped_Image_Sets/train/glioma_cropped/G634_cropped.jpg
718,G635_cropped,glioma_cropped,C:/Users/alime/Dropbox/PC/Documents/Coding/Memoire 2023/Datasets/Brain-Tumor-Dataset-RAW/Cropped_Image_Sets/train/glioma_cropped/G635_cropped.jpg
719,G636_cropped,glioma_cropped,C:/Users/alime/Dropbox/PC/Documents/Coding/Memoire 2023/Datasets/Brain-Tumor-Dataset-RAW/Cropped_Image_Sets/train/glioma_cropped/G636_cropped.jpg
720,G637_cropped,glioma_cropped,C:/Users/alime/Dropbox/PC/Documents/Coding/Memoire 2023/Datasets/Brain-Tumor-Dataset-RAW/Cropped_Image_Sets/train/glioma_cropped/G637_cropped.jpg
721,G638_cropped,glioma_cropped,C:/Users/alime/Dropbox/PC/Documents/Coding/Memoire 2023/Datasets/Brain-Tumor-Dataset-RAW/Cropped_Image_Sets/train/glioma_cropped/G638_cropped.jpg
722,G639_cropped,glioma_cropped,C:/Users/alime/Dropbox/PC/Documents/Coding/Memoire 2023/Datasets/Brain-Tumor-Dataset-RAW/Cropped_Image_Sets/train/glioma_cropped/G639_cropped.jpg
723,G63_cropped,glioma_cropped,C:/Users/alime/Dropbox/PC/Documents/Coding/Memoire 2023/Datasets/Brain-Tumor-Dataset-RAW/Cropped_Image_Sets/train/glioma_cropped/G63_cropped.jpg
724,G641_cropped,glioma_cropped,C:/Users/alime/Dropbox/PC/Documents/Coding/Memoire 2023/Datasets/Brain-Tumor-Dataset-RAW/Cropped_Image_Sets/train/glioma_cropped/G641_cropped.jpg
725,G642_cropped,glioma_cropped,C:/Users/alime/Dropbox/PC/Documents/Coding/Memoire 2023/Datasets/Brain-Tumor-Dataset-RAW/Cropped_Image_Sets/train/glioma_cropped/G642_cropped.jpg
726,G643_cropped,glioma_cropped,C:/Users/alime/Dropbox/PC/Documents/Coding/Memoire 2023/Datasets/Brain-Tumor-Dataset-RAW/Cropped_Image_Sets/train/glioma_cropped/G643_cropped.jpg
727,G644_cropped,glioma_cropped,C:/Users/alime/Dropbox/PC/Documents/Coding/Memoire 2023/Datasets/Brain-Tumor-Dataset-RAW/Cropped_Image_Sets/train/glioma_cropped/G644_cropped.jpg
728,G645_cropped,glioma_cropped,C:/Users/alime/Dropbox/PC/Documents/Coding/Memoire 2023/Datasets/Brain-Tumor-Dataset-RAW/Cropped_Image_Sets/train/glioma_cropped/G645_cropped.jpg
729,G647_cropped,glioma_cropped,C:/Users/alime/Dropbox/PC/Documents/Coding/Memoire 2023/Datasets/Brain-Tumor-Dataset-RAW/Cropped_Image_Sets/train/glioma_cropped/G647_cropped.jpg
730,G648_cropped,glioma_cropped,C:/Users/alime/Dropbox/PC/Documents/Coding/Memoire 2023/Datasets/Brain-Tumor-Dataset-RAW/Cropped_Image_Sets/train/glioma_cropped/G648_cropped.jpg
731,G64_cropped,glioma_cropped,C:/Users/alime/Dropbox/PC/Documents/Coding/Memoire 2023/Datasets/Brain-Tumor-Dataset-RAW/Cropped_Image_Sets/train/glioma_cropped/G64_cropped.jpg
732,G650_cropped,glioma_cropped,C:/Users/alime/Dropbox/PC/Documents/Coding/Memoire 2023/Datasets/Brain-Tumor-Dataset-RAW/Cropped_Image_Sets/train/glioma_cropped/G650_cropped.jpg
733,G651_cropped,glioma_cropped,C:/Users/alime/Dropbox/PC/Documents/Coding/Memoire 2023/Datasets/Brain-Tumor-Dataset-RAW/Cropped_Image_Sets/train/glioma_cropped/G651_cropped.jpg
734,G652_cropped,glioma_cropped,C:/Users/alime/Dropbox/PC/Documents/Coding/Memoire 2023/Datasets/Brain-Tumor-Dataset-RAW/Cropped_Image_Sets/train/glioma_cropped/G652_cropped.jpg
735,G653_cropped,glioma_cropped,C:/Users/alime/Dropbox/PC/Documents/Coding/Memoire 2023/Datasets/Brain-Tumor-Dataset-RAW/Cropped_Image_Sets/train/glioma_cropped/G653_cropped.jpg
736,G654_cropped,glioma_cropped,C:/Users/alime/Dropbox/PC/Documents/Coding/Memoire 2023/Datasets/Brain-Tumor-Dataset-RAW/Cropped_Image_Sets/train/glioma_cropped/G654_cropped.jpg
737,G655_cropped,glioma_cropped,C:/Users/alime/Dropbox/PC/Documents/Coding/Memoire 2023/Datasets/Brain-Tumor-Dataset-RAW/Cropped_Image_Sets/train/glioma_cropped/G655_cropped.jpg
738,G656_cropped,glioma_cropped,C:/Users/alime/Dropbox/PC/Documents/Coding/Memoire 2023/Datasets/Brain-Tumor-Dataset-RAW/Cropped_Image_Sets/train/glioma_cropped/G656_cropped.jpg
739,G657_cropped,glioma_cropped,C:/Users/alime/Dropbox/PC/Documents/Coding/Memoire 2023/Datasets/Brain-Tumor-Dataset-RAW/Cropped_Image_Sets/train/glioma_cropped/G657_cropped.jpg
740,G658_cropped,glioma_cropped,C:/Users/alime/Dropbox/PC/Documents/Coding/Memoire 2023/Datasets/Brain-Tumor-Dataset-RAW/Cropped_Image_Sets/train/glioma_cropped/G658_cropped.jpg
741,G660_cropped,glioma_cropped,C:/Users/alime/Dropbox/PC/Documents/Coding/Memoire 2023/Datasets/Brain-Tumor-Dataset-RAW/Cropped_Image_Sets/train/glioma_cropped/G660_cropped.jpg
742,G661_cropped,glioma_cropped,C:/Users/alime/Dropbox/PC/Documents/Coding/Memoire 2023/Datasets/Brain-Tumor-Dataset-RAW/Cropped_Image_Sets/train/glioma_cropped/G661_cropped.jpg
743,G662_cropped,glioma_cropped,C:/Users/alime/Dropbox/PC/Documents/Coding/Memoire 2023/Datasets/Brain-Tumor-Dataset-RAW/Cropped_Image_Sets/train/glioma_cropped/G662_cropped.jpg
744,G663_cropped,glioma_cropped,C:/Users/alime/Dropbox/PC/Documents/Coding/Memoire 2023/Datasets/Brain-Tumor-Dataset-RAW/Cropped_Image_Sets/train/glioma_cropped/G663_cropped.jpg
745,G664_cropped,glioma_cropped,C:/Users/alime/Dropbox/PC/Documents/Coding/Memoire 2023/Datasets/Brain-Tumor-Dataset-RAW/Cropped_Image_Sets/train/glioma_cropped/G664_cropped.jpg
746,G665_cropped,glioma_cropped,C:/Users/alime/Dropbox/PC/Documents/Coding/Memoire 2023/Datasets/Brain-Tumor-Dataset-RAW/Cropped_Image_Sets/train/glioma_cropped/G665_cropped.jpg
747,G666_cropped,glioma_cropped,C:/Users/alime/Dropbox/PC/Documents/Coding/Memoire 2023/Datasets/Brain-Tumor-Dataset-RAW/Cropped_Image_Sets/train/glioma_cropped/G666_cropped.jpg
748,G667_cropped,glioma_cropped,C:/Users/alime/Dropbox/PC/Documents/Coding/Memoire 2023/Datasets/Brain-Tumor-Dataset-RAW/Cropped_Image_Sets/train/glioma_cropped/G667_cropped.jpg
749,G668_cropped,glioma_cropped,C:/Users/alime/Dropbox/PC/Documents/Coding/Memoire 2023/Datasets/Brain-Tumor-Dataset-RAW/Cropped_Image_Sets/train/glioma_cropped/G668_cropped.jpg
750,G669_cropped,glioma_cropped,C:/Users/alime/Dropbox/PC/Documents/Coding/Memoire 2023/Datasets/Brain-Tumor-Dataset-RAW/Cropped_Image_Sets/train/glioma_cropped/G669_cropped.jpg
751,G66_cropped,glioma_cropped,C:/Users/alime/Dropbox/PC/Documents/Coding/Memoire 2023/Datasets/Brain-Tumor-Dataset-RAW/Cropped_Image_Sets/train/glioma_cropped/G66_cropped.jpg
752,G670_cropped,glioma_cropped,C:/Users/alime/Dropbox/PC/Documents/Coding/Memoire 2023/Datasets/Brain-Tumor-Dataset-RAW/Cropped_Image_Sets/train/glioma_cropped/G670_cropped.jpg
753,G671_cropped,glioma_cropped,C:/Users/alime/Dropbox/PC/Documents/Coding/Memoire 2023/Datasets/Brain-Tumor-Dataset-RAW/Cropped_Image_Sets/train/glioma_cropped/G671_cropped.jpg
754,G672_cropped,glioma_cropped,C:/Users/alime/Dropbox/PC/Documents/Coding/Memoire 2023/Datasets/Brain-Tumor-Dataset-RAW/Cropped_Image_Sets/train/glioma_cropped/G672_cropped.jpg
755,G673_cropped,glioma_cropped,C:/Users/alime/Dropbox/PC/Documents/Coding/Memoire 2023/Datasets/Brain-Tumor-Dataset-RAW/Cropped_Image_Sets/train/glioma_cropped/G673_cropped.jpg
756,G674_cropped,glioma_cropped,C:/Users/alime/Dropbox/PC/Documents/Coding/Memoire 2023/Datasets/Brain-Tumor-Dataset-RAW/Cropped_Image_Sets/train/glioma_cropped/G674_cropped.jpg
757,G675_cropped,glioma_cropped,C:/Users/alime/Dropbox/PC/Documents/Coding/Memoire 2023/Datasets/Brain-Tumor-Dataset-RAW/Cropped_Image_Sets/train/glioma_cropped/G675_cropped.jpg
758,G677_cropped,glioma_cropped,C:/Users/alime/Dropbox/PC/Documents/Coding/Memoire 2023/Datasets/Brain-Tumor-Dataset-RAW/Cropped_Image_Sets/train/glioma_cropped/G677_cropped.jpg
759,G679_cropped,glioma_cropped,C:/Users/alime/Dropbox/PC/Documents/Coding/Memoire 2023/Datasets/Brain-Tumor-Dataset-RAW/Cropped_Image_Sets/train/glioma_cropped/G679_cropped.jpg
760,G683_cropped,glioma_cropped,C:/Users/alime/Dropbox/PC/Documents/Coding/Memoire 2023/Datasets/Brain-Tumor-Dataset-RAW/Cropped_Image_Sets/train/glioma_cropped/G683_cropped.jpg
761,G684_cropped,glioma_cropped,C:/Users/alime/Dropbox/PC/Documents/Coding/Memoire 2023/Datasets/Brain-Tumor-Dataset-RAW/Cropped_Image_Sets/train/glioma_cropped/G684_cropped.jpg
762,G685_cropped,glioma_cropped,C:/Users/alime/Dropbox/PC/Documents/Coding/Memoire 2023/Datasets/Brain-Tumor-Dataset-RAW/Cropped_Image_Sets/train/glioma_cropped/G685_cropped.jpg
763,G687_cropped,glioma_cropped,C:/Users/alime/Dropbox/PC/Documents/Coding/Memoire 2023/Datasets/Brain-Tumor-Dataset-RAW/Cropped_Image_Sets/train/glioma_cropped/G687_cropped.jpg
764,G68_cropped,glioma_cropped,C:/Users/alime/Dropbox/PC/Documents/Coding/Memoire 2023/Datasets/Brain-Tumor-Dataset-RAW/Cropped_Image_Sets/train/glioma_cropped/G68_cropped.jpg
765,G690_cropped,glioma_cropped,C:/Users/alime/Dropbox/PC/Documents/Coding/Memoire 2023/Datasets/Brain-Tumor-Dataset-RAW/Cropped_Image_Sets/train/glioma_cropped/G690_cropped.jpg
766,G693_cropped,glioma_cropped,C:/Users/alime/Dropbox/PC/Documents/Coding/Memoire 2023/Datasets/Brain-Tumor-Dataset-RAW/Cropped_Image_Sets/train/glioma_cropped/G693_cropped.jpg
767,G694_cropped,glioma_cropped,C:/Users/alime/Dropbox/PC/Documents/Coding/Memoire 2023/Datasets/Brain-Tumor-Dataset-RAW/Cropped_Image_Sets/train/glioma_cropped/G694_cropped.jpg
768,G695_cropped,glioma_cropped,C:/Users/alime/Dropbox/PC/Documents/Coding/Memoire 2023/Datasets/Brain-Tumor-Dataset-RAW/Cropped_Image_Sets/train/glioma_cropped/G695_cropped.jpg
769,G696_cropped,glioma_cropped,C:/Users/alime/Dropbox/PC/Documents/Coding/Memoire 2023/Datasets/Brain-Tumor-Dataset-RAW/Cropped_Image_Sets/train/glioma_cropped/G696_cropped.jpg
770,G697_cropped,glioma_cropped,C:/Users/alime/Dropbox/PC/Documents/Coding/Memoire 2023/Datasets/Brain-Tumor-Dataset-RAW/Cropped_Image_Sets/train/glioma_cropped/G697_cropped.jpg
771,G698_cropped,glioma_cropped,C:/Users/alime/Dropbox/PC/Documents/Coding/Memoire 2023/Datasets/Brain-Tumor-Dataset-RAW/Cropped_Image_Sets/train/glioma_cropped/G698_cropped.jpg
772,G699_cropped,glioma_cropped,C:/Users/alime/Dropbox/PC/Documents/Coding/Memoire 2023/Datasets/Brain-Tumor-Dataset-RAW/Cropped_Image_Sets/train/glioma_cropped/G699_cropped.jpg
773,G700_cropped,glioma_cropped,C:/Users/alime/Dropbox/PC/Documents/Coding/Memoire 2023/Datasets/Brain-Tumor-Dataset-RAW/Cropped_Image_Sets/train/glioma_cropped/G700_cropped.jpg
774,G701_cropped,glioma_cropped,C:/Users/alime/Dropbox/PC/Documents/Coding/Memoire 2023/Datasets/Brain-Tumor-Dataset-RAW/Cropped_Image_Sets/train/glioma_cropped/G701_cropped.jpg
775,G703_cropped,glioma_cropped,C:/Users/alime/Dropbox/PC/Documents/Coding/Memoire 2023/Datasets/Brain-Tumor-Dataset-RAW/Cropped_Image_Sets/train/glioma_cropped/G703_cropped.jpg
776,G704_cropped,glioma_cropped,C:/Users/alime/Dropbox/PC/Documents/Coding/Memoire 2023/Datasets/Brain-Tumor-Dataset-RAW/Cropped_Image_Sets/train/glioma_cropped/G704_cropped.jpg
777,G705_cropped,glioma_cropped,C:/Users/alime/Dropbox/PC/Documents/Coding/Memoire 2023/Datasets/Brain-Tumor-Dataset-RAW/Cropped_Image_Sets/train/glioma_cropped/G705_cropped.jpg
778,G706_cropped,glioma_cropped,C:/Users/alime/Dropbox/PC/Documents/Coding/Memoire 2023/Datasets/Brain-Tumor-Dataset-RAW/Cropped_Image_Sets/train/glioma_cropped/G706_cropped.jpg
779,G707_cropped,glioma_cropped,C:/Users/alime/Dropbox/PC/Documents/Coding/Memoire 2023/Datasets/Brain-Tumor-Dataset-RAW/Cropped_Image_Sets/train/glioma_cropped/G707_cropped.jpg
780,G708_cropped,glioma_cropped,C:/Users/alime/Dropbox/PC/Documents/Coding/Memoire 2023/Datasets/Brain-Tumor-Dataset-RAW/Cropped_Image_Sets/train/glioma_cropped/G708_cropped.jpg
781,G70_cropped,glioma_cropped,C:/Users/alime/Dropbox/PC/Documents/Coding/Memoire 2023/Datasets/Brain-Tumor-Dataset-RAW/Cropped_Image_Sets/train/glioma_cropped/G70_cropped.jpg
782,G710_cropped,glioma_cropped,C:/Users/alime/Dropbox/PC/Documents/Coding/Memoire 2023/Datasets/Brain-Tumor-Dataset-RAW/Cropped_Image_Sets/train/glioma_cropped/G710_cropped.jpg
783,G714_cropped,glioma_cropped,C:/Users/alime/Dropbox/PC/Documents/Coding/Memoire 2023/Datasets/Brain-Tumor-Dataset-RAW/Cropped_Image_Sets/train/glioma_cropped/G714_cropped.jpg
784,G717_cropped,glioma_cropped,C:/Users/alime/Dropbox/PC/Documents/Coding/Memoire 2023/Datasets/Brain-Tumor-Dataset-RAW/Cropped_Image_Sets/train/glioma_cropped/G717_cropped.jpg
785,G718_cropped,glioma_cropped,C:/Users/alime/Dropbox/PC/Documents/Coding/Memoire 2023/Datasets/Brain-Tumor-Dataset-RAW/Cropped_Image_Sets/train/glioma_cropped/G718_cropped.jpg
786,G719_cropped,glioma_cropped,C:/Users/alime/Dropbox/PC/Documents/Coding/Memoire 2023/Datasets/Brain-Tumor-Dataset-RAW/Cropped_Image_Sets/train/glioma_cropped/G719_cropped.jpg
787,G71_cropped,glioma_cropped,C:/Users/alime/Dropbox/PC/Documents/Coding/Memoire 2023/Datasets/Brain-Tumor-Dataset-RAW/Cropped_Image_Sets/train/glioma_cropped/G71_cropped.jpg
788,G720_cropped,glioma_cropped,C:/Users/alime/Dropbox/PC/Documents/Coding/Memoire 2023/Datasets/Brain-Tumor-Dataset-RAW/Cropped_Image_Sets/train/glioma_cropped/G720_cropped.jpg
789,G722_cropped,glioma_cropped,C:/Users/alime/Dropbox/PC/Documents/Coding/Memoire 2023/Datasets/Brain-Tumor-Dataset-RAW/Cropped_Image_Sets/train/glioma_cropped/G722_cropped.jpg
790,G727_cropped,glioma_cropped,C:/Users/alime/Dropbox/PC/Documents/Coding/Memoire 2023/Datasets/Brain-Tumor-Dataset-RAW/Cropped_Image_Sets/train/glioma_cropped/G727_cropped.jpg
791,G728_cropped,glioma_cropped,C:/Users/alime/Dropbox/PC/Documents/Coding/Memoire 2023/Datasets/Brain-Tumor-Dataset-RAW/Cropped_Image_Sets/train/glioma_cropped/G728_cropped.jpg
792,G729_cropped,glioma_cropped,C:/Users/alime/Dropbox/PC/Documents/Coding/Memoire 2023/Datasets/Brain-Tumor-Dataset-RAW/Cropped_Image_Sets/train/glioma_cropped/G729_cropped.jpg
793,G732_cropped,glioma_cropped,C:/Users/alime/Dropbox/PC/Documents/Coding/Memoire 2023/Datasets/Brain-Tumor-Dataset-RAW/Cropped_Image_Sets/train/glioma_cropped/G732_cropped.jpg
794,G734_cropped,glioma_cropped,C:/Users/alime/Dropbox/PC/Documents/Coding/Memoire 2023/Datasets/Brain-Tumor-Dataset-RAW/Cropped_Image_Sets/train/glioma_cropped/G734_cropped.jpg
795,G735_cropped,glioma_cropped,C:/Users/alime/Dropbox/PC/Documents/Coding/Memoire 2023/Datasets/Brain-Tumor-Dataset-RAW/Cropped_Image_Sets/train/glioma_cropped/G735_cropped.jpg
796,G737_cropped,glioma_cropped,C:/Users/alime/Dropbox/PC/Documents/Coding/Memoire 2023/Datasets/Brain-Tumor-Dataset-RAW/Cropped_Image_Sets/train/glioma_cropped/G737_cropped.jpg
797,G738_cropped,glioma_cropped,C:/Users/alime/Dropbox/PC/Documents/Coding/Memoire 2023/Datasets/Brain-Tumor-Dataset-RAW/Cropped_Image_Sets/train/glioma_cropped/G738_cropped.jpg
798,G73_cropped,glioma_cropped,C:/Users/alime/Dropbox/PC/Documents/Coding/Memoire 2023/Datasets/Brain-Tumor-Dataset-RAW/Cropped_Image_Sets/train/glioma_cropped/G73_cropped.jpg
799,G741_cropped,glioma_cropped,C:/Users/alime/Dropbox/PC/Documents/Coding/Memoire 2023/Datasets/Brain-Tumor-Dataset-RAW/Cropped_Image_Sets/train/glioma_cropped/G741_cropped.jpg
800,G742_cropped,glioma_cropped,C:/Users/alime/Dropbox/PC/Documents/Coding/Memoire 2023/Datasets/Brain-Tumor-Dataset-RAW/Cropped_Image_Sets/train/glioma_cropped/G742_cropped.jpg
801,G743_cropped,glioma_cropped,C:/Users/alime/Dropbox/PC/Documents/Coding/Memoire 2023/Datasets/Brain-Tumor-Dataset-RAW/Cropped_Image_Sets/train/glioma_cropped/G743_cropped.jpg
802,G744_cropped,glioma_cropped,C:/Users/alime/Dropbox/PC/Documents/Coding/Memoire 2023/Datasets/Brain-Tumor-Dataset-RAW/Cropped_Image_Sets/train/glioma_cropped/G744_cropped.jpg
803,G745_cropped,glioma_cropped,C:/Users/alime/Dropbox/PC/Documents/Coding/Memoire 2023/Datasets/Brain-Tumor-Dataset-RAW/Cropped_Image_Sets/train/glioma_cropped/G745_cropped.jpg
804,G747_cropped,glioma_cropped,C:/Users/alime/Dropbox/PC/Documents/Coding/Memoire 2023/Datasets/Brain-Tumor-Dataset-RAW/Cropped_Image_Sets/train/glioma_cropped/G747_cropped.jpg
805,G748_cropped,glioma_cropped,C:/Users/alime/Dropbox/PC/Documents/Coding/Memoire 2023/Datasets/Brain-Tumor-Dataset-RAW/Cropped_Image_Sets/train/glioma_cropped/G748_cropped.jpg
806,G749_cropped,glioma_cropped,C:/Users/alime/Dropbox/PC/Documents/Coding/Memoire 2023/Datasets/Brain-Tumor-Dataset-RAW/Cropped_Image_Sets/train/glioma_cropped/G749_cropped.jpg
807,G751_cropped,glioma_cropped,C:/Users/alime/Dropbox/PC/Documents/Coding/Memoire 2023/Datasets/Brain-Tumor-Dataset-RAW/Cropped_Image_Sets/train/glioma_cropped/G751_cropped.jpg
808,G752_cropped,glioma_cropped,C:/Users/alime/Dropbox/PC/Documents/Coding/Memoire 2023/Datasets/Brain-Tumor-Dataset-RAW/Cropped_Image_Sets/train/glioma_cropped/G752_cropped.jpg
809,G754_cropped,glioma_cropped,C:/Users/alime/Dropbox/PC/Documents/Coding/Memoire 2023/Datasets/Brain-Tumor-Dataset-RAW/Cropped_Image_Sets/train/glioma_cropped/G754_cropped.jpg
810,G755_cropped,glioma_cropped,C:/Users/alime/Dropbox/PC/Documents/Coding/Memoire 2023/Datasets/Brain-Tumor-Dataset-RAW/Cropped_Image_Sets/train/glioma_cropped/G755_cropped.jpg
811,G756_cropped,glioma_cropped,C:/Users/alime/Dropbox/PC/Documents/Coding/Memoire 2023/Datasets/Brain-Tumor-Dataset-RAW/Cropped_Image_Sets/train/glioma_cropped/G756_cropped.jpg
812,G757_cropped,glioma_cropped,C:/Users/alime/Dropbox/PC/Documents/Coding/Memoire 2023/Datasets/Brain-Tumor-Dataset-RAW/Cropped_Image_Sets/train/glioma_cropped/G757_cropped.jpg
813,G758_cropped,glioma_cropped,C:/Users/alime/Dropbox/PC/Documents/Coding/Memoire 2023/Datasets/Brain-Tumor-Dataset-RAW/Cropped_Image_Sets/train/glioma_cropped/G758_cropped.jpg
814,G759_cropped,glioma_cropped,C:/Users/alime/Dropbox/PC/Documents/Coding/Memoire 2023/Datasets/Brain-Tumor-Dataset-RAW/Cropped_Image_Sets/train/glioma_cropped/G759_cropped.jpg
815,G75_cropped,glioma_cropped,C:/Users/alime/Dropbox/PC/Documents/Coding/Memoire 2023/Datasets/Brain-Tumor-Dataset-RAW/Cropped_Image_Sets/train/glioma_cropped/G75_cropped.jpg
816,G760_cropped,glioma_cropped,C:/Users/alime/Dropbox/PC/Documents/Coding/Memoire 2023/Datasets/Brain-Tumor-Dataset-RAW/Cropped_Image_Sets/train/glioma_cropped/G760_cropped.jpg
817,G761_cropped,glioma_cropped,C:/Users/alime/Dropbox/PC/Documents/Coding/Memoire 2023/Datasets/Brain-Tumor-Dataset-RAW/Cropped_Image_Sets/train/glioma_cropped/G761_cropped.jpg
818,G762_cropped,glioma_cropped,C:/Users/alime/Dropbox/PC/Documents/Coding/Memoire 2023/Datasets/Brain-Tumor-Dataset-RAW/Cropped_Image_Sets/train/glioma_cropped/G762_cropped.jpg
819,G763_cropped,glioma_cropped,C:/Users/alime/Dropbox/PC/Documents/Coding/Memoire 2023/Datasets/Brain-Tumor-Dataset-RAW/Cropped_Image_Sets/train/glioma_cropped/G763_cropped.jpg
820,G767_cropped,glioma_cropped,C:/Users/alime/Dropbox/PC/Documents/Coding/Memoire 2023/Datasets/Brain-Tumor-Dataset-RAW/Cropped_Image_Sets/train/glioma_cropped/G767_cropped.jpg
821,G768_cropped,glioma_cropped,C:/Users/alime/Dropbox/PC/Documents/Coding/Memoire 2023/Datasets/Brain-Tumor-Dataset-RAW/Cropped_Image_Sets/train/glioma_cropped/G768_cropped.jpg
822,G769_cropped,glioma_cropped,C:/Users/alime/Dropbox/PC/Documents/Coding/Memoire 2023/Datasets/Brain-Tumor-Dataset-RAW/Cropped_Image_Sets/train/glioma_cropped/G769_cropped.jpg
823,G770_cropped,glioma_cropped,C:/Users/alime/Dropbox/PC/Documents/Coding/Memoire 2023/Datasets/Brain-Tumor-Dataset-RAW/Cropped_Image_Sets/train/glioma_cropped/G770_cropped.jpg
824,G772_cropped,glioma_cropped,C:/Users/alime/Dropbox/PC/Documents/Coding/Memoire 2023/Datasets/Brain-Tumor-Dataset-RAW/Cropped_Image_Sets/train/glioma_cropped/G772_cropped.jpg
825,G773_cropped,glioma_cropped,C:/Users/alime/Dropbox/PC/Documents/Coding/Memoire 2023/Datasets/Brain-Tumor-Dataset-RAW/Cropped_Image_Sets/train/glioma_cropped/G773_cropped.jpg
826,G775_cropped,glioma_cropped,C:/Users/alime/Dropbox/PC/Documents/Coding/Memoire 2023/Datasets/Brain-Tumor-Dataset-RAW/Cropped_Image_Sets/train/glioma_cropped/G775_cropped.jpg
827,G776_cropped,glioma_cropped,C:/Users/alime/Dropbox/PC/Documents/Coding/Memoire 2023/Datasets/Brain-Tumor-Dataset-RAW/Cropped_Image_Sets/train/glioma_cropped/G776_cropped.jpg
828,G778_cropped,glioma_cropped,C:/Users/alime/Dropbox/PC/Documents/Coding/Memoire 2023/Datasets/Brain-Tumor-Dataset-RAW/Cropped_Image_Sets/train/glioma_cropped/G778_cropped.jpg
829,G779_cropped,glioma_cropped,C:/Users/alime/Dropbox/PC/Documents/Coding/Memoire 2023/Datasets/Brain-Tumor-Dataset-RAW/Cropped_Image_Sets/train/glioma_cropped/G779_cropped.jpg
830,G77_cropped,glioma_cropped,C:/Users/alime/Dropbox/PC/Documents/Coding/Memoire 2023/Datasets/Brain-Tumor-Dataset-RAW/Cropped_Image_Sets/train/glioma_cropped/G77_cropped.jpg
831,G780_cropped,glioma_cropped,C:/Users/alime/Dropbox/PC/Documents/Coding/Memoire 2023/Datasets/Brain-Tumor-Dataset-RAW/Cropped_Image_Sets/train/glioma_cropped/G780_cropped.jpg
832,G782_cropped,glioma_cropped,C:/Users/alime/Dropbox/PC/Documents/Coding/Memoire 2023/Datasets/Brain-Tumor-Dataset-RAW/Cropped_Image_Sets/train/glioma_cropped/G782_cropped.jpg
833,G783_cropped,glioma_cropped,C:/Users/alime/Dropbox/PC/Documents/Coding/Memoire 2023/Datasets/Brain-Tumor-Dataset-RAW/Cropped_Image_Sets/train/glioma_cropped/G783_cropped.jpg
834,G784_cropped,glioma_cropped,C:/Users/alime/Dropbox/PC/Documents/Coding/Memoire 2023/Datasets/Brain-Tumor-Dataset-RAW/Cropped_Image_Sets/train/glioma_cropped/G784_cropped.jpg
835,G785_cropped,glioma_cropped,C:/Users/alime/Dropbox/PC/Documents/Coding/Memoire 2023/Datasets/Brain-Tumor-Dataset-RAW/Cropped_Image_Sets/train/glioma_cropped/G785_cropped.jpg
836,G788_cropped,glioma_cropped,C:/Users/alime/Dropbox/PC/Documents/Coding/Memoire 2023/Datasets/Brain-Tumor-Dataset-RAW/Cropped_Image_Sets/train/glioma_cropped/G788_cropped.jpg
837,G78_cropped,glioma_cropped,C:/Users/alime/Dropbox/PC/Documents/Coding/Memoire 2023/Datasets/Brain-Tumor-Dataset-RAW/Cropped_Image_Sets/train/glioma_cropped/G78_cropped.jpg
838,G790_cropped,glioma_cropped,C:/Users/alime/Dropbox/PC/Documents/Coding/Memoire 2023/Datasets/Brain-Tumor-Dataset-RAW/Cropped_Image_Sets/train/glioma_cropped/G790_cropped.jpg
839,G791_cropped,glioma_cropped,C:/Users/alime/Dropbox/PC/Documents/Coding/Memoire 2023/Datasets/Brain-Tumor-Dataset-RAW/Cropped_Image_Sets/train/glioma_cropped/G791_cropped.jpg
840,G792_cropped,glioma_cropped,C:/Users/alime/Dropbox/PC/Documents/Coding/Memoire 2023/Datasets/Brain-Tumor-Dataset-RAW/Cropped_Image_Sets/train/glioma_cropped/G792_cropped.jpg
841,G794_cropped,glioma_cropped,C:/Users/alime/Dropbox/PC/Documents/Coding/Memoire 2023/Datasets/Brain-Tumor-Dataset-RAW/Cropped_Image_Sets/train/glioma_cropped/G794_cropped.jpg
842,G795_cropped,glioma_cropped,C:/Users/alime/Dropbox/PC/Documents/Coding/Memoire 2023/Datasets/Brain-Tumor-Dataset-RAW/Cropped_Image_Sets/train/glioma_cropped/G795_cropped.jpg
843,G796_cropped,glioma_cropped,C:/Users/alime/Dropbox/PC/Documents/Coding/Memoire 2023/Datasets/Brain-Tumor-Dataset-RAW/Cropped_Image_Sets/train/glioma_cropped/G796_cropped.jpg
844,G798_cropped,glioma_cropped,C:/Users/alime/Dropbox/PC/Documents/Coding/Memoire 2023/Datasets/Brain-Tumor-Dataset-RAW/Cropped_Image_Sets/train/glioma_cropped/G798_cropped.jpg
845,G799_cropped,glioma_cropped,C:/Users/alime/Dropbox/PC/Documents/Coding/Memoire 2023/Datasets/Brain-Tumor-Dataset-RAW/Cropped_Image_Sets/train/glioma_cropped/G799_cropped.jpg
846,G79_cropped,glioma_cropped,C:/Users/alime/Dropbox/PC/Documents/Coding/Memoire 2023/Datasets/Brain-Tumor-Dataset-RAW/Cropped_Image_Sets/train/glioma_cropped/G79_cropped.jpg
847,G7_cropped,glioma_cropped,C:/Users/alime/Dropbox/PC/Documents/Coding/Memoire 2023/Datasets/Brain-Tumor-Dataset-RAW/Cropped_Image_Sets/train/glioma_cropped/G7_cropped.jpg
848,G801_cropped,glioma_cropped,C:/Users/alime/Dropbox/PC/Documents/Coding/Memoire 2023/Datasets/Brain-Tumor-Dataset-RAW/Cropped_Image_Sets/train/glioma_cropped/G801_cropped.jpg
849,G802_cropped,glioma_cropped,C:/Users/alime/Dropbox/PC/Documents/Coding/Memoire 2023/Datasets/Brain-Tumor-Dataset-RAW/Cropped_Image_Sets/train/glioma_cropped/G802_cropped.jpg
850,G803_cropped,glioma_cropped,C:/Users/alime/Dropbox/PC/Documents/Coding/Memoire 2023/Datasets/Brain-Tumor-Dataset-RAW/Cropped_Image_Sets/train/glioma_cropped/G803_cropped.jpg
851,G804_cropped,glioma_cropped,C:/Users/alime/Dropbox/PC/Documents/Coding/Memoire 2023/Datasets/Brain-Tumor-Dataset-RAW/Cropped_Image_Sets/train/glioma_cropped/G804_cropped.jpg
852,G805_cropped,glioma_cropped,C:/Users/alime/Dropbox/PC/Documents/Coding/Memoire 2023/Datasets/Brain-Tumor-Dataset-RAW/Cropped_Image_Sets/train/glioma_cropped/G805_cropped.jpg
853,G807_cropped,glioma_cropped,C:/Users/alime/Dropbox/PC/Documents/Coding/Memoire 2023/Datasets/Brain-Tumor-Dataset-RAW/Cropped_Image_Sets/train/glioma_cropped/G807_cropped.jpg
854,G809_cropped,glioma_cropped,C:/Users/alime/Dropbox/PC/Documents/Coding/Memoire 2023/Datasets/Brain-Tumor-Dataset-RAW/Cropped_Image_Sets/train/glioma_cropped/G809_cropped.jpg
855,G80_cropped,glioma_cropped,C:/Users/alime/Dropbox/PC/Documents/Coding/Memoire 2023/Datasets/Brain-Tumor-Dataset-RAW/Cropped_Image_Sets/train/glioma_cropped/G80_cropped.jpg
856,G810_cropped,glioma_cropped,C:/Users/alime/Dropbox/PC/Documents/Coding/Memoire 2023/Datasets/Brain-Tumor-Dataset-RAW/Cropped_Image_Sets/train/glioma_cropped/G810_cropped.jpg
857,G813_cropped,glioma_cropped,C:/Users/alime/Dropbox/PC/Documents/Coding/Memoire 2023/Datasets/Brain-Tumor-Dataset-RAW/Cropped_Image_Sets/train/glioma_cropped/G813_cropped.jpg
858,G815_cropped,glioma_cropped,C:/Users/alime/Dropbox/PC/Documents/Coding/Memoire 2023/Datasets/Brain-Tumor-Dataset-RAW/Cropped_Image_Sets/train/glioma_cropped/G815_cropped.jpg
859,G816_cropped,glioma_cropped,C:/Users/alime/Dropbox/PC/Documents/Coding/Memoire 2023/Datasets/Brain-Tumor-Dataset-RAW/Cropped_Image_Sets/train/glioma_cropped/G816_cropped.jpg
860,G817_cropped,glioma_cropped,C:/Users/alime/Dropbox/PC/Documents/Coding/Memoire 2023/Datasets/Brain-Tumor-Dataset-RAW/Cropped_Image_Sets/train/glioma_cropped/G817_cropped.jpg
861,G818_cropped,glioma_cropped,C:/Users/alime/Dropbox/PC/Documents/Coding/Memoire 2023/Datasets/Brain-Tumor-Dataset-RAW/Cropped_Image_Sets/train/glioma_cropped/G818_cropped.jpg
862,G81_cropped,glioma_cropped,C:/Users/alime/Dropbox/PC/Documents/Coding/Memoire 2023/Datasets/Brain-Tumor-Dataset-RAW/Cropped_Image_Sets/train/glioma_cropped/G81_cropped.jpg
863,G820_cropped,glioma_cropped,C:/Users/alime/Dropbox/PC/Documents/Coding/Memoire 2023/Datasets/Brain-Tumor-Dataset-RAW/Cropped_Image_Sets/train/glioma_cropped/G820_cropped.jpg
864,G823_cropped,glioma_cropped,C:/Users/alime/Dropbox/PC/Documents/Coding/Memoire 2023/Datasets/Brain-Tumor-Dataset-RAW/Cropped_Image_Sets/train/glioma_cropped/G823_cropped.jpg
865,G825_cropped,glioma_cropped,C:/Users/alime/Dropbox/PC/Documents/Coding/Memoire 2023/Datasets/Brain-Tumor-Dataset-RAW/Cropped_Image_Sets/train/glioma_cropped/G825_cropped.jpg
866,G826_cropped,glioma_cropped,C:/Users/alime/Dropbox/PC/Documents/Coding/Memoire 2023/Datasets/Brain-Tumor-Dataset-RAW/Cropped_Image_Sets/train/glioma_cropped/G826_cropped.jpg
867,G827_cropped,glioma_cropped,C:/Users/alime/Dropbox/PC/Documents/Coding/Memoire 2023/Datasets/Brain-Tumor-Dataset-RAW/Cropped_Image_Sets/train/glioma_cropped/G827_cropped.jpg
868,G82_cropped,glioma_cropped,C:/Users/alime/Dropbox/PC/Documents/Coding/Memoire 2023/Datasets/Brain-Tumor-Dataset-RAW/Cropped_Image_Sets/train/glioma_cropped/G82_cropped.jpg
869,G830_cropped,glioma_cropped,C:/Users/alime/Dropbox/PC/Documents/Coding/Memoire 2023/Datasets/Brain-Tumor-Dataset-RAW/Cropped_Image_Sets/train/glioma_cropped/G830_cropped.jpg
870,G832_cropped,glioma_cropped,C:/Users/alime/Dropbox/PC/Documents/Coding/Memoire 2023/Datasets/Brain-Tumor-Dataset-RAW/Cropped_Image_Sets/train/glioma_cropped/G832_cropped.jpg
871,G833_cropped,glioma_cropped,C:/Users/alime/Dropbox/PC/Documents/Coding/Memoire 2023/Datasets/Brain-Tumor-Dataset-RAW/Cropped_Image_Sets/train/glioma_cropped/G833_cropped.jpg
872,G835_cropped,glioma_cropped,C:/Users/alime/Dropbox/PC/Documents/Coding/Memoire 2023/Datasets/Brain-Tumor-Dataset-RAW/Cropped_Image_Sets/train/glioma_cropped/G835_cropped.jpg
873,G836_cropped,glioma_cropped,C:/Users/alime/Dropbox/PC/Documents/Coding/Memoire 2023/Datasets/Brain-Tumor-Dataset-RAW/Cropped_Image_Sets/train/glioma_cropped/G836_cropped.jpg
874,G837_cropped,glioma_cropped,C:/Users/alime/Dropbox/PC/Documents/Coding/Memoire 2023/Datasets/Brain-Tumor-Dataset-RAW/Cropped_Image_Sets/train/glioma_cropped/G837_cropped.jpg
875,G83_cropped,glioma_cropped,C:/Users/alime/Dropbox/PC/Documents/Coding/Memoire 2023/Datasets/Brain-Tumor-Dataset-RAW/Cropped_Image_Sets/train/glioma_cropped/G83_cropped.jpg
876,G840_cropped,glioma_cropped,C:/Users/alime/Dropbox/PC/Documents/Coding/Memoire 2023/Datasets/Brain-Tumor-Dataset-RAW/Cropped_Image_Sets/train/glioma_cropped/G840_cropped.jpg
877,G841_cropped,glioma_cropped,C:/Users/alime/Dropbox/PC/Documents/Coding/Memoire 2023/Datasets/Brain-Tumor-Dataset-RAW/Cropped_Image_Sets/train/glioma_cropped/G841_cropped.jpg
878,G843_cropped,glioma_cropped,C:/Users/alime/Dropbox/PC/Documents/Coding/Memoire 2023/Datasets/Brain-Tumor-Dataset-RAW/Cropped_Image_Sets/train/glioma_cropped/G843_cropped.jpg
879,G845_cropped,glioma_cropped,C:/Users/alime/Dropbox/PC/Documents/Coding/Memoire 2023/Datasets/Brain-Tumor-Dataset-RAW/Cropped_Image_Sets/train/glioma_cropped/G845_cropped.jpg
880,G846_cropped,glioma_cropped,C:/Users/alime/Dropbox/PC/Documents/Coding/Memoire 2023/Datasets/Brain-Tumor-Dataset-RAW/Cropped_Image_Sets/train/glioma_cropped/G846_cropped.jpg
881,G848_cropped,glioma_cropped,C:/Users/alime/Dropbox/PC/Documents/Coding/Memoire 2023/Datasets/Brain-Tumor-Dataset-RAW/Cropped_Image_Sets/train/glioma_cropped/G848_cropped.jpg
882,G849_cropped,glioma_cropped,C:/Users/alime/Dropbox/PC/Documents/Coding/Memoire 2023/Datasets/Brain-Tumor-Dataset-RAW/Cropped_Image_Sets/train/glioma_cropped/G849_cropped.jpg
883,G84_cropped,glioma_cropped,C:/Users/alime/Dropbox/PC/Documents/Coding/Memoire 2023/Datasets/Brain-Tumor-Dataset-RAW/Cropped_Image_Sets/train/glioma_cropped/G84_cropped.jpg
884,G851_cropped,glioma_cropped,C:/Users/alime/Dropbox/PC/Documents/Coding/Memoire 2023/Datasets/Brain-Tumor-Dataset-RAW/Cropped_Image_Sets/train/glioma_cropped/G851_cropped.jpg
885,G852_cropped,glioma_cropped,C:/Users/alime/Dropbox/PC/Documents/Coding/Memoire 2023/Datasets/Brain-Tumor-Dataset-RAW/Cropped_Image_Sets/train/glioma_cropped/G852_cropped.jpg
886,G853_cropped,glioma_cropped,C:/Users/alime/Dropbox/PC/Documents/Coding/Memoire 2023/Datasets/Brain-Tumor-Dataset-RAW/Cropped_Image_Sets/train/glioma_cropped/G853_cropped.jpg
887,G854_cropped,glioma_cropped,C:/Users/alime/Dropbox/PC/Documents/Coding/Memoire 2023/Datasets/Brain-Tumor-Dataset-RAW/Cropped_Image_Sets/train/glioma_cropped/G854_cropped.jpg
888,G855_cropped,glioma_cropped,C:/Users/alime/Dropbox/PC/Documents/Coding/Memoire 2023/Datasets/Brain-Tumor-Dataset-RAW/Cropped_Image_Sets/train/glioma_cropped/G855_cropped.jpg
889,G857_cropped,glioma_cropped,C:/Users/alime/Dropbox/PC/Documents/Coding/Memoire 2023/Datasets/Brain-Tumor-Dataset-RAW/Cropped_Image_Sets/train/glioma_cropped/G857_cropped.jpg
890,G860_cropped,glioma_cropped,C:/Users/alime/Dropbox/PC/Documents/Coding/Memoire 2023/Datasets/Brain-Tumor-Dataset-RAW/Cropped_Image_Sets/train/glioma_cropped/G860_cropped.jpg
891,G861_cropped,glioma_cropped,C:/Users/alime/Dropbox/PC/Documents/Coding/Memoire 2023/Datasets/Brain-Tumor-Dataset-RAW/Cropped_Image_Sets/train/glioma_cropped/G861_cropped.jpg
892,G862_cropped,glioma_cropped,C:/Users/alime/Dropbox/PC/Documents/Coding/Memoire 2023/Datasets/Brain-Tumor-Dataset-RAW/Cropped_Image_Sets/train/glioma_cropped/G862_cropped.jpg
893,G865_cropped,glioma_cropped,C:/Users/alime/Dropbox/PC/Documents/Coding/Memoire 2023/Datasets/Brain-Tumor-Dataset-RAW/Cropped_Image_Sets/train/glioma_cropped/G865_cropped.jpg
894,G866_cropped,glioma_cropped,C:/Users/alime/Dropbox/PC/Documents/Coding/Memoire 2023/Datasets/Brain-Tumor-Dataset-RAW/Cropped_Image_Sets/train/glioma_cropped/G866_cropped.jpg
895,G867_cropped,glioma_cropped,C:/Users/alime/Dropbox/PC/Documents/Coding/Memoire 2023/Datasets/Brain-Tumor-Dataset-RAW/Cropped_Image_Sets/train/glioma_cropped/G867_cropped.jpg
896,G86_cropped,glioma_cropped,C:/Users/alime/Dropbox/PC/Documents/Coding/Memoire 2023/Datasets/Brain-Tumor-Dataset-RAW/Cropped_Image_Sets/train/glioma_cropped/G86_cropped.jpg
897,G871_cropped,glioma_cropped,C:/Users/alime/Dropbox/PC/Documents/Coding/Memoire 2023/Datasets/Brain-Tumor-Dataset-RAW/Cropped_Image_Sets/train/glioma_cropped/G871_cropped.jpg
898,G872_cropped,glioma_cropped,C:/Users/alime/Dropbox/PC/Documents/Coding/Memoire 2023/Datasets/Brain-Tumor-Dataset-RAW/Cropped_Image_Sets/train/glioma_cropped/G872_cropped.jpg
899,G873_cropped,glioma_cropped,C:/Users/alime/Dropbox/PC/Documents/Coding/Memoire 2023/Datasets/Brain-Tumor-Dataset-RAW/Cropped_Image_Sets/train/glioma_cropped/G873_cropped.jpg
900,G875_cropped,glioma_cropped,C:/Users/alime/Dropbox/PC/Documents/Coding/Memoire 2023/Datasets/Brain-Tumor-Dataset-RAW/Cropped_Image_Sets/train/glioma_cropped/G875_cropped.jpg
901,G876_cropped,glioma_cropped,C:/Users/alime/Dropbox/PC/Documents/Coding/Memoire 2023/Datasets/Brain-Tumor-Dataset-RAW/Cropped_Image_Sets/train/glioma_cropped/G876_cropped.jpg
902,G878_cropped,glioma_cropped,C:/Users/alime/Dropbox/PC/Documents/Coding/Memoire 2023/Datasets/Brain-Tumor-Dataset-RAW/Cropped_Image_Sets/train/glioma_cropped/G878_cropped.jpg
903,G879_cropped,glioma_cropped,C:/Users/alime/Dropbox/PC/Documents/Coding/Memoire 2023/Datasets/Brain-Tumor-Dataset-RAW/Cropped_Image_Sets/train/glioma_cropped/G879_cropped.jpg
904,G87_cropped,glioma_cropped,C:/Users/alime/Dropbox/PC/Documents/Coding/Memoire 2023/Datasets/Brain-Tumor-Dataset-RAW/Cropped_Image_Sets/train/glioma_cropped/G87_cropped.jpg
905,G880_cropped,glioma_cropped,C:/Users/alime/Dropbox/PC/Documents/Coding/Memoire 2023/Datasets/Brain-Tumor-Dataset-RAW/Cropped_Image_Sets/train/glioma_cropped/G880_cropped.jpg
906,G881_cropped,glioma_cropped,C:/Users/alime/Dropbox/PC/Documents/Coding/Memoire 2023/Datasets/Brain-Tumor-Dataset-RAW/Cropped_Image_Sets/train/glioma_cropped/G881_cropped.jpg
907,G882_cropped,glioma_cropped,C:/Users/alime/Dropbox/PC/Documents/Coding/Memoire 2023/Datasets/Brain-Tumor-Dataset-RAW/Cropped_Image_Sets/train/glioma_cropped/G882_cropped.jpg
908,G883_cropped,glioma_cropped,C:/Users/alime/Dropbox/PC/Documents/Coding/Memoire 2023/Datasets/Brain-Tumor-Dataset-RAW/Cropped_Image_Sets/train/glioma_cropped/G883_cropped.jpg
909,G885_cropped,glioma_cropped,C:/Users/alime/Dropbox/PC/Documents/Coding/Memoire 2023/Datasets/Brain-Tumor-Dataset-RAW/Cropped_Image_Sets/train/glioma_cropped/G885_cropped.jpg
910,G889_cropped,glioma_cropped,C:/Users/alime/Dropbox/PC/Documents/Coding/Memoire 2023/Datasets/Brain-Tumor-Dataset-RAW/Cropped_Image_Sets/train/glioma_cropped/G889_cropped.jpg
911,G88_cropped,glioma_cropped,C:/Users/alime/Dropbox/PC/Documents/Coding/Memoire 2023/Datasets/Brain-Tumor-Dataset-RAW/Cropped_Image_Sets/train/glioma_cropped/G88_cropped.jpg
912,G890_cropped,glioma_cropped,C:/Users/alime/Dropbox/PC/Documents/Coding/Memoire 2023/Datasets/Brain-Tumor-Dataset-RAW/Cropped_Image_Sets/train/glioma_cropped/G890_cropped.jpg
913,G891_cropped,glioma_cropped,C:/Users/alime/Dropbox/PC/Documents/Coding/Memoire 2023/Datasets/Brain-Tumor-Dataset-RAW/Cropped_Image_Sets/train/glioma_cropped/G891_cropped.jpg
914,G892_cropped,glioma_cropped,C:/Users/alime/Dropbox/PC/Documents/Coding/Memoire 2023/Datasets/Brain-Tumor-Dataset-RAW/Cropped_Image_Sets/train/glioma_cropped/G892_cropped.jpg
915,G893_cropped,glioma_cropped,C:/Users/alime/Dropbox/PC/Documents/Coding/Memoire 2023/Datasets/Brain-Tumor-Dataset-RAW/Cropped_Image_Sets/train/glioma_cropped/G893_cropped.jpg
916,G895_cropped,glioma_cropped,C:/Users/alime/Dropbox/PC/Documents/Coding/Memoire 2023/Datasets/Brain-Tumor-Dataset-RAW/Cropped_Image_Sets/train/glioma_cropped/G895_cropped.jpg
917,G898_cropped,glioma_cropped,C:/Users/alime/Dropbox/PC/Documents/Coding/Memoire 2023/Datasets/Brain-Tumor-Dataset-RAW/Cropped_Image_Sets/train/glioma_cropped/G898_cropped.jpg
918,G899_cropped,glioma_cropped,C:/Users/alime/Dropbox/PC/Documents/Coding/Memoire 2023/Datasets/Brain-Tumor-Dataset-RAW/Cropped_Image_Sets/train/glioma_cropped/G899_cropped.jpg
919,G89_cropped,glioma_cropped,C:/Users/alime/Dropbox/PC/Documents/Coding/Memoire 2023/Datasets/Brain-Tumor-Dataset-RAW/Cropped_Image_Sets/train/glioma_cropped/G89_cropped.jpg
920,G8_cropped,glioma_cropped,C:/Users/alime/Dropbox/PC/Documents/Coding/Memoire 2023/Datasets/Brain-Tumor-Dataset-RAW/Cropped_Image_Sets/train/glioma_cropped/G8_cropped.jpg
921,G900_cropped,glioma_cropped,C:/Users/alime/Dropbox/PC/Documents/Coding/Memoire 2023/Datasets/Brain-Tumor-Dataset-RAW/Cropped_Image_Sets/train/glioma_cropped/G900_cropped.jpg
922,G901_cropped,glioma_cropped,C:/Users/alime/Dropbox/PC/Documents/Coding/Memoire 2023/Datasets/Brain-Tumor-Dataset-RAW/Cropped_Image_Sets/train/glioma_cropped/G901_cropped.jpg
923,G902_cropped,glioma_cropped,C:/Users/alime/Dropbox/PC/Documents/Coding/Memoire 2023/Datasets/Brain-Tumor-Dataset-RAW/Cropped_Image_Sets/train/glioma_cropped/G902_cropped.jpg
924,G903_cropped,glioma_cropped,C:/Users/alime/Dropbox/PC/Documents/Coding/Memoire 2023/Datasets/Brain-Tumor-Dataset-RAW/Cropped_Image_Sets/train/glioma_cropped/G903_cropped.jpg
925,G904_cropped,glioma_cropped,C:/Users/alime/Dropbox/PC/Documents/Coding/Memoire 2023/Datasets/Brain-Tumor-Dataset-RAW/Cropped_Image_Sets/train/glioma_cropped/G904_cropped.jpg
926,G908_cropped,glioma_cropped,C:/Users/alime/Dropbox/PC/Documents/Coding/Memoire 2023/Datasets/Brain-Tumor-Dataset-RAW/Cropped_Image_Sets/train/glioma_cropped/G908_cropped.jpg
927,G909_cropped,glioma_cropped,C:/Users/alime/Dropbox/PC/Documents/Coding/Memoire 2023/Datasets/Brain-Tumor-Dataset-RAW/Cropped_Image_Sets/train/glioma_cropped/G909_cropped.jpg
928,G911_cropped,glioma_cropped,C:/Users/alime/Dropbox/PC/Documents/Coding/Memoire 2023/Datasets/Brain-Tumor-Dataset-RAW/Cropped_Image_Sets/train/glioma_cropped/G911_cropped.jpg
929,G912_cropped,glioma_cropped,C:/Users/alime/Dropbox/PC/Documents/Coding/Memoire 2023/Datasets/Brain-Tumor-Dataset-RAW/Cropped_Image_Sets/train/glioma_cropped/G912_cropped.jpg
930,G914_cropped,glioma_cropped,C:/Users/alime/Dropbox/PC/Documents/Coding/Memoire 2023/Datasets/Brain-Tumor-Dataset-RAW/Cropped_Image_Sets/train/glioma_cropped/G914_cropped.jpg
931,G915_cropped,glioma_cropped,C:/Users/alime/Dropbox/PC/Documents/Coding/Memoire 2023/Datasets/Brain-Tumor-Dataset-RAW/Cropped_Image_Sets/train/glioma_cropped/G915_cropped.jpg
932,G916_cropped,glioma_cropped,C:/Users/alime/Dropbox/PC/Documents/Coding/Memoire 2023/Datasets/Brain-Tumor-Dataset-RAW/Cropped_Image_Sets/train/glioma_cropped/G916_cropped.jpg
933,G917_cropped,glioma_cropped,C:/Users/alime/Dropbox/PC/Documents/Coding/Memoire 2023/Datasets/Brain-Tumor-Dataset-RAW/Cropped_Image_Sets/train/glioma_cropped/G917_cropped.jpg
934,G919_cropped,glioma_cropped,C:/Users/alime/Dropbox/PC/Documents/Coding/Memoire 2023/Datasets/Brain-Tumor-Dataset-RAW/Cropped_Image_Sets/train/glioma_cropped/G919_cropped.jpg
935,G921_cropped,glioma_cropped,C:/Users/alime/Dropbox/PC/Documents/Coding/Memoire 2023/Datasets/Brain-Tumor-Dataset-RAW/Cropped_Image_Sets/train/glioma_cropped/G921_cropped.jpg
936,G922_cropped,glioma_cropped,C:/Users/alime/Dropbox/PC/Documents/Coding/Memoire 2023/Datasets/Brain-Tumor-Dataset-RAW/Cropped_Image_Sets/train/glioma_cropped/G922_cropped.jpg
937,G925_cropped,glioma_cropped,C:/Users/alime/Dropbox/PC/Documents/Coding/Memoire 2023/Datasets/Brain-Tumor-Dataset-RAW/Cropped_Image_Sets/train/glioma_cropped/G925_cropped.jpg
938,G926_cropped,glioma_cropped,C:/Users/alime/Dropbox/PC/Documents/Coding/Memoire 2023/Datasets/Brain-Tumor-Dataset-RAW/Cropped_Image_Sets/train/glioma_cropped/G926_cropped.jpg
939,G928_cropped,glioma_cropped,C:/Users/alime/Dropbox/PC/Documents/Coding/Memoire 2023/Datasets/Brain-Tumor-Dataset-RAW/Cropped_Image_Sets/train/glioma_cropped/G928_cropped.jpg
940,G930_cropped,glioma_cropped,C:/Users/alime/Dropbox/PC/Documents/Coding/Memoire 2023/Datasets/Brain-Tumor-Dataset-RAW/Cropped_Image_Sets/train/glioma_cropped/G930_cropped.jpg
941,G931_cropped,glioma_cropped,C:/Users/alime/Dropbox/PC/Documents/Coding/Memoire 2023/Datasets/Brain-Tumor-Dataset-RAW/Cropped_Image_Sets/train/glioma_cropped/G931_cropped.jpg
942,G932_cropped,glioma_cropped,C:/Users/alime/Dropbox/PC/Documents/Coding/Memoire 2023/Datasets/Brain-Tumor-Dataset-RAW/Cropped_Image_Sets/train/glioma_cropped/G932_cropped.jpg
943,G933_cropped,glioma_cropped,C:/Users/alime/Dropbox/PC/Documents/Coding/Memoire 2023/Datasets/Brain-Tumor-Dataset-RAW/Cropped_Image_Sets/train/glioma_cropped/G933_cropped.jpg
944,G935_cropped,glioma_cropped,C:/Users/alime/Dropbox/PC/Documents/Coding/Memoire 2023/Datasets/Brain-Tumor-Dataset-RAW/Cropped_Image_Sets/train/glioma_cropped/G935_cropped.jpg
945,G936_cropped,glioma_cropped,C:/Users/alime/Dropbox/PC/Documents/Coding/Memoire 2023/Datasets/Brain-Tumor-Dataset-RAW/Cropped_Image_Sets/train/glioma_cropped/G936_cropped.jpg
946,G937_cropped,glioma_cropped,C:/Users/alime/Dropbox/PC/Documents/Coding/Memoire 2023/Datasets/Brain-Tumor-Dataset-RAW/Cropped_Image_Sets/train/glioma_cropped/G937_cropped.jpg
947,G938_cropped,glioma_cropped,C:/Users/alime/Dropbox/PC/Documents/Coding/Memoire 2023/Datasets/Brain-Tumor-Dataset-RAW/Cropped_Image_Sets/train/glioma_cropped/G938_cropped.jpg
948,G939_cropped,glioma_cropped,C:/Users/alime/Dropbox/PC/Documents/Coding/Memoire 2023/Datasets/Brain-Tumor-Dataset-RAW/Cropped_Image_Sets/train/glioma_cropped/G939_cropped.jpg
949,G93_cropped,glioma_cropped,C:/Users/alime/Dropbox/PC/Documents/Coding/Memoire 2023/Datasets/Brain-Tumor-Dataset-RAW/Cropped_Image_Sets/train/glioma_cropped/G93_cropped.jpg
950,G941_cropped,glioma_cropped,C:/Users/alime/Dropbox/PC/Documents/Coding/Memoire 2023/Datasets/Brain-Tumor-Dataset-RAW/Cropped_Image_Sets/train/glioma_cropped/G941_cropped.jpg
951,G943_cropped,glioma_cropped,C:/Users/alime/Dropbox/PC/Documents/Coding/Memoire 2023/Datasets/Brain-Tumor-Dataset-RAW/Cropped_Image_Sets/train/glioma_cropped/G943_cropped.jpg
952,G944_cropped,glioma_cropped,C:/Users/alime/Dropbox/PC/Documents/Coding/Memoire 2023/Datasets/Brain-Tumor-Dataset-RAW/Cropped_Image_Sets/train/glioma_cropped/G944_cropped.jpg
953,G945_cropped,glioma_cropped,C:/Users/alime/Dropbox/PC/Documents/Coding/Memoire 2023/Datasets/Brain-Tumor-Dataset-RAW/Cropped_Image_Sets/train/glioma_cropped/G945_cropped.jpg
954,G946_cropped,glioma_cropped,C:/Users/alime/Dropbox/PC/Documents/Coding/Memoire 2023/Datasets/Brain-Tumor-Dataset-RAW/Cropped_Image_Sets/train/glioma_cropped/G946_cropped.jpg
955,G947_cropped,glioma_cropped,C:/Users/alime/Dropbox/PC/Documents/Coding/Memoire 2023/Datasets/Brain-Tumor-Dataset-RAW/Cropped_Image_Sets/train/glioma_cropped/G947_cropped.jpg
956,G948_cropped,glioma_cropped,C:/Users/alime/Dropbox/PC/Documents/Coding/Memoire 2023/Datasets/Brain-Tumor-Dataset-RAW/Cropped_Image_Sets/train/glioma_cropped/G948_cropped.jpg
957,G94_cropped,glioma_cropped,C:/Users/alime/Dropbox/PC/Documents/Coding/Memoire 2023/Datasets/Brain-Tumor-Dataset-RAW/Cropped_Image_Sets/train/glioma_cropped/G94_cropped.jpg
958,G952_cropped,glioma_cropped,C:/Users/alime/Dropbox/PC/Documents/Coding/Memoire 2023/Datasets/Brain-Tumor-Dataset-RAW/Cropped_Image_Sets/train/glioma_cropped/G952_cropped.jpg
959,G954_cropped,glioma_cropped,C:/Users/alime/Dropbox/PC/Documents/Coding/Memoire 2023/Datasets/Brain-Tumor-Dataset-RAW/Cropped_Image_Sets/train/glioma_cropped/G954_cropped.jpg
960,G955_cropped,glioma_cropped,C:/Users/alime/Dropbox/PC/Documents/Coding/Memoire 2023/Datasets/Brain-Tumor-Dataset-RAW/Cropped_Image_Sets/train/glioma_cropped/G955_cropped.jpg
961,G956_cropped,glioma_cropped,C:/Users/alime/Dropbox/PC/Documents/Coding/Memoire 2023/Datasets/Brain-Tumor-Dataset-RAW/Cropped_Image_Sets/train/glioma_cropped/G956_cropped.jpg
962,G957_cropped,glioma_cropped,C:/Users/alime/Dropbox/PC/Documents/Coding/Memoire 2023/Datasets/Brain-Tumor-Dataset-RAW/Cropped_Image_Sets/train/glioma_cropped/G957_cropped.jpg
963,G958_cropped,glioma_cropped,C:/Users/alime/Dropbox/PC/Documents/Coding/Memoire 2023/Datasets/Brain-Tumor-Dataset-RAW/Cropped_Image_Sets/train/glioma_cropped/G958_cropped.jpg
964,G960_cropped,glioma_cropped,C:/Users/alime/Dropbox/PC/Documents/Coding/Memoire 2023/Datasets/Brain-Tumor-Dataset-RAW/Cropped_Image_Sets/train/glioma_cropped/G960_cropped.jpg
965,G961_cropped,glioma_cropped,C:/Users/alime/Dropbox/PC/Documents/Coding/Memoire 2023/Datasets/Brain-Tumor-Dataset-RAW/Cropped_Image_Sets/train/glioma_cropped/G961_cropped.jpg
966,G962_cropped,glioma_cropped,C:/Users/alime/Dropbox/PC/Documents/Coding/Memoire 2023/Datasets/Brain-Tumor-Dataset-RAW/Cropped_Image_Sets/train/glioma_cropped/G962_cropped.jpg
967,G963_cropped,glioma_cropped,C:/Users/alime/Dropbox/PC/Documents/Coding/Memoire 2023/Datasets/Brain-Tumor-Dataset-RAW/Cropped_Image_Sets/train/glioma_cropped/G963_cropped.jpg
968,G964_cropped,glioma_cropped,C:/Users/alime/Dropbox/PC/Documents/Coding/Memoire 2023/Datasets/Brain-Tumor-Dataset-RAW/Cropped_Image_Sets/train/glioma_cropped/G964_cropped.jpg
969,G965_cropped,glioma_cropped,C:/Users/alime/Dropbox/PC/Documents/Coding/Memoire 2023/Datasets/Brain-Tumor-Dataset-RAW/Cropped_Image_Sets/train/glioma_cropped/G965_cropped.jpg
970,G966_cropped,glioma_cropped,C:/Users/alime/Dropbox/PC/Documents/Coding/Memoire 2023/Datasets/Brain-Tumor-Dataset-RAW/Cropped_Image_Sets/train/glioma_cropped/G966_cropped.jpg
971,G967_cropped,glioma_cropped,C:/Users/alime/Dropbox/PC/Documents/Coding/Memoire 2023/Datasets/Brain-Tumor-Dataset-RAW/Cropped_Image_Sets/train/glioma_cropped/G967_cropped.jpg
972,G968_cropped,glioma_cropped,C:/Users/alime/Dropbox/PC/Documents/Coding/Memoire 2023/Datasets/Brain-Tumor-Dataset-RAW/Cropped_Image_Sets/train/glioma_cropped/G968_cropped.jpg
973,G969_cropped,glioma_cropped,C:/Users/alime/Dropbox/PC/Documents/Coding/Memoire 2023/Datasets/Brain-Tumor-Dataset-RAW/Cropped_Image_Sets/train/glioma_cropped/G969_cropped.jpg
974,G96_cropped,glioma_cropped,C:/Users/alime/Dropbox/PC/Documents/Coding/Memoire 2023/Datasets/Brain-Tumor-Dataset-RAW/Cropped_Image_Sets/train/glioma_cropped/G96_cropped.jpg
975,G970_cropped,glioma_cropped,C:/Users/alime/Dropbox/PC/Documents/Coding/Memoire 2023/Datasets/Brain-Tumor-Dataset-RAW/Cropped_Image_Sets/train/glioma_cropped/G970_cropped.jpg
976,G971_cropped,glioma_cropped,C:/Users/alime/Dropbox/PC/Documents/Coding/Memoire 2023/Datasets/Brain-Tumor-Dataset-RAW/Cropped_Image_Sets/train/glioma_cropped/G971_cropped.jpg
977,G973_cropped,glioma_cropped,C:/Users/alime/Dropbox/PC/Documents/Coding/Memoire 2023/Datasets/Brain-Tumor-Dataset-RAW/Cropped_Image_Sets/train/glioma_cropped/G973_cropped.jpg
978,G974_cropped,glioma_cropped,C:/Users/alime/Dropbox/PC/Documents/Coding/Memoire 2023/Datasets/Brain-Tumor-Dataset-RAW/Cropped_Image_Sets/train/glioma_cropped/G974_cropped.jpg
979,G976_cropped,glioma_cropped,C:/Users/alime/Dropbox/PC/Documents/Coding/Memoire 2023/Datasets/Brain-Tumor-Dataset-RAW/Cropped_Image_Sets/train/glioma_cropped/G976_cropped.jpg
980,G978_cropped,glioma_cropped,C:/Users/alime/Dropbox/PC/Documents/Coding/Memoire 2023/Datasets/Brain-Tumor-Dataset-RAW/Cropped_Image_Sets/train/glioma_cropped/G978_cropped.jpg
981,G980_cropped,glioma_cropped,C:/Users/alime/Dropbox/PC/Documents/Coding/Memoire 2023/Datasets/Brain-Tumor-Dataset-RAW/Cropped_Image_Sets/train/glioma_cropped/G980_cropped.jpg
982,G981_cropped,glioma_cropped,C:/Users/alime/Dropbox/PC/Documents/Coding/Memoire 2023/Datasets/Brain-Tumor-Dataset-RAW/Cropped_Image_Sets/train/glioma_cropped/G981_cropped.jpg
983,G983_cropped,glioma_cropped,C:/Users/alime/Dropbox/PC/Documents/Coding/Memoire 2023/Datasets/Brain-Tumor-Dataset-RAW/Cropped_Image_Sets/train/glioma_cropped/G983_cropped.jpg
984,G984_cropped,glioma_cropped,C:/Users/alime/Dropbox/PC/Documents/Coding/Memoire 2023/Datasets/Brain-Tumor-Dataset-RAW/Cropped_Image_Sets/train/glioma_cropped/G984_cropped.jpg
985,G986_cropped,glioma_cropped,C:/Users/alime/Dropbox/PC/Documents/Coding/Memoire 2023/Datasets/Brain-Tumor-Dataset-RAW/Cropped_Image_Sets/train/glioma_cropped/G986_cropped.jpg
986,G987_cropped,glioma_cropped,C:/Users/alime/Dropbox/PC/Documents/Coding/Memoire 2023/Datasets/Brain-Tumor-Dataset-RAW/Cropped_Image_Sets/train/glioma_cropped/G987_cropped.jpg
987,G988_cropped,glioma_cropped,C:/Users/alime/Dropbox/PC/Documents/Coding/Memoire 2023/Datasets/Brain-Tumor-Dataset-RAW/Cropped_Image_Sets/train/glioma_cropped/G988_cropped.jpg
988,G989_cropped,glioma_cropped,C:/Users/alime/Dropbox/PC/Documents/Coding/Memoire 2023/Datasets/Brain-Tumor-Dataset-RAW/Cropped_Image_Sets/train/glioma_cropped/G989_cropped.jpg
989,G990_cropped,glioma_cropped,C:/Users/alime/Dropbox/PC/Documents/Coding/Memoire 2023/Datasets/Brain-Tumor-Dataset-RAW/Cropped_Image_Sets/train/glioma_cropped/G990_cropped.jpg
990,G991_cropped,glioma_cropped,C:/Users/alime/Dropbox/PC/Documents/Coding/Memoire 2023/Datasets/Brain-Tumor-Dataset-RAW/Cropped_Image_Sets/train/glioma_cropped/G991_cropped.jpg
991,G992_cropped,glioma_cropped,C:/Users/alime/Dropbox/PC/Documents/Coding/Memoire 2023/Datasets/Brain-Tumor-Dataset-RAW/Cropped_Image_Sets/train/glioma_cropped/G992_cropped.jpg
992,G994_cropped,glioma_cropped,C:/Users/alime/Dropbox/PC/Documents/Coding/Memoire 2023/Datasets/Brain-Tumor-Dataset-RAW/Cropped_Image_Sets/train/glioma_cropped/G994_cropped.jpg
993,G995_cropped,glioma_cropped,C:/Users/alime/Dropbox/PC/Documents/Coding/Memoire 2023/Datasets/Brain-Tumor-Dataset-RAW/Cropped_Image_Sets/train/glioma_cropped/G995_cropped.jpg
994,G996_cropped,glioma_cropped,C:/Users/alime/Dropbox/PC/Documents/Coding/Memoire 2023/Datasets/Brain-Tumor-Dataset-RAW/Cropped_Image_Sets/train/glioma_cropped/G996_cropped.jpg
995,G997_cropped,glioma_cropped,C:/Users/alime/Dropbox/PC/Documents/Coding/Memoire 2023/Datasets/Brain-Tumor-Dataset-RAW/Cropped_Image_Sets/train/glioma_cropped/G997_cropped.jpg
996,G999_cropped,glioma_cropped,C:/Users/alime/Dropbox/PC/Documents/Coding/Memoire 2023/Datasets/Brain-Tumor-Dataset-RAW/Cropped_Image_Sets/train/glioma_cropped/G999_cropped.jpg
997,G9_cropped,glioma_cropped,C:/Users/alime/Dropbox/PC/Documents/Coding/Memoire 2023/Datasets/Brain-Tumor-Dataset-RAW/Cropped_Image_Sets/train/glioma_cropped/G9_cropped.jpg
998,M100_cropped,meningioma_cropped,C:/Users/alime/Dropbox/PC/Documents/Coding/Memoire 2023/Datasets/Brain-Tumor-Dataset-RAW/Cropped_Image_Sets/train/meningioma_cropped/M100_cropped.jpg
999,M101_cropped,meningioma_cropped,C:/Users/alime/Dropbox/PC/Documents/Coding/Memoire 2023/Datasets/Brain-Tumor-Dataset-RAW/Cropped_Image_Sets/train/meningioma_cropped/M101_cropped.jpg
1000,M103_cropped,meningioma_cropped,C:/Users/alime/Dropbox/PC/Documents/Coding/Memoire 2023/Datasets/Brain-Tumor-Dataset-RAW/Cropped_Image_Sets/train/meningioma_cropped/M103_cropped.jpg
1001,M104_cropped,meningioma_cropped,C:/Users/alime/Dropbox/PC/Documents/Coding/Memoire 2023/Datasets/Brain-Tumor-Dataset-RAW/Cropped_Image_Sets/train/meningioma_cropped/M104_cropped.jpg
1002,M105_cropped,meningioma_cropped,C:/Users/alime/Dropbox/PC/Documents/Coding/Memoire 2023/Datasets/Brain-Tumor-Dataset-RAW/Cropped_Image_Sets/train/meningioma_cropped/M105_cropped.jpg
1003,M106_cropped,meningioma_cropped,C:/Users/alime/Dropbox/PC/Documents/Coding/Memoire 2023/Datasets/Brain-Tumor-Dataset-RAW/Cropped_Image_Sets/train/meningioma_cropped/M106_cropped.jpg
1004,M107_cropped,meningioma_cropped,C:/Users/alime/Dropbox/PC/Documents/Coding/Memoire 2023/Datasets/Brain-Tumor-Dataset-RAW/Cropped_Image_Sets/train/meningioma_cropped/M107_cropped.jpg
1005,M108_cropped,meningioma_cropped,C:/Users/alime/Dropbox/PC/Documents/Coding/Memoire 2023/Datasets/Brain-Tumor-Dataset-RAW/Cropped_Image_Sets/train/meningioma_cropped/M108_cropped.jpg
1006,M109_cropped,meningioma_cropped,C:/Users/alime/Dropbox/PC/Documents/Coding/Memoire 2023/Datasets/Brain-Tumor-Dataset-RAW/Cropped_Image_Sets/train/meningioma_cropped/M109_cropped.jpg
1007,M10_cropped,meningioma_cropped,C:/Users/alime/Dropbox/PC/Documents/Coding/Memoire 2023/Datasets/Brain-Tumor-Dataset-RAW/Cropped_Image_Sets/train/meningioma_cropped/M10_cropped.jpg
1008,M110_cropped,meningioma_cropped,C:/Users/alime/Dropbox/PC/Documents/Coding/Memoire 2023/Datasets/Brain-Tumor-Dataset-RAW/Cropped_Image_Sets/train/meningioma_cropped/M110_cropped.jpg
1009,M112_cropped,meningioma_cropped,C:/Users/alime/Dropbox/PC/Documents/Coding/Memoire 2023/Datasets/Brain-Tumor-Dataset-RAW/Cropped_Image_Sets/train/meningioma_cropped/M112_cropped.jpg
1010,M113_cropped,meningioma_cropped,C:/Users/alime/Dropbox/PC/Documents/Coding/Memoire 2023/Datasets/Brain-Tumor-Dataset-RAW/Cropped_Image_Sets/train/meningioma_cropped/M113_cropped.jpg
1011,M114_cropped,meningioma_cropped,C:/Users/alime/Dropbox/PC/Documents/Coding/Memoire 2023/Datasets/Brain-Tumor-Dataset-RAW/Cropped_Image_Sets/train/meningioma_cropped/M114_cropped.jpg
1012,M118_cropped,meningioma_cropped,C:/Users/alime/Dropbox/PC/Documents/Coding/Memoire 2023/Datasets/Brain-Tumor-Dataset-RAW/Cropped_Image_Sets/train/meningioma_cropped/M118_cropped.jpg
1013,M119_cropped,meningioma_cropped,C:/Users/alime/Dropbox/PC/Documents/Coding/Memoire 2023/Datasets/Brain-Tumor-Dataset-RAW/Cropped_Image_Sets/train/meningioma_cropped/M119_cropped.jpg
1014,M120_cropped,meningioma_cropped,C:/Users/alime/Dropbox/PC/Documents/Coding/Memoire 2023/Datasets/Brain-Tumor-Dataset-RAW/Cropped_Image_Sets/train/meningioma_cropped/M120_cropped.jpg
1015,M121_cropped,meningioma_cropped,C:/Users/alime/Dropbox/PC/Documents/Coding/Memoire 2023/Datasets/Brain-Tumor-Dataset-RAW/Cropped_Image_Sets/train/meningioma_cropped/M121_cropped.jpg
1016,M122_cropped,meningioma_cropped,C:/Users/alime/Dropbox/PC/Documents/Coding/Memoire 2023/Datasets/Brain-Tumor-Dataset-RAW/Cropped_Image_Sets/train/meningioma_cropped/M122_cropped.jpg
1017,M124_cropped,meningioma_cropped,C:/Users/alime/Dropbox/PC/Documents/Coding/Memoire 2023/Datasets/Brain-Tumor-Dataset-RAW/Cropped_Image_Sets/train/meningioma_cropped/M124_cropped.jpg
1018,M125_cropped,meningioma_cropped,C:/Users/alime/Dropbox/PC/Documents/Coding/Memoire 2023/Datasets/Brain-Tumor-Dataset-RAW/Cropped_Image_Sets/train/meningioma_cropped/M125_cropped.jpg
1019,M126_cropped,meningioma_cropped,C:/Users/alime/Dropbox/PC/Documents/Coding/Memoire 2023/Datasets/Brain-Tumor-Dataset-RAW/Cropped_Image_Sets/train/meningioma_cropped/M126_cropped.jpg
1020,M127_cropped,meningioma_cropped,C:/Users/alime/Dropbox/PC/Documents/Coding/Memoire 2023/Datasets/Brain-Tumor-Dataset-RAW/Cropped_Image_Sets/train/meningioma_cropped/M127_cropped.jpg
1021,M129_cropped,meningioma_cropped,C:/Users/alime/Dropbox/PC/Documents/Coding/Memoire 2023/Datasets/Brain-Tumor-Dataset-RAW/Cropped_Image_Sets/train/meningioma_cropped/M129_cropped.jpg
1022,M12_cropped,meningioma_cropped,C:/Users/alime/Dropbox/PC/Documents/Coding/Memoire 2023/Datasets/Brain-Tumor-Dataset-RAW/Cropped_Image_Sets/train/meningioma_cropped/M12_cropped.jpg
1023,M130_cropped,meningioma_cropped,C:/Users/alime/Dropbox/PC/Documents/Coding/Memoire 2023/Datasets/Brain-Tumor-Dataset-RAW/Cropped_Image_Sets/train/meningioma_cropped/M130_cropped.jpg
1024,M131_cropped,meningioma_cropped,C:/Users/alime/Dropbox/PC/Documents/Coding/Memoire 2023/Datasets/Brain-Tumor-Dataset-RAW/Cropped_Image_Sets/train/meningioma_cropped/M131_cropped.jpg
1025,M132_cropped,meningioma_cropped,C:/Users/alime/Dropbox/PC/Documents/Coding/Memoire 2023/Datasets/Brain-Tumor-Dataset-RAW/Cropped_Image_Sets/train/meningioma_cropped/M132_cropped.jpg
1026,M133_cropped,meningioma_cropped,C:/Users/alime/Dropbox/PC/Documents/Coding/Memoire 2023/Datasets/Brain-Tumor-Dataset-RAW/Cropped_Image_Sets/train/meningioma_cropped/M133_cropped.jpg
1027,M134_cropped,meningioma_cropped,C:/Users/alime/Dropbox/PC/Documents/Coding/Memoire 2023/Datasets/Brain-Tumor-Dataset-RAW/Cropped_Image_Sets/train/meningioma_cropped/M134_cropped.jpg
1028,M136_cropped,meningioma_cropped,C:/Users/alime/Dropbox/PC/Documents/Coding/Memoire 2023/Datasets/Brain-Tumor-Dataset-RAW/Cropped_Image_Sets/train/meningioma_cropped/M136_cropped.jpg
1029,M138_cropped,meningioma_cropped,C:/Users/alime/Dropbox/PC/Documents/Coding/Memoire 2023/Datasets/Brain-Tumor-Dataset-RAW/Cropped_Image_Sets/train/meningioma_cropped/M138_cropped.jpg
1030,M139_cropped,meningioma_cropped,C:/Users/alime/Dropbox/PC/Documents/Coding/Memoire 2023/Datasets/Brain-Tumor-Dataset-RAW/Cropped_Image_Sets/train/meningioma_cropped/M139_cropped.jpg
1031,M141_cropped,meningioma_cropped,C:/Users/alime/Dropbox/PC/Documents/Coding/Memoire 2023/Datasets/Brain-Tumor-Dataset-RAW/Cropped_Image_Sets/train/meningioma_cropped/M141_cropped.jpg
1032,M143_cropped,meningioma_cropped,C:/Users/alime/Dropbox/PC/Documents/Coding/Memoire 2023/Datasets/Brain-Tumor-Dataset-RAW/Cropped_Image_Sets/train/meningioma_cropped/M143_cropped.jpg
1033,M144_cropped,meningioma_cropped,C:/Users/alime/Dropbox/PC/Documents/Coding/Memoire 2023/Datasets/Brain-Tumor-Dataset-RAW/Cropped_Image_Sets/train/meningioma_cropped/M144_cropped.jpg
1034,M145_cropped,meningioma_cropped,C:/Users/alime/Dropbox/PC/Documents/Coding/Memoire 2023/Datasets/Brain-Tumor-Dataset-RAW/Cropped_Image_Sets/train/meningioma_cropped/M145_cropped.jpg
1035,M146_cropped,meningioma_cropped,C:/Users/alime/Dropbox/PC/Documents/Coding/Memoire 2023/Datasets/Brain-Tumor-Dataset-RAW/Cropped_Image_Sets/train/meningioma_cropped/M146_cropped.jpg
1036,M148_cropped,meningioma_cropped,C:/Users/alime/Dropbox/PC/Documents/Coding/Memoire 2023/Datasets/Brain-Tumor-Dataset-RAW/Cropped_Image_Sets/train/meningioma_cropped/M148_cropped.jpg
1037,M151_cropped,meningioma_cropped,C:/Users/alime/Dropbox/PC/Documents/Coding/Memoire 2023/Datasets/Brain-Tumor-Dataset-RAW/Cropped_Image_Sets/train/meningioma_cropped/M151_cropped.jpg
1038,M153_cropped,meningioma_cropped,C:/Users/alime/Dropbox/PC/Documents/Coding/Memoire 2023/Datasets/Brain-Tumor-Dataset-RAW/Cropped_Image_Sets/train/meningioma_cropped/M153_cropped.jpg
1039,M154_cropped,meningioma_cropped,C:/Users/alime/Dropbox/PC/Documents/Coding/Memoire 2023/Datasets/Brain-Tumor-Dataset-RAW/Cropped_Image_Sets/train/meningioma_cropped/M154_cropped.jpg
1040,M156_cropped,meningioma_cropped,C:/Users/alime/Dropbox/PC/Documents/Coding/Memoire 2023/Datasets/Brain-Tumor-Dataset-RAW/Cropped_Image_Sets/train/meningioma_cropped/M156_cropped.jpg
1041,M157_cropped,meningioma_cropped,C:/Users/alime/Dropbox/PC/Documents/Coding/Memoire 2023/Datasets/Brain-Tumor-Dataset-RAW/Cropped_Image_Sets/train/meningioma_cropped/M157_cropped.jpg
1042,M158_cropped,meningioma_cropped,C:/Users/alime/Dropbox/PC/Documents/Coding/Memoire 2023/Datasets/Brain-Tumor-Dataset-RAW/Cropped_Image_Sets/train/meningioma_cropped/M158_cropped.jpg
1043,M159_cropped,meningioma_cropped,C:/Users/alime/Dropbox/PC/Documents/Coding/Memoire 2023/Datasets/Brain-Tumor-Dataset-RAW/Cropped_Image_Sets/train/meningioma_cropped/M159_cropped.jpg
1044,M15_cropped,meningioma_cropped,C:/Users/alime/Dropbox/PC/Documents/Coding/Memoire 2023/Datasets/Brain-Tumor-Dataset-RAW/Cropped_Image_Sets/train/meningioma_cropped/M15_cropped.jpg
1045,M161_cropped,meningioma_cropped,C:/Users/alime/Dropbox/PC/Documents/Coding/Memoire 2023/Datasets/Brain-Tumor-Dataset-RAW/Cropped_Image_Sets/train/meningioma_cropped/M161_cropped.jpg
1046,M163_cropped,meningioma_cropped,C:/Users/alime/Dropbox/PC/Documents/Coding/Memoire 2023/Datasets/Brain-Tumor-Dataset-RAW/Cropped_Image_Sets/train/meningioma_cropped/M163_cropped.jpg
1047,M165_cropped,meningioma_cropped,C:/Users/alime/Dropbox/PC/Documents/Coding/Memoire 2023/Datasets/Brain-Tumor-Dataset-RAW/Cropped_Image_Sets/train/meningioma_cropped/M165_cropped.jpg
1048,M166_cropped,meningioma_cropped,C:/Users/alime/Dropbox/PC/Documents/Coding/Memoire 2023/Datasets/Brain-Tumor-Dataset-RAW/Cropped_Image_Sets/train/meningioma_cropped/M166_cropped.jpg
1049,M168_cropped,meningioma_cropped,C:/Users/alime/Dropbox/PC/Documents/Coding/Memoire 2023/Datasets/Brain-Tumor-Dataset-RAW/Cropped_Image_Sets/train/meningioma_cropped/M168_cropped.jpg
1050,M169_cropped,meningioma_cropped,C:/Users/alime/Dropbox/PC/Documents/Coding/Memoire 2023/Datasets/Brain-Tumor-Dataset-RAW/Cropped_Image_Sets/train/meningioma_cropped/M169_cropped.jpg
1051,M16_cropped,meningioma_cropped,C:/Users/alime/Dropbox/PC/Documents/Coding/Memoire 2023/Datasets/Brain-Tumor-Dataset-RAW/Cropped_Image_Sets/train/meningioma_cropped/M16_cropped.jpg
1052,M170_cropped,meningioma_cropped,C:/Users/alime/Dropbox/PC/Documents/Coding/Memoire 2023/Datasets/Brain-Tumor-Dataset-RAW/Cropped_Image_Sets/train/meningioma_cropped/M170_cropped.jpg
1053,M171_cropped,meningioma_cropped,C:/Users/alime/Dropbox/PC/Documents/Coding/Memoire 2023/Datasets/Brain-Tumor-Dataset-RAW/Cropped_Image_Sets/train/meningioma_cropped/M171_cropped.jpg
1054,M172_cropped,meningioma_cropped,C:/Users/alime/Dropbox/PC/Documents/Coding/Memoire 2023/Datasets/Brain-Tumor-Dataset-RAW/Cropped_Image_Sets/train/meningioma_cropped/M172_cropped.jpg
1055,M174_cropped,meningioma_cropped,C:/Users/alime/Dropbox/PC/Documents/Coding/Memoire 2023/Datasets/Brain-Tumor-Dataset-RAW/Cropped_Image_Sets/train/meningioma_cropped/M174_cropped.jpg
1056,M176_cropped,meningioma_cropped,C:/Users/alime/Dropbox/PC/Documents/Coding/Memoire 2023/Datasets/Brain-Tumor-Dataset-RAW/Cropped_Image_Sets/train/meningioma_cropped/M176_cropped.jpg
1057,M177_cropped,meningioma_cropped,C:/Users/alime/Dropbox/PC/Documents/Coding/Memoire 2023/Datasets/Brain-Tumor-Dataset-RAW/Cropped_Image_Sets/train/meningioma_cropped/M177_cropped.jpg
1058,M178_cropped,meningioma_cropped,C:/Users/alime/Dropbox/PC/Documents/Coding/Memoire 2023/Datasets/Brain-Tumor-Dataset-RAW/Cropped_Image_Sets/train/meningioma_cropped/M178_cropped.jpg
1059,M179_cropped,meningioma_cropped,C:/Users/alime/Dropbox/PC/Documents/Coding/Memoire 2023/Datasets/Brain-Tumor-Dataset-RAW/Cropped_Image_Sets/train/meningioma_cropped/M179_cropped.jpg
1060,M180_cropped,meningioma_cropped,C:/Users/alime/Dropbox/PC/Documents/Coding/Memoire 2023/Datasets/Brain-Tumor-Dataset-RAW/Cropped_Image_Sets/train/meningioma_cropped/M180_cropped.jpg
1061,M181_cropped,meningioma_cropped,C:/Users/alime/Dropbox/PC/Documents/Coding/Memoire 2023/Datasets/Brain-Tumor-Dataset-RAW/Cropped_Image_Sets/train/meningioma_cropped/M181_cropped.jpg
1062,M182_cropped,meningioma_cropped,C:/Users/alime/Dropbox/PC/Documents/Coding/Memoire 2023/Datasets/Brain-Tumor-Dataset-RAW/Cropped_Image_Sets/train/meningioma_cropped/M182_cropped.jpg
1063,M183_cropped,meningioma_cropped,C:/Users/alime/Dropbox/PC/Documents/Coding/Memoire 2023/Datasets/Brain-Tumor-Dataset-RAW/Cropped_Image_Sets/train/meningioma_cropped/M183_cropped.jpg
1064,M184_cropped,meningioma_cropped,C:/Users/alime/Dropbox/PC/Documents/Coding/Memoire 2023/Datasets/Brain-Tumor-Dataset-RAW/Cropped_Image_Sets/train/meningioma_cropped/M184_cropped.jpg
1065,M185_cropped,meningioma_cropped,C:/Users/alime/Dropbox/PC/Documents/Coding/Memoire 2023/Datasets/Brain-Tumor-Dataset-RAW/Cropped_Image_Sets/train/meningioma_cropped/M185_cropped.jpg
1066,M186_cropped,meningioma_cropped,C:/Users/alime/Dropbox/PC/Documents/Coding/Memoire 2023/Datasets/Brain-Tumor-Dataset-RAW/Cropped_Image_Sets/train/meningioma_cropped/M186_cropped.jpg
1067,M187_cropped,meningioma_cropped,C:/Users/alime/Dropbox/PC/Documents/Coding/Memoire 2023/Datasets/Brain-Tumor-Dataset-RAW/Cropped_Image_Sets/train/meningioma_cropped/M187_cropped.jpg
1068,M188_cropped,meningioma_cropped,C:/Users/alime/Dropbox/PC/Documents/Coding/Memoire 2023/Datasets/Brain-Tumor-Dataset-RAW/Cropped_Image_Sets/train/meningioma_cropped/M188_cropped.jpg
1069,M189_cropped,meningioma_cropped,C:/Users/alime/Dropbox/PC/Documents/Coding/Memoire 2023/Datasets/Brain-Tumor-Dataset-RAW/Cropped_Image_Sets/train/meningioma_cropped/M189_cropped.jpg
1070,M18_cropped,meningioma_cropped,C:/Users/alime/Dropbox/PC/Documents/Coding/Memoire 2023/Datasets/Brain-Tumor-Dataset-RAW/Cropped_Image_Sets/train/meningioma_cropped/M18_cropped.jpg
1071,M190_cropped,meningioma_cropped,C:/Users/alime/Dropbox/PC/Documents/Coding/Memoire 2023/Datasets/Brain-Tumor-Dataset-RAW/Cropped_Image_Sets/train/meningioma_cropped/M190_cropped.jpg
1072,M191_cropped,meningioma_cropped,C:/Users/alime/Dropbox/PC/Documents/Coding/Memoire 2023/Datasets/Brain-Tumor-Dataset-RAW/Cropped_Image_Sets/train/meningioma_cropped/M191_cropped.jpg
1073,M192_cropped,meningioma_cropped,C:/Users/alime/Dropbox/PC/Documents/Coding/Memoire 2023/Datasets/Brain-Tumor-Dataset-RAW/Cropped_Image_Sets/train/meningioma_cropped/M192_cropped.jpg
1074,M193_cropped,meningioma_cropped,C:/Users/alime/Dropbox/PC/Documents/Coding/Memoire 2023/Datasets/Brain-Tumor-Dataset-RAW/Cropped_Image_Sets/train/meningioma_cropped/M193_cropped.jpg
1075,M194_cropped,meningioma_cropped,C:/Users/alime/Dropbox/PC/Documents/Coding/Memoire 2023/Datasets/Brain-Tumor-Dataset-RAW/Cropped_Image_Sets/train/meningioma_cropped/M194_cropped.jpg
1076,M195_cropped,meningioma_cropped,C:/Users/alime/Dropbox/PC/Documents/Coding/Memoire 2023/Datasets/Brain-Tumor-Dataset-RAW/Cropped_Image_Sets/train/meningioma_cropped/M195_cropped.jpg
1077,M197_cropped,meningioma_cropped,C:/Users/alime/Dropbox/PC/Documents/Coding/Memoire 2023/Datasets/Brain-Tumor-Dataset-RAW/Cropped_Image_Sets/train/meningioma_cropped/M197_cropped.jpg
1078,M199_cropped,meningioma_cropped,C:/Users/alime/Dropbox/PC/Documents/Coding/Memoire 2023/Datasets/Brain-Tumor-Dataset-RAW/Cropped_Image_Sets/train/meningioma_cropped/M199_cropped.jpg
1079,M19_cropped,meningioma_cropped,C:/Users/alime/Dropbox/PC/Documents/Coding/Memoire 2023/Datasets/Brain-Tumor-Dataset-RAW/Cropped_Image_Sets/train/meningioma_cropped/M19_cropped.jpg
1080,M1_cropped,meningioma_cropped,C:/Users/alime/Dropbox/PC/Documents/Coding/Memoire 2023/Datasets/Brain-Tumor-Dataset-RAW/Cropped_Image_Sets/train/meningioma_cropped/M1_cropped.jpg
1081,M201_cropped,meningioma_cropped,C:/Users/alime/Dropbox/PC/Documents/Coding/Memoire 2023/Datasets/Brain-Tumor-Dataset-RAW/Cropped_Image_Sets/train/meningioma_cropped/M201_cropped.jpg
1082,M202_cropped,meningioma_cropped,C:/Users/alime/Dropbox/PC/Documents/Coding/Memoire 2023/Datasets/Brain-Tumor-Dataset-RAW/Cropped_Image_Sets/train/meningioma_cropped/M202_cropped.jpg
1083,M203_cropped,meningioma_cropped,C:/Users/alime/Dropbox/PC/Documents/Coding/Memoire 2023/Datasets/Brain-Tumor-Dataset-RAW/Cropped_Image_Sets/train/meningioma_cropped/M203_cropped.jpg
1084,M204_cropped,meningioma_cropped,C:/Users/alime/Dropbox/PC/Documents/Coding/Memoire 2023/Datasets/Brain-Tumor-Dataset-RAW/Cropped_Image_Sets/train/meningioma_cropped/M204_cropped.jpg
1085,M206_cropped,meningioma_cropped,C:/Users/alime/Dropbox/PC/Documents/Coding/Memoire 2023/Datasets/Brain-Tumor-Dataset-RAW/Cropped_Image_Sets/train/meningioma_cropped/M206_cropped.jpg
1086,M207_cropped,meningioma_cropped,C:/Users/alime/Dropbox/PC/Documents/Coding/Memoire 2023/Datasets/Brain-Tumor-Dataset-RAW/Cropped_Image_Sets/train/meningioma_cropped/M207_cropped.jpg
1087,M208_cropped,meningioma_cropped,C:/Users/alime/Dropbox/PC/Documents/Coding/Memoire 2023/Datasets/Brain-Tumor-Dataset-RAW/Cropped_Image_Sets/train/meningioma_cropped/M208_cropped.jpg
1088,M209_cropped,meningioma_cropped,C:/Users/alime/Dropbox/PC/Documents/Coding/Memoire 2023/Datasets/Brain-Tumor-Dataset-RAW/Cropped_Image_Sets/train/meningioma_cropped/M209_cropped.jpg
1089,M210_cropped,meningioma_cropped,C:/Users/alime/Dropbox/PC/Documents/Coding/Memoire 2023/Datasets/Brain-Tumor-Dataset-RAW/Cropped_Image_Sets/train/meningioma_cropped/M210_cropped.jpg
1090,M211_cropped,meningioma_cropped,C:/Users/alime/Dropbox/PC/Documents/Coding/Memoire 2023/Datasets/Brain-Tumor-Dataset-RAW/Cropped_Image_Sets/train/meningioma_cropped/M211_cropped.jpg
1091,M212_cropped,meningioma_cropped,C:/Users/alime/Dropbox/PC/Documents/Coding/Memoire 2023/Datasets/Brain-Tumor-Dataset-RAW/Cropped_Image_Sets/train/meningioma_cropped/M212_cropped.jpg
1092,M213_cropped,meningioma_cropped,C:/Users/alime/Dropbox/PC/Documents/Coding/Memoire 2023/Datasets/Brain-Tumor-Dataset-RAW/Cropped_Image_Sets/train/meningioma_cropped/M213_cropped.jpg
1093,M214_cropped,meningioma_cropped,C:/Users/alime/Dropbox/PC/Documents/Coding/Memoire 2023/Datasets/Brain-Tumor-Dataset-RAW/Cropped_Image_Sets/train/meningioma_cropped/M214_cropped.jpg
1094,M215_cropped,meningioma_cropped,C:/Users/alime/Dropbox/PC/Documents/Coding/Memoire 2023/Datasets/Brain-Tumor-Dataset-RAW/Cropped_Image_Sets/train/meningioma_cropped/M215_cropped.jpg
1095,M216_cropped,meningioma_cropped,C:/Users/alime/Dropbox/PC/Documents/Coding/Memoire 2023/Datasets/Brain-Tumor-Dataset-RAW/Cropped_Image_Sets/train/meningioma_cropped/M216_cropped.jpg
1096,M217_cropped,meningioma_cropped,C:/Users/alime/Dropbox/PC/Documents/Coding/Memoire 2023/Datasets/Brain-Tumor-Dataset-RAW/Cropped_Image_Sets/train/meningioma_cropped/M217_cropped.jpg
1097,M218_cropped,meningioma_cropped,C:/Users/alime/Dropbox/PC/Documents/Coding/Memoire 2023/Datasets/Brain-Tumor-Dataset-RAW/Cropped_Image_Sets/train/meningioma_cropped/M218_cropped.jpg
1098,M219_cropped,meningioma_cropped,C:/Users/alime/Dropbox/PC/Documents/Coding/Memoire 2023/Datasets/Brain-Tumor-Dataset-RAW/Cropped_Image_Sets/train/meningioma_cropped/M219_cropped.jpg
1099,M21_cropped,meningioma_cropped,C:/Users/alime/Dropbox/PC/Documents/Coding/Memoire 2023/Datasets/Brain-Tumor-Dataset-RAW/Cropped_Image_Sets/train/meningioma_cropped/M21_cropped.jpg
1100,M221_cropped,meningioma_cropped,C:/Users/alime/Dropbox/PC/Documents/Coding/Memoire 2023/Datasets/Brain-Tumor-Dataset-RAW/Cropped_Image_Sets/train/meningioma_cropped/M221_cropped.jpg
1101,M222_cropped,meningioma_cropped,C:/Users/alime/Dropbox/PC/Documents/Coding/Memoire 2023/Datasets/Brain-Tumor-Dataset-RAW/Cropped_Image_Sets/train/meningioma_cropped/M222_cropped.jpg
1102,M223_cropped,meningioma_cropped,C:/Users/alime/Dropbox/PC/Documents/Coding/Memoire 2023/Datasets/Brain-Tumor-Dataset-RAW/Cropped_Image_Sets/train/meningioma_cropped/M223_cropped.jpg
1103,M224_cropped,meningioma_cropped,C:/Users/alime/Dropbox/PC/Documents/Coding/Memoire 2023/Datasets/Brain-Tumor-Dataset-RAW/Cropped_Image_Sets/train/meningioma_cropped/M224_cropped.jpg
1104,M225_cropped,meningioma_cropped,C:/Users/alime/Dropbox/PC/Documents/Coding/Memoire 2023/Datasets/Brain-Tumor-Dataset-RAW/Cropped_Image_Sets/train/meningioma_cropped/M225_cropped.jpg
1105,M227_cropped,meningioma_cropped,C:/Users/alime/Dropbox/PC/Documents/Coding/Memoire 2023/Datasets/Brain-Tumor-Dataset-RAW/Cropped_Image_Sets/train/meningioma_cropped/M227_cropped.jpg
1106,M228_cropped,meningioma_cropped,C:/Users/alime/Dropbox/PC/Documents/Coding/Memoire 2023/Datasets/Brain-Tumor-Dataset-RAW/Cropped_Image_Sets/train/meningioma_cropped/M228_cropped.jpg
1107,M22_cropped,meningioma_cropped,C:/Users/alime/Dropbox/PC/Documents/Coding/Memoire 2023/Datasets/Brain-Tumor-Dataset-RAW/Cropped_Image_Sets/train/meningioma_cropped/M22_cropped.jpg
1108,M230_cropped,meningioma_cropped,C:/Users/alime/Dropbox/PC/Documents/Coding/Memoire 2023/Datasets/Brain-Tumor-Dataset-RAW/Cropped_Image_Sets/train/meningioma_cropped/M230_cropped.jpg
1109,M231_cropped,meningioma_cropped,C:/Users/alime/Dropbox/PC/Documents/Coding/Memoire 2023/Datasets/Brain-Tumor-Dataset-RAW/Cropped_Image_Sets/train/meningioma_cropped/M231_cropped.jpg
1110,M232_cropped,meningioma_cropped,C:/Users/alime/Dropbox/PC/Documents/Coding/Memoire 2023/Datasets/Brain-Tumor-Dataset-RAW/Cropped_Image_Sets/train/meningioma_cropped/M232_cropped.jpg
1111,M234_cropped,meningioma_cropped,C:/Users/alime/Dropbox/PC/Documents/Coding/Memoire 2023/Datasets/Brain-Tumor-Dataset-RAW/Cropped_Image_Sets/train/meningioma_cropped/M234_cropped.jpg
1112,M235_cropped,meningioma_cropped,C:/Users/alime/Dropbox/PC/Documents/Coding/Memoire 2023/Datasets/Brain-Tumor-Dataset-RAW/Cropped_Image_Sets/train/meningioma_cropped/M235_cropped.jpg
1113,M236_cropped,meningioma_cropped,C:/Users/alime/Dropbox/PC/Documents/Coding/Memoire 2023/Datasets/Brain-Tumor-Dataset-RAW/Cropped_Image_Sets/train/meningioma_cropped/M236_cropped.jpg
1114,M23_cropped,meningioma_cropped,C:/Users/alime/Dropbox/PC/Documents/Coding/Memoire 2023/Datasets/Brain-Tumor-Dataset-RAW/Cropped_Image_Sets/train/meningioma_cropped/M23_cropped.jpg
1115,M240_cropped,meningioma_cropped,C:/Users/alime/Dropbox/PC/Documents/Coding/Memoire 2023/Datasets/Brain-Tumor-Dataset-RAW/Cropped_Image_Sets/train/meningioma_cropped/M240_cropped.jpg
1116,M243_cropped,meningioma_cropped,C:/Users/alime/Dropbox/PC/Documents/Coding/Memoire 2023/Datasets/Brain-Tumor-Dataset-RAW/Cropped_Image_Sets/train/meningioma_cropped/M243_cropped.jpg
1117,M246_cropped,meningioma_cropped,C:/Users/alime/Dropbox/PC/Documents/Coding/Memoire 2023/Datasets/Brain-Tumor-Dataset-RAW/Cropped_Image_Sets/train/meningioma_cropped/M246_cropped.jpg
1118,M249_cropped,meningioma_cropped,C:/Users/alime/Dropbox/PC/Documents/Coding/Memoire 2023/Datasets/Brain-Tumor-Dataset-RAW/Cropped_Image_Sets/train/meningioma_cropped/M249_cropped.jpg
1119,M24_cropped,meningioma_cropped,C:/Users/alime/Dropbox/PC/Documents/Coding/Memoire 2023/Datasets/Brain-Tumor-Dataset-RAW/Cropped_Image_Sets/train/meningioma_cropped/M24_cropped.jpg
1120,M251_cropped,meningioma_cropped,C:/Users/alime/Dropbox/PC/Documents/Coding/Memoire 2023/Datasets/Brain-Tumor-Dataset-RAW/Cropped_Image_Sets/train/meningioma_cropped/M251_cropped.jpg
1121,M252_cropped,meningioma_cropped,C:/Users/alime/Dropbox/PC/Documents/Coding/Memoire 2023/Datasets/Brain-Tumor-Dataset-RAW/Cropped_Image_Sets/train/meningioma_cropped/M252_cropped.jpg
1122,M254_cropped,meningioma_cropped,C:/Users/alime/Dropbox/PC/Documents/Coding/Memoire 2023/Datasets/Brain-Tumor-Dataset-RAW/Cropped_Image_Sets/train/meningioma_cropped/M254_cropped.jpg
1123,M255_cropped,meningioma_cropped,C:/Users/alime/Dropbox/PC/Documents/Coding/Memoire 2023/Datasets/Brain-Tumor-Dataset-RAW/Cropped_Image_Sets/train/meningioma_cropped/M255_cropped.jpg
1124,M256_cropped,meningioma_cropped,C:/Users/alime/Dropbox/PC/Documents/Coding/Memoire 2023/Datasets/Brain-Tumor-Dataset-RAW/Cropped_Image_Sets/train/meningioma_cropped/M256_cropped.jpg
1125,M257_cropped,meningioma_cropped,C:/Users/alime/Dropbox/PC/Documents/Coding/Memoire 2023/Datasets/Brain-Tumor-Dataset-RAW/Cropped_Image_Sets/train/meningioma_cropped/M257_cropped.jpg
1126,M25_cropped,meningioma_cropped,C:/Users/alime/Dropbox/PC/Documents/Coding/Memoire 2023/Datasets/Brain-Tumor-Dataset-RAW/Cropped_Image_Sets/train/meningioma_cropped/M25_cropped.jpg
1127,M260_cropped,meningioma_cropped,C:/Users/alime/Dropbox/PC/Documents/Coding/Memoire 2023/Datasets/Brain-Tumor-Dataset-RAW/Cropped_Image_Sets/train/meningioma_cropped/M260_cropped.jpg
1128,M261_cropped,meningioma_cropped,C:/Users/alime/Dropbox/PC/Documents/Coding/Memoire 2023/Datasets/Brain-Tumor-Dataset-RAW/Cropped_Image_Sets/train/meningioma_cropped/M261_cropped.jpg
1129,M263_cropped,meningioma_cropped,C:/Users/alime/Dropbox/PC/Documents/Coding/Memoire 2023/Datasets/Brain-Tumor-Dataset-RAW/Cropped_Image_Sets/train/meningioma_cropped/M263_cropped.jpg
1130,M264_cropped,meningioma_cropped,C:/Users/alime/Dropbox/PC/Documents/Coding/Memoire 2023/Datasets/Brain-Tumor-Dataset-RAW/Cropped_Image_Sets/train/meningioma_cropped/M264_cropped.jpg
1131,M265_cropped,meningioma_cropped,C:/Users/alime/Dropbox/PC/Documents/Coding/Memoire 2023/Datasets/Brain-Tumor-Dataset-RAW/Cropped_Image_Sets/train/meningioma_cropped/M265_cropped.jpg
1132,M266_cropped,meningioma_cropped,C:/Users/alime/Dropbox/PC/Documents/Coding/Memoire 2023/Datasets/Brain-Tumor-Dataset-RAW/Cropped_Image_Sets/train/meningioma_cropped/M266_cropped.jpg
1133,M267_cropped,meningioma_cropped,C:/Users/alime/Dropbox/PC/Documents/Coding/Memoire 2023/Datasets/Brain-Tumor-Dataset-RAW/Cropped_Image_Sets/train/meningioma_cropped/M267_cropped.jpg
1134,M269_cropped,meningioma_cropped,C:/Users/alime/Dropbox/PC/Documents/Coding/Memoire 2023/Datasets/Brain-Tumor-Dataset-RAW/Cropped_Image_Sets/train/meningioma_cropped/M269_cropped.jpg
1135,M26_cropped,meningioma_cropped,C:/Users/alime/Dropbox/PC/Documents/Coding/Memoire 2023/Datasets/Brain-Tumor-Dataset-RAW/Cropped_Image_Sets/train/meningioma_cropped/M26_cropped.jpg
1136,M270_cropped,meningioma_cropped,C:/Users/alime/Dropbox/PC/Documents/Coding/Memoire 2023/Datasets/Brain-Tumor-Dataset-RAW/Cropped_Image_Sets/train/meningioma_cropped/M270_cropped.jpg
1137,M272_cropped,meningioma_cropped,C:/Users/alime/Dropbox/PC/Documents/Coding/Memoire 2023/Datasets/Brain-Tumor-Dataset-RAW/Cropped_Image_Sets/train/meningioma_cropped/M272_cropped.jpg
1138,M273_cropped,meningioma_cropped,C:/Users/alime/Dropbox/PC/Documents/Coding/Memoire 2023/Datasets/Brain-Tumor-Dataset-RAW/Cropped_Image_Sets/train/meningioma_cropped/M273_cropped.jpg
1139,M274_cropped,meningioma_cropped,C:/Users/alime/Dropbox/PC/Documents/Coding/Memoire 2023/Datasets/Brain-Tumor-Dataset-RAW/Cropped_Image_Sets/train/meningioma_cropped/M274_cropped.jpg
1140,M275_cropped,meningioma_cropped,C:/Users/alime/Dropbox/PC/Documents/Coding/Memoire 2023/Datasets/Brain-Tumor-Dataset-RAW/Cropped_Image_Sets/train/meningioma_cropped/M275_cropped.jpg
1141,M276_cropped,meningioma_cropped,C:/Users/alime/Dropbox/PC/Documents/Coding/Memoire 2023/Datasets/Brain-Tumor-Dataset-RAW/Cropped_Image_Sets/train/meningioma_cropped/M276_cropped.jpg
1142,M277_cropped,meningioma_cropped,C:/Users/alime/Dropbox/PC/Documents/Coding/Memoire 2023/Datasets/Brain-Tumor-Dataset-RAW/Cropped_Image_Sets/train/meningioma_cropped/M277_cropped.jpg
1143,M27_cropped,meningioma_cropped,C:/Users/alime/Dropbox/PC/Documents/Coding/Memoire 2023/Datasets/Brain-Tumor-Dataset-RAW/Cropped_Image_Sets/train/meningioma_cropped/M27_cropped.jpg
1144,M283_cropped,meningioma_cropped,C:/Users/alime/Dropbox/PC/Documents/Coding/Memoire 2023/Datasets/Brain-Tumor-Dataset-RAW/Cropped_Image_Sets/train/meningioma_cropped/M283_cropped.jpg
1145,M284_cropped,meningioma_cropped,C:/Users/alime/Dropbox/PC/Documents/Coding/Memoire 2023/Datasets/Brain-Tumor-Dataset-RAW/Cropped_Image_Sets/train/meningioma_cropped/M284_cropped.jpg
1146,M285_cropped,meningioma_cropped,C:/Users/alime/Dropbox/PC/Documents/Coding/Memoire 2023/Datasets/Brain-Tumor-Dataset-RAW/Cropped_Image_Sets/train/meningioma_cropped/M285_cropped.jpg
1147,M287_cropped,meningioma_cropped,C:/Users/alime/Dropbox/PC/Documents/Coding/Memoire 2023/Datasets/Brain-Tumor-Dataset-RAW/Cropped_Image_Sets/train/meningioma_cropped/M287_cropped.jpg
1148,M289_cropped,meningioma_cropped,C:/Users/alime/Dropbox/PC/Documents/Coding/Memoire 2023/Datasets/Brain-Tumor-Dataset-RAW/Cropped_Image_Sets/train/meningioma_cropped/M289_cropped.jpg
1149,M290_cropped,meningioma_cropped,C:/Users/alime/Dropbox/PC/Documents/Coding/Memoire 2023/Datasets/Brain-Tumor-Dataset-RAW/Cropped_Image_Sets/train/meningioma_cropped/M290_cropped.jpg
1150,M291_cropped,meningioma_cropped,C:/Users/alime/Dropbox/PC/Documents/Coding/Memoire 2023/Datasets/Brain-Tumor-Dataset-RAW/Cropped_Image_Sets/train/meningioma_cropped/M291_cropped.jpg
1151,M292_cropped,meningioma_cropped,C:/Users/alime/Dropbox/PC/Documents/Coding/Memoire 2023/Datasets/Brain-Tumor-Dataset-RAW/Cropped_Image_Sets/train/meningioma_cropped/M292_cropped.jpg
1152,M294_cropped,meningioma_cropped,C:/Users/alime/Dropbox/PC/Documents/Coding/Memoire 2023/Datasets/Brain-Tumor-Dataset-RAW/Cropped_Image_Sets/train/meningioma_cropped/M294_cropped.jpg
1153,M295_cropped,meningioma_cropped,C:/Users/alime/Dropbox/PC/Documents/Coding/Memoire 2023/Datasets/Brain-Tumor-Dataset-RAW/Cropped_Image_Sets/train/meningioma_cropped/M295_cropped.jpg
1154,M296_cropped,meningioma_cropped,C:/Users/alime/Dropbox/PC/Documents/Coding/Memoire 2023/Datasets/Brain-Tumor-Dataset-RAW/Cropped_Image_Sets/train/meningioma_cropped/M296_cropped.jpg
1155,M299_cropped,meningioma_cropped,C:/Users/alime/Dropbox/PC/Documents/Coding/Memoire 2023/Datasets/Brain-Tumor-Dataset-RAW/Cropped_Image_Sets/train/meningioma_cropped/M299_cropped.jpg
1156,M29_cropped,meningioma_cropped,C:/Users/alime/Dropbox/PC/Documents/Coding/Memoire 2023/Datasets/Brain-Tumor-Dataset-RAW/Cropped_Image_Sets/train/meningioma_cropped/M29_cropped.jpg
1157,M2_cropped,meningioma_cropped,C:/Users/alime/Dropbox/PC/Documents/Coding/Memoire 2023/Datasets/Brain-Tumor-Dataset-RAW/Cropped_Image_Sets/train/meningioma_cropped/M2_cropped.jpg
1158,M300_cropped,meningioma_cropped,C:/Users/alime/Dropbox/PC/Documents/Coding/Memoire 2023/Datasets/Brain-Tumor-Dataset-RAW/Cropped_Image_Sets/train/meningioma_cropped/M300_cropped.jpg
1159,M301_cropped,meningioma_cropped,C:/Users/alime/Dropbox/PC/Documents/Coding/Memoire 2023/Datasets/Brain-Tumor-Dataset-RAW/Cropped_Image_Sets/train/meningioma_cropped/M301_cropped.jpg
1160,M302_cropped,meningioma_cropped,C:/Users/alime/Dropbox/PC/Documents/Coding/Memoire 2023/Datasets/Brain-Tumor-Dataset-RAW/Cropped_Image_Sets/train/meningioma_cropped/M302_cropped.jpg
1161,M305_cropped,meningioma_cropped,C:/Users/alime/Dropbox/PC/Documents/Coding/Memoire 2023/Datasets/Brain-Tumor-Dataset-RAW/Cropped_Image_Sets/train/meningioma_cropped/M305_cropped.jpg
1162,M307_cropped,meningioma_cropped,C:/Users/alime/Dropbox/PC/Documents/Coding/Memoire 2023/Datasets/Brain-Tumor-Dataset-RAW/Cropped_Image_Sets/train/meningioma_cropped/M307_cropped.jpg
1163,M309_cropped,meningioma_cropped,C:/Users/alime/Dropbox/PC/Documents/Coding/Memoire 2023/Datasets/Brain-Tumor-Dataset-RAW/Cropped_Image_Sets/train/meningioma_cropped/M309_cropped.jpg
1164,M30_cropped,meningioma_cropped,C:/Users/alime/Dropbox/PC/Documents/Coding/Memoire 2023/Datasets/Brain-Tumor-Dataset-RAW/Cropped_Image_Sets/train/meningioma_cropped/M30_cropped.jpg
1165,M310_cropped,meningioma_cropped,C:/Users/alime/Dropbox/PC/Documents/Coding/Memoire 2023/Datasets/Brain-Tumor-Dataset-RAW/Cropped_Image_Sets/train/meningioma_cropped/M310_cropped.jpg
1166,M312_cropped,meningioma_cropped,C:/Users/alime/Dropbox/PC/Documents/Coding/Memoire 2023/Datasets/Brain-Tumor-Dataset-RAW/Cropped_Image_Sets/train/meningioma_cropped/M312_cropped.jpg
1167,M314_cropped,meningioma_cropped,C:/Users/alime/Dropbox/PC/Documents/Coding/Memoire 2023/Datasets/Brain-Tumor-Dataset-RAW/Cropped_Image_Sets/train/meningioma_cropped/M314_cropped.jpg
1168,M315_cropped,meningioma_cropped,C:/Users/alime/Dropbox/PC/Documents/Coding/Memoire 2023/Datasets/Brain-Tumor-Dataset-RAW/Cropped_Image_Sets/train/meningioma_cropped/M315_cropped.jpg
1169,M316_cropped,meningioma_cropped,C:/Users/alime/Dropbox/PC/Documents/Coding/Memoire 2023/Datasets/Brain-Tumor-Dataset-RAW/Cropped_Image_Sets/train/meningioma_cropped/M316_cropped.jpg
1170,M317_cropped,meningioma_cropped,C:/Users/alime/Dropbox/PC/Documents/Coding/Memoire 2023/Datasets/Brain-Tumor-Dataset-RAW/Cropped_Image_Sets/train/meningioma_cropped/M317_cropped.jpg
1171,M318_cropped,meningioma_cropped,C:/Users/alime/Dropbox/PC/Documents/Coding/Memoire 2023/Datasets/Brain-Tumor-Dataset-RAW/Cropped_Image_Sets/train/meningioma_cropped/M318_cropped.jpg
1172,M31_cropped,meningioma_cropped,C:/Users/alime/Dropbox/PC/Documents/Coding/Memoire 2023/Datasets/Brain-Tumor-Dataset-RAW/Cropped_Image_Sets/train/meningioma_cropped/M31_cropped.jpg
1173,M320_cropped,meningioma_cropped,C:/Users/alime/Dropbox/PC/Documents/Coding/Memoire 2023/Datasets/Brain-Tumor-Dataset-RAW/Cropped_Image_Sets/train/meningioma_cropped/M320_cropped.jpg
1174,M321_cropped,meningioma_cropped,C:/Users/alime/Dropbox/PC/Documents/Coding/Memoire 2023/Datasets/Brain-Tumor-Dataset-RAW/Cropped_Image_Sets/train/meningioma_cropped/M321_cropped.jpg
1175,M322_cropped,meningioma_cropped,C:/Users/alime/Dropbox/PC/Documents/Coding/Memoire 2023/Datasets/Brain-Tumor-Dataset-RAW/Cropped_Image_Sets/train/meningioma_cropped/M322_cropped.jpg
1176,M323_cropped,meningioma_cropped,C:/Users/alime/Dropbox/PC/Documents/Coding/Memoire 2023/Datasets/Brain-Tumor-Dataset-RAW/Cropped_Image_Sets/train/meningioma_cropped/M323_cropped.jpg
1177,M325_cropped,meningioma_cropped,C:/Users/alime/Dropbox/PC/Documents/Coding/Memoire 2023/Datasets/Brain-Tumor-Dataset-RAW/Cropped_Image_Sets/train/meningioma_cropped/M325_cropped.jpg
1178,M326_cropped,meningioma_cropped,C:/Users/alime/Dropbox/PC/Documents/Coding/Memoire 2023/Datasets/Brain-Tumor-Dataset-RAW/Cropped_Image_Sets/train/meningioma_cropped/M326_cropped.jpg
1179,M327_cropped,meningioma_cropped,C:/Users/alime/Dropbox/PC/Documents/Coding/Memoire 2023/Datasets/Brain-Tumor-Dataset-RAW/Cropped_Image_Sets/train/meningioma_cropped/M327_cropped.jpg
1180,M329_cropped,meningioma_cropped,C:/Users/alime/Dropbox/PC/Documents/Coding/Memoire 2023/Datasets/Brain-Tumor-Dataset-RAW/Cropped_Image_Sets/train/meningioma_cropped/M329_cropped.jpg
1181,M32_cropped,meningioma_cropped,C:/Users/alime/Dropbox/PC/Documents/Coding/Memoire 2023/Datasets/Brain-Tumor-Dataset-RAW/Cropped_Image_Sets/train/meningioma_cropped/M32_cropped.jpg
1182,M330_cropped,meningioma_cropped,C:/Users/alime/Dropbox/PC/Documents/Coding/Memoire 2023/Datasets/Brain-Tumor-Dataset-RAW/Cropped_Image_Sets/train/meningioma_cropped/M330_cropped.jpg
1183,M331_cropped,meningioma_cropped,C:/Users/alime/Dropbox/PC/Documents/Coding/Memoire 2023/Datasets/Brain-Tumor-Dataset-RAW/Cropped_Image_Sets/train/meningioma_cropped/M331_cropped.jpg
1184,M332_cropped,meningioma_cropped,C:/Users/alime/Dropbox/PC/Documents/Coding/Memoire 2023/Datasets/Brain-Tumor-Dataset-RAW/Cropped_Image_Sets/train/meningioma_cropped/M332_cropped.jpg
1185,M335_cropped,meningioma_cropped,C:/Users/alime/Dropbox/PC/Documents/Coding/Memoire 2023/Datasets/Brain-Tumor-Dataset-RAW/Cropped_Image_Sets/train/meningioma_cropped/M335_cropped.jpg
1186,M336_cropped,meningioma_cropped,C:/Users/alime/Dropbox/PC/Documents/Coding/Memoire 2023/Datasets/Brain-Tumor-Dataset-RAW/Cropped_Image_Sets/train/meningioma_cropped/M336_cropped.jpg
1187,M337_cropped,meningioma_cropped,C:/Users/alime/Dropbox/PC/Documents/Coding/Memoire 2023/Datasets/Brain-Tumor-Dataset-RAW/Cropped_Image_Sets/train/meningioma_cropped/M337_cropped.jpg
1188,M339_cropped,meningioma_cropped,C:/Users/alime/Dropbox/PC/Documents/Coding/Memoire 2023/Datasets/Brain-Tumor-Dataset-RAW/Cropped_Image_Sets/train/meningioma_cropped/M339_cropped.jpg
1189,M33_cropped,meningioma_cropped,C:/Users/alime/Dropbox/PC/Documents/Coding/Memoire 2023/Datasets/Brain-Tumor-Dataset-RAW/Cropped_Image_Sets/train/meningioma_cropped/M33_cropped.jpg
1190,M340_cropped,meningioma_cropped,C:/Users/alime/Dropbox/PC/Documents/Coding/Memoire 2023/Datasets/Brain-Tumor-Dataset-RAW/Cropped_Image_Sets/train/meningioma_cropped/M340_cropped.jpg
1191,M341_cropped,meningioma_cropped,C:/Users/alime/Dropbox/PC/Documents/Coding/Memoire 2023/Datasets/Brain-Tumor-Dataset-RAW/Cropped_Image_Sets/train/meningioma_cropped/M341_cropped.jpg
1192,M344_cropped,meningioma_cropped,C:/Users/alime/Dropbox/PC/Documents/Coding/Memoire 2023/Datasets/Brain-Tumor-Dataset-RAW/Cropped_Image_Sets/train/meningioma_cropped/M344_cropped.jpg
1193,M346_cropped,meningioma_cropped,C:/Users/alime/Dropbox/PC/Documents/Coding/Memoire 2023/Datasets/Brain-Tumor-Dataset-RAW/Cropped_Image_Sets/train/meningioma_cropped/M346_cropped.jpg
1194,M347_cropped,meningioma_cropped,C:/Users/alime/Dropbox/PC/Documents/Coding/Memoire 2023/Datasets/Brain-Tumor-Dataset-RAW/Cropped_Image_Sets/train/meningioma_cropped/M347_cropped.jpg
1195,M348_cropped,meningioma_cropped,C:/Users/alime/Dropbox/PC/Documents/Coding/Memoire 2023/Datasets/Brain-Tumor-Dataset-RAW/Cropped_Image_Sets/train/meningioma_cropped/M348_cropped.jpg
1196,M349_cropped,meningioma_cropped,C:/Users/alime/Dropbox/PC/Documents/Coding/Memoire 2023/Datasets/Brain-Tumor-Dataset-RAW/Cropped_Image_Sets/train/meningioma_cropped/M349_cropped.jpg
1197,M34_cropped,meningioma_cropped,C:/Users/alime/Dropbox/PC/Documents/Coding/Memoire 2023/Datasets/Brain-Tumor-Dataset-RAW/Cropped_Image_Sets/train/meningioma_cropped/M34_cropped.jpg
1198,M350_cropped,meningioma_cropped,C:/Users/alime/Dropbox/PC/Documents/Coding/Memoire 2023/Datasets/Brain-Tumor-Dataset-RAW/Cropped_Image_Sets/train/meningioma_cropped/M350_cropped.jpg
1199,M351_cropped,meningioma_cropped,C:/Users/alime/Dropbox/PC/Documents/Coding/Memoire 2023/Datasets/Brain-Tumor-Dataset-RAW/Cropped_Image_Sets/train/meningioma_cropped/M351_cropped.jpg
1200,M352_cropped,meningioma_cropped,C:/Users/alime/Dropbox/PC/Documents/Coding/Memoire 2023/Datasets/Brain-Tumor-Dataset-RAW/Cropped_Image_Sets/train/meningioma_cropped/M352_cropped.jpg
1201,M353_cropped,meningioma_cropped,C:/Users/alime/Dropbox/PC/Documents/Coding/Memoire 2023/Datasets/Brain-Tumor-Dataset-RAW/Cropped_Image_Sets/train/meningioma_cropped/M353_cropped.jpg
1202,M357_cropped,meningioma_cropped,C:/Users/alime/Dropbox/PC/Documents/Coding/Memoire 2023/Datasets/Brain-Tumor-Dataset-RAW/Cropped_Image_Sets/train/meningioma_cropped/M357_cropped.jpg
1203,M358_cropped,meningioma_cropped,C:/Users/alime/Dropbox/PC/Documents/Coding/Memoire 2023/Datasets/Brain-Tumor-Dataset-RAW/Cropped_Image_Sets/train/meningioma_cropped/M358_cropped.jpg
1204,M359_cropped,meningioma_cropped,C:/Users/alime/Dropbox/PC/Documents/Coding/Memoire 2023/Datasets/Brain-Tumor-Dataset-RAW/Cropped_Image_Sets/train/meningioma_cropped/M359_cropped.jpg
1205,M35_cropped,meningioma_cropped,C:/Users/alime/Dropbox/PC/Documents/Coding/Memoire 2023/Datasets/Brain-Tumor-Dataset-RAW/Cropped_Image_Sets/train/meningioma_cropped/M35_cropped.jpg
1206,M360_cropped,meningioma_cropped,C:/Users/alime/Dropbox/PC/Documents/Coding/Memoire 2023/Datasets/Brain-Tumor-Dataset-RAW/Cropped_Image_Sets/train/meningioma_cropped/M360_cropped.jpg
1207,M361_cropped,meningioma_cropped,C:/Users/alime/Dropbox/PC/Documents/Coding/Memoire 2023/Datasets/Brain-Tumor-Dataset-RAW/Cropped_Image_Sets/train/meningioma_cropped/M361_cropped.jpg
1208,M362_cropped,meningioma_cropped,C:/Users/alime/Dropbox/PC/Documents/Coding/Memoire 2023/Datasets/Brain-Tumor-Dataset-RAW/Cropped_Image_Sets/train/meningioma_cropped/M362_cropped.jpg
1209,M364_cropped,meningioma_cropped,C:/Users/alime/Dropbox/PC/Documents/Coding/Memoire 2023/Datasets/Brain-Tumor-Dataset-RAW/Cropped_Image_Sets/train/meningioma_cropped/M364_cropped.jpg
1210,M365_cropped,meningioma_cropped,C:/Users/alime/Dropbox/PC/Documents/Coding/Memoire 2023/Datasets/Brain-Tumor-Dataset-RAW/Cropped_Image_Sets/train/meningioma_cropped/M365_cropped.jpg
1211,M367_cropped,meningioma_cropped,C:/Users/alime/Dropbox/PC/Documents/Coding/Memoire 2023/Datasets/Brain-Tumor-Dataset-RAW/Cropped_Image_Sets/train/meningioma_cropped/M367_cropped.jpg
1212,M368_cropped,meningioma_cropped,C:/Users/alime/Dropbox/PC/Documents/Coding/Memoire 2023/Datasets/Brain-Tumor-Dataset-RAW/Cropped_Image_Sets/train/meningioma_cropped/M368_cropped.jpg
1213,M369_cropped,meningioma_cropped,C:/Users/alime/Dropbox/PC/Documents/Coding/Memoire 2023/Datasets/Brain-Tumor-Dataset-RAW/Cropped_Image_Sets/train/meningioma_cropped/M369_cropped.jpg
1214,M36_cropped,meningioma_cropped,C:/Users/alime/Dropbox/PC/Documents/Coding/Memoire 2023/Datasets/Brain-Tumor-Dataset-RAW/Cropped_Image_Sets/train/meningioma_cropped/M36_cropped.jpg
1215,M370_cropped,meningioma_cropped,C:/Users/alime/Dropbox/PC/Documents/Coding/Memoire 2023/Datasets/Brain-Tumor-Dataset-RAW/Cropped_Image_Sets/train/meningioma_cropped/M370_cropped.jpg
1216,M371_cropped,meningioma_cropped,C:/Users/alime/Dropbox/PC/Documents/Coding/Memoire 2023/Datasets/Brain-Tumor-Dataset-RAW/Cropped_Image_Sets/train/meningioma_cropped/M371_cropped.jpg
1217,M372_cropped,meningioma_cropped,C:/Users/alime/Dropbox/PC/Documents/Coding/Memoire 2023/Datasets/Brain-Tumor-Dataset-RAW/Cropped_Image_Sets/train/meningioma_cropped/M372_cropped.jpg
1218,M373_cropped,meningioma_cropped,C:/Users/alime/Dropbox/PC/Documents/Coding/Memoire 2023/Datasets/Brain-Tumor-Dataset-RAW/Cropped_Image_Sets/train/meningioma_cropped/M373_cropped.jpg
1219,M375_cropped,meningioma_cropped,C:/Users/alime/Dropbox/PC/Documents/Coding/Memoire 2023/Datasets/Brain-Tumor-Dataset-RAW/Cropped_Image_Sets/train/meningioma_cropped/M375_cropped.jpg
1220,M376_cropped,meningioma_cropped,C:/Users/alime/Dropbox/PC/Documents/Coding/Memoire 2023/Datasets/Brain-Tumor-Dataset-RAW/Cropped_Image_Sets/train/meningioma_cropped/M376_cropped.jpg
1221,M377_cropped,meningioma_cropped,C:/Users/alime/Dropbox/PC/Documents/Coding/Memoire 2023/Datasets/Brain-Tumor-Dataset-RAW/Cropped_Image_Sets/train/meningioma_cropped/M377_cropped.jpg
1222,M378_cropped,meningioma_cropped,C:/Users/alime/Dropbox/PC/Documents/Coding/Memoire 2023/Datasets/Brain-Tumor-Dataset-RAW/Cropped_Image_Sets/train/meningioma_cropped/M378_cropped.jpg
1223,M37_cropped,meningioma_cropped,C:/Users/alime/Dropbox/PC/Documents/Coding/Memoire 2023/Datasets/Brain-Tumor-Dataset-RAW/Cropped_Image_Sets/train/meningioma_cropped/M37_cropped.jpg
1224,M380_cropped,meningioma_cropped,C:/Users/alime/Dropbox/PC/Documents/Coding/Memoire 2023/Datasets/Brain-Tumor-Dataset-RAW/Cropped_Image_Sets/train/meningioma_cropped/M380_cropped.jpg
1225,M381_cropped,meningioma_cropped,C:/Users/alime/Dropbox/PC/Documents/Coding/Memoire 2023/Datasets/Brain-Tumor-Dataset-RAW/Cropped_Image_Sets/train/meningioma_cropped/M381_cropped.jpg
1226,M383_cropped,meningioma_cropped,C:/Users/alime/Dropbox/PC/Documents/Coding/Memoire 2023/Datasets/Brain-Tumor-Dataset-RAW/Cropped_Image_Sets/train/meningioma_cropped/M383_cropped.jpg
1227,M386_cropped,meningioma_cropped,C:/Users/alime/Dropbox/PC/Documents/Coding/Memoire 2023/Datasets/Brain-Tumor-Dataset-RAW/Cropped_Image_Sets/train/meningioma_cropped/M386_cropped.jpg
1228,M387_cropped,meningioma_cropped,C:/Users/alime/Dropbox/PC/Documents/Coding/Memoire 2023/Datasets/Brain-Tumor-Dataset-RAW/Cropped_Image_Sets/train/meningioma_cropped/M387_cropped.jpg
1229,M389_cropped,meningioma_cropped,C:/Users/alime/Dropbox/PC/Documents/Coding/Memoire 2023/Datasets/Brain-Tumor-Dataset-RAW/Cropped_Image_Sets/train/meningioma_cropped/M389_cropped.jpg
1230,M38_cropped,meningioma_cropped,C:/Users/alime/Dropbox/PC/Documents/Coding/Memoire 2023/Datasets/Brain-Tumor-Dataset-RAW/Cropped_Image_Sets/train/meningioma_cropped/M38_cropped.jpg
1231,M393_cropped,meningioma_cropped,C:/Users/alime/Dropbox/PC/Documents/Coding/Memoire 2023/Datasets/Brain-Tumor-Dataset-RAW/Cropped_Image_Sets/train/meningioma_cropped/M393_cropped.jpg
1232,M394_cropped,meningioma_cropped,C:/Users/alime/Dropbox/PC/Documents/Coding/Memoire 2023/Datasets/Brain-Tumor-Dataset-RAW/Cropped_Image_Sets/train/meningioma_cropped/M394_cropped.jpg
1233,M395_cropped,meningioma_cropped,C:/Users/alime/Dropbox/PC/Documents/Coding/Memoire 2023/Datasets/Brain-Tumor-Dataset-RAW/Cropped_Image_Sets/train/meningioma_cropped/M395_cropped.jpg
1234,M396_cropped,meningioma_cropped,C:/Users/alime/Dropbox/PC/Documents/Coding/Memoire 2023/Datasets/Brain-Tumor-Dataset-RAW/Cropped_Image_Sets/train/meningioma_cropped/M396_cropped.jpg
1235,M397_cropped,meningioma_cropped,C:/Users/alime/Dropbox/PC/Documents/Coding/Memoire 2023/Datasets/Brain-Tumor-Dataset-RAW/Cropped_Image_Sets/train/meningioma_cropped/M397_cropped.jpg
1236,M399_cropped,meningioma_cropped,C:/Users/alime/Dropbox/PC/Documents/Coding/Memoire 2023/Datasets/Brain-Tumor-Dataset-RAW/Cropped_Image_Sets/train/meningioma_cropped/M399_cropped.jpg
1237,M3_cropped,meningioma_cropped,C:/Users/alime/Dropbox/PC/Documents/Coding/Memoire 2023/Datasets/Brain-Tumor-Dataset-RAW/Cropped_Image_Sets/train/meningioma_cropped/M3_cropped.jpg
1238,M400_cropped,meningioma_cropped,C:/Users/alime/Dropbox/PC/Documents/Coding/Memoire 2023/Datasets/Brain-Tumor-Dataset-RAW/Cropped_Image_Sets/train/meningioma_cropped/M400_cropped.jpg
1239,M401_cropped,meningioma_cropped,C:/Users/alime/Dropbox/PC/Documents/Coding/Memoire 2023/Datasets/Brain-Tumor-Dataset-RAW/Cropped_Image_Sets/train/meningioma_cropped/M401_cropped.jpg
1240,M402_cropped,meningioma_cropped,C:/Users/alime/Dropbox/PC/Documents/Coding/Memoire 2023/Datasets/Brain-Tumor-Dataset-RAW/Cropped_Image_Sets/train/meningioma_cropped/M402_cropped.jpg
1241,M404_cropped,meningioma_cropped,C:/Users/alime/Dropbox/PC/Documents/Coding/Memoire 2023/Datasets/Brain-Tumor-Dataset-RAW/Cropped_Image_Sets/train/meningioma_cropped/M404_cropped.jpg
1242,M405_cropped,meningioma_cropped,C:/Users/alime/Dropbox/PC/Documents/Coding/Memoire 2023/Datasets/Brain-Tumor-Dataset-RAW/Cropped_Image_Sets/train/meningioma_cropped/M405_cropped.jpg
1243,M406_cropped,meningioma_cropped,C:/Users/alime/Dropbox/PC/Documents/Coding/Memoire 2023/Datasets/Brain-Tumor-Dataset-RAW/Cropped_Image_Sets/train/meningioma_cropped/M406_cropped.jpg
1244,M409_cropped,meningioma_cropped,C:/Users/alime/Dropbox/PC/Documents/Coding/Memoire 2023/Datasets/Brain-Tumor-Dataset-RAW/Cropped_Image_Sets/train/meningioma_cropped/M409_cropped.jpg
1245,M40_cropped,meningioma_cropped,C:/Users/alime/Dropbox/PC/Documents/Coding/Memoire 2023/Datasets/Brain-Tumor-Dataset-RAW/Cropped_Image_Sets/train/meningioma_cropped/M40_cropped.jpg
1246,M411_cropped,meningioma_cropped,C:/Users/alime/Dropbox/PC/Documents/Coding/Memoire 2023/Datasets/Brain-Tumor-Dataset-RAW/Cropped_Image_Sets/train/meningioma_cropped/M411_cropped.jpg
1247,M412_cropped,meningioma_cropped,C:/Users/alime/Dropbox/PC/Documents/Coding/Memoire 2023/Datasets/Brain-Tumor-Dataset-RAW/Cropped_Image_Sets/train/meningioma_cropped/M412_cropped.jpg
1248,M413_cropped,meningioma_cropped,C:/Users/alime/Dropbox/PC/Documents/Coding/Memoire 2023/Datasets/Brain-Tumor-Dataset-RAW/Cropped_Image_Sets/train/meningioma_cropped/M413_cropped.jpg
1249,M414_cropped,meningioma_cropped,C:/Users/alime/Dropbox/PC/Documents/Coding/Memoire 2023/Datasets/Brain-Tumor-Dataset-RAW/Cropped_Image_Sets/train/meningioma_cropped/M414_cropped.jpg
1250,M415_cropped,meningioma_cropped,C:/Users/alime/Dropbox/PC/Documents/Coding/Memoire 2023/Datasets/Brain-Tumor-Dataset-RAW/Cropped_Image_Sets/train/meningioma_cropped/M415_cropped.jpg
1251,M417_cropped,meningioma_cropped,C:/Users/alime/Dropbox/PC/Documents/Coding/Memoire 2023/Datasets/Brain-Tumor-Dataset-RAW/Cropped_Image_Sets/train/meningioma_cropped/M417_cropped.jpg
1252,M418_cropped,meningioma_cropped,C:/Users/alime/Dropbox/PC/Documents/Coding/Memoire 2023/Datasets/Brain-Tumor-Dataset-RAW/Cropped_Image_Sets/train/meningioma_cropped/M418_cropped.jpg
1253,M41_cropped,meningioma_cropped,C:/Users/alime/Dropbox/PC/Documents/Coding/Memoire 2023/Datasets/Brain-Tumor-Dataset-RAW/Cropped_Image_Sets/train/meningioma_cropped/M41_cropped.jpg
1254,M423_cropped,meningioma_cropped,C:/Users/alime/Dropbox/PC/Documents/Coding/Memoire 2023/Datasets/Brain-Tumor-Dataset-RAW/Cropped_Image_Sets/train/meningioma_cropped/M423_cropped.jpg
1255,M424_cropped,meningioma_cropped,C:/Users/alime/Dropbox/PC/Documents/Coding/Memoire 2023/Datasets/Brain-Tumor-Dataset-RAW/Cropped_Image_Sets/train/meningioma_cropped/M424_cropped.jpg
1256,M427_cropped,meningioma_cropped,C:/Users/alime/Dropbox/PC/Documents/Coding/Memoire 2023/Datasets/Brain-Tumor-Dataset-RAW/Cropped_Image_Sets/train/meningioma_cropped/M427_cropped.jpg
1257,M42_cropped,meningioma_cropped,C:/Users/alime/Dropbox/PC/Documents/Coding/Memoire 2023/Datasets/Brain-Tumor-Dataset-RAW/Cropped_Image_Sets/train/meningioma_cropped/M42_cropped.jpg
1258,M430_cropped,meningioma_cropped,C:/Users/alime/Dropbox/PC/Documents/Coding/Memoire 2023/Datasets/Brain-Tumor-Dataset-RAW/Cropped_Image_Sets/train/meningioma_cropped/M430_cropped.jpg
1259,M433_cropped,meningioma_cropped,C:/Users/alime/Dropbox/PC/Documents/Coding/Memoire 2023/Datasets/Brain-Tumor-Dataset-RAW/Cropped_Image_Sets/train/meningioma_cropped/M433_cropped.jpg
1260,M434_cropped,meningioma_cropped,C:/Users/alime/Dropbox/PC/Documents/Coding/Memoire 2023/Datasets/Brain-Tumor-Dataset-RAW/Cropped_Image_Sets/train/meningioma_cropped/M434_cropped.jpg
1261,M435_cropped,meningioma_cropped,C:/Users/alime/Dropbox/PC/Documents/Coding/Memoire 2023/Datasets/Brain-Tumor-Dataset-RAW/Cropped_Image_Sets/train/meningioma_cropped/M435_cropped.jpg
1262,M436_cropped,meningioma_cropped,C:/Users/alime/Dropbox/PC/Documents/Coding/Memoire 2023/Datasets/Brain-Tumor-Dataset-RAW/Cropped_Image_Sets/train/meningioma_cropped/M436_cropped.jpg
1263,M439_cropped,meningioma_cropped,C:/Users/alime/Dropbox/PC/Documents/Coding/Memoire 2023/Datasets/Brain-Tumor-Dataset-RAW/Cropped_Image_Sets/train/meningioma_cropped/M439_cropped.jpg
1264,M43_cropped,meningioma_cropped,C:/Users/alime/Dropbox/PC/Documents/Coding/Memoire 2023/Datasets/Brain-Tumor-Dataset-RAW/Cropped_Image_Sets/train/meningioma_cropped/M43_cropped.jpg
1265,M440_cropped,meningioma_cropped,C:/Users/alime/Dropbox/PC/Documents/Coding/Memoire 2023/Datasets/Brain-Tumor-Dataset-RAW/Cropped_Image_Sets/train/meningioma_cropped/M440_cropped.jpg
1266,M441_cropped,meningioma_cropped,C:/Users/alime/Dropbox/PC/Documents/Coding/Memoire 2023/Datasets/Brain-Tumor-Dataset-RAW/Cropped_Image_Sets/train/meningioma_cropped/M441_cropped.jpg
1267,M442_cropped,meningioma_cropped,C:/Users/alime/Dropbox/PC/Documents/Coding/Memoire 2023/Datasets/Brain-Tumor-Dataset-RAW/Cropped_Image_Sets/train/meningioma_cropped/M442_cropped.jpg
1268,M443_cropped,meningioma_cropped,C:/Users/alime/Dropbox/PC/Documents/Coding/Memoire 2023/Datasets/Brain-Tumor-Dataset-RAW/Cropped_Image_Sets/train/meningioma_cropped/M443_cropped.jpg
1269,M444_cropped,meningioma_cropped,C:/Users/alime/Dropbox/PC/Documents/Coding/Memoire 2023/Datasets/Brain-Tumor-Dataset-RAW/Cropped_Image_Sets/train/meningioma_cropped/M444_cropped.jpg
1270,M445_cropped,meningioma_cropped,C:/Users/alime/Dropbox/PC/Documents/Coding/Memoire 2023/Datasets/Brain-Tumor-Dataset-RAW/Cropped_Image_Sets/train/meningioma_cropped/M445_cropped.jpg
1271,M446_cropped,meningioma_cropped,C:/Users/alime/Dropbox/PC/Documents/Coding/Memoire 2023/Datasets/Brain-Tumor-Dataset-RAW/Cropped_Image_Sets/train/meningioma_cropped/M446_cropped.jpg
1272,M447_cropped,meningioma_cropped,C:/Users/alime/Dropbox/PC/Documents/Coding/Memoire 2023/Datasets/Brain-Tumor-Dataset-RAW/Cropped_Image_Sets/train/meningioma_cropped/M447_cropped.jpg
1273,M449_cropped,meningioma_cropped,C:/Users/alime/Dropbox/PC/Documents/Coding/Memoire 2023/Datasets/Brain-Tumor-Dataset-RAW/Cropped_Image_Sets/train/meningioma_cropped/M449_cropped.jpg
1274,M452_cropped,meningioma_cropped,C:/Users/alime/Dropbox/PC/Documents/Coding/Memoire 2023/Datasets/Brain-Tumor-Dataset-RAW/Cropped_Image_Sets/train/meningioma_cropped/M452_cropped.jpg
1275,M453_cropped,meningioma_cropped,C:/Users/alime/Dropbox/PC/Documents/Coding/Memoire 2023/Datasets/Brain-Tumor-Dataset-RAW/Cropped_Image_Sets/train/meningioma_cropped/M453_cropped.jpg
1276,M455_cropped,meningioma_cropped,C:/Users/alime/Dropbox/PC/Documents/Coding/Memoire 2023/Datasets/Brain-Tumor-Dataset-RAW/Cropped_Image_Sets/train/meningioma_cropped/M455_cropped.jpg
1277,M457_cropped,meningioma_cropped,C:/Users/alime/Dropbox/PC/Documents/Coding/Memoire 2023/Datasets/Brain-Tumor-Dataset-RAW/Cropped_Image_Sets/train/meningioma_cropped/M457_cropped.jpg
1278,M458_cropped,meningioma_cropped,C:/Users/alime/Dropbox/PC/Documents/Coding/Memoire 2023/Datasets/Brain-Tumor-Dataset-RAW/Cropped_Image_Sets/train/meningioma_cropped/M458_cropped.jpg
1279,M459_cropped,meningioma_cropped,C:/Users/alime/Dropbox/PC/Documents/Coding/Memoire 2023/Datasets/Brain-Tumor-Dataset-RAW/Cropped_Image_Sets/train/meningioma_cropped/M459_cropped.jpg
1280,M460_cropped,meningioma_cropped,C:/Users/alime/Dropbox/PC/Documents/Coding/Memoire 2023/Datasets/Brain-Tumor-Dataset-RAW/Cropped_Image_Sets/train/meningioma_cropped/M460_cropped.jpg
1281,M464_cropped,meningioma_cropped,C:/Users/alime/Dropbox/PC/Documents/Coding/Memoire 2023/Datasets/Brain-Tumor-Dataset-RAW/Cropped_Image_Sets/train/meningioma_cropped/M464_cropped.jpg
1282,M465_cropped,meningioma_cropped,C:/Users/alime/Dropbox/PC/Documents/Coding/Memoire 2023/Datasets/Brain-Tumor-Dataset-RAW/Cropped_Image_Sets/train/meningioma_cropped/M465_cropped.jpg
1283,M466_cropped,meningioma_cropped,C:/Users/alime/Dropbox/PC/Documents/Coding/Memoire 2023/Datasets/Brain-Tumor-Dataset-RAW/Cropped_Image_Sets/train/meningioma_cropped/M466_cropped.jpg
1284,M467_cropped,meningioma_cropped,C:/Users/alime/Dropbox/PC/Documents/Coding/Memoire 2023/Datasets/Brain-Tumor-Dataset-RAW/Cropped_Image_Sets/train/meningioma_cropped/M467_cropped.jpg
1285,M468_cropped,meningioma_cropped,C:/Users/alime/Dropbox/PC/Documents/Coding/Memoire 2023/Datasets/Brain-Tumor-Dataset-RAW/Cropped_Image_Sets/train/meningioma_cropped/M468_cropped.jpg
1286,M470_cropped,meningioma_cropped,C:/Users/alime/Dropbox/PC/Documents/Coding/Memoire 2023/Datasets/Brain-Tumor-Dataset-RAW/Cropped_Image_Sets/train/meningioma_cropped/M470_cropped.jpg
1287,M471_cropped,meningioma_cropped,C:/Users/alime/Dropbox/PC/Documents/Coding/Memoire 2023/Datasets/Brain-Tumor-Dataset-RAW/Cropped_Image_Sets/train/meningioma_cropped/M471_cropped.jpg
1288,M474_cropped,meningioma_cropped,C:/Users/alime/Dropbox/PC/Documents/Coding/Memoire 2023/Datasets/Brain-Tumor-Dataset-RAW/Cropped_Image_Sets/train/meningioma_cropped/M474_cropped.jpg
1289,M475_cropped,meningioma_cropped,C:/Users/alime/Dropbox/PC/Documents/Coding/Memoire 2023/Datasets/Brain-Tumor-Dataset-RAW/Cropped_Image_Sets/train/meningioma_cropped/M475_cropped.jpg
1290,M476_cropped,meningioma_cropped,C:/Users/alime/Dropbox/PC/Documents/Coding/Memoire 2023/Datasets/Brain-Tumor-Dataset-RAW/Cropped_Image_Sets/train/meningioma_cropped/M476_cropped.jpg
1291,M478_cropped,meningioma_cropped,C:/Users/alime/Dropbox/PC/Documents/Coding/Memoire 2023/Datasets/Brain-Tumor-Dataset-RAW/Cropped_Image_Sets/train/meningioma_cropped/M478_cropped.jpg
1292,M479_cropped,meningioma_cropped,C:/Users/alime/Dropbox/PC/Documents/Coding/Memoire 2023/Datasets/Brain-Tumor-Dataset-RAW/Cropped_Image_Sets/train/meningioma_cropped/M479_cropped.jpg
1293,M47_cropped,meningioma_cropped,C:/Users/alime/Dropbox/PC/Documents/Coding/Memoire 2023/Datasets/Brain-Tumor-Dataset-RAW/Cropped_Image_Sets/train/meningioma_cropped/M47_cropped.jpg
1294,M480_cropped,meningioma_cropped,C:/Users/alime/Dropbox/PC/Documents/Coding/Memoire 2023/Datasets/Brain-Tumor-Dataset-RAW/Cropped_Image_Sets/train/meningioma_cropped/M480_cropped.jpg
1295,M481_cropped,meningioma_cropped,C:/Users/alime/Dropbox/PC/Documents/Coding/Memoire 2023/Datasets/Brain-Tumor-Dataset-RAW/Cropped_Image_Sets/train/meningioma_cropped/M481_cropped.jpg
1296,M482_cropped,meningioma_cropped,C:/Users/alime/Dropbox/PC/Documents/Coding/Memoire 2023/Datasets/Brain-Tumor-Dataset-RAW/Cropped_Image_Sets/train/meningioma_cropped/M482_cropped.jpg
1297,M483_cropped,meningioma_cropped,C:/Users/alime/Dropbox/PC/Documents/Coding/Memoire 2023/Datasets/Brain-Tumor-Dataset-RAW/Cropped_Image_Sets/train/meningioma_cropped/M483_cropped.jpg
1298,M484_cropped,meningioma_cropped,C:/Users/alime/Dropbox/PC/Documents/Coding/Memoire 2023/Datasets/Brain-Tumor-Dataset-RAW/Cropped_Image_Sets/train/meningioma_cropped/M484_cropped.jpg
1299,M485_cropped,meningioma_cropped,C:/Users/alime/Dropbox/PC/Documents/Coding/Memoire 2023/Datasets/Brain-Tumor-Dataset-RAW/Cropped_Image_Sets/train/meningioma_cropped/M485_cropped.jpg
1300,M487_cropped,meningioma_cropped,C:/Users/alime/Dropbox/PC/Documents/Coding/Memoire 2023/Datasets/Brain-Tumor-Dataset-RAW/Cropped_Image_Sets/train/meningioma_cropped/M487_cropped.jpg
1301,M488_cropped,meningioma_cropped,C:/Users/alime/Dropbox/PC/Documents/Coding/Memoire 2023/Datasets/Brain-Tumor-Dataset-RAW/Cropped_Image_Sets/train/meningioma_cropped/M488_cropped.jpg
1302,M489_cropped,meningioma_cropped,C:/Users/alime/Dropbox/PC/Documents/Coding/Memoire 2023/Datasets/Brain-Tumor-Dataset-RAW/Cropped_Image_Sets/train/meningioma_cropped/M489_cropped.jpg
1303,M48_cropped,meningioma_cropped,C:/Users/alime/Dropbox/PC/Documents/Coding/Memoire 2023/Datasets/Brain-Tumor-Dataset-RAW/Cropped_Image_Sets/train/meningioma_cropped/M48_cropped.jpg
1304,M490_cropped,meningioma_cropped,C:/Users/alime/Dropbox/PC/Documents/Coding/Memoire 2023/Datasets/Brain-Tumor-Dataset-RAW/Cropped_Image_Sets/train/meningioma_cropped/M490_cropped.jpg
1305,M491_cropped,meningioma_cropped,C:/Users/alime/Dropbox/PC/Documents/Coding/Memoire 2023/Datasets/Brain-Tumor-Dataset-RAW/Cropped_Image_Sets/train/meningioma_cropped/M491_cropped.jpg
1306,M492_cropped,meningioma_cropped,C:/Users/alime/Dropbox/PC/Documents/Coding/Memoire 2023/Datasets/Brain-Tumor-Dataset-RAW/Cropped_Image_Sets/train/meningioma_cropped/M492_cropped.jpg
1307,M494_cropped,meningioma_cropped,C:/Users/alime/Dropbox/PC/Documents/Coding/Memoire 2023/Datasets/Brain-Tumor-Dataset-RAW/Cropped_Image_Sets/train/meningioma_cropped/M494_cropped.jpg
1308,M496_cropped,meningioma_cropped,C:/Users/alime/Dropbox/PC/Documents/Coding/Memoire 2023/Datasets/Brain-Tumor-Dataset-RAW/Cropped_Image_Sets/train/meningioma_cropped/M496_cropped.jpg
1309,M499_cropped,meningioma_cropped,C:/Users/alime/Dropbox/PC/Documents/Coding/Memoire 2023/Datasets/Brain-Tumor-Dataset-RAW/Cropped_Image_Sets/train/meningioma_cropped/M499_cropped.jpg
1310,M4_cropped,meningioma_cropped,C:/Users/alime/Dropbox/PC/Documents/Coding/Memoire 2023/Datasets/Brain-Tumor-Dataset-RAW/Cropped_Image_Sets/train/meningioma_cropped/M4_cropped.jpg
1311,M500_cropped,meningioma_cropped,C:/Users/alime/Dropbox/PC/Documents/Coding/Memoire 2023/Datasets/Brain-Tumor-Dataset-RAW/Cropped_Image_Sets/train/meningioma_cropped/M500_cropped.jpg
1312,M501_cropped,meningioma_cropped,C:/Users/alime/Dropbox/PC/Documents/Coding/Memoire 2023/Datasets/Brain-Tumor-Dataset-RAW/Cropped_Image_Sets/train/meningioma_cropped/M501_cropped.jpg
1313,M502_cropped,meningioma_cropped,C:/Users/alime/Dropbox/PC/Documents/Coding/Memoire 2023/Datasets/Brain-Tumor-Dataset-RAW/Cropped_Image_Sets/train/meningioma_cropped/M502_cropped.jpg
1314,M504_cropped,meningioma_cropped,C:/Users/alime/Dropbox/PC/Documents/Coding/Memoire 2023/Datasets/Brain-Tumor-Dataset-RAW/Cropped_Image_Sets/train/meningioma_cropped/M504_cropped.jpg
1315,M505_cropped,meningioma_cropped,C:/Users/alime/Dropbox/PC/Documents/Coding/Memoire 2023/Datasets/Brain-Tumor-Dataset-RAW/Cropped_Image_Sets/train/meningioma_cropped/M505_cropped.jpg
1316,M507_cropped,meningioma_cropped,C:/Users/alime/Dropbox/PC/Documents/Coding/Memoire 2023/Datasets/Brain-Tumor-Dataset-RAW/Cropped_Image_Sets/train/meningioma_cropped/M507_cropped.jpg
1317,M508_cropped,meningioma_cropped,C:/Users/alime/Dropbox/PC/Documents/Coding/Memoire 2023/Datasets/Brain-Tumor-Dataset-RAW/Cropped_Image_Sets/train/meningioma_cropped/M508_cropped.jpg
1318,M509_cropped,meningioma_cropped,C:/Users/alime/Dropbox/PC/Documents/Coding/Memoire 2023/Datasets/Brain-Tumor-Dataset-RAW/Cropped_Image_Sets/train/meningioma_cropped/M509_cropped.jpg
1319,M510_cropped,meningioma_cropped,C:/Users/alime/Dropbox/PC/Documents/Coding/Memoire 2023/Datasets/Brain-Tumor-Dataset-RAW/Cropped_Image_Sets/train/meningioma_cropped/M510_cropped.jpg
1320,M511_cropped,meningioma_cropped,C:/Users/alime/Dropbox/PC/Documents/Coding/Memoire 2023/Datasets/Brain-Tumor-Dataset-RAW/Cropped_Image_Sets/train/meningioma_cropped/M511_cropped.jpg
1321,M512_cropped,meningioma_cropped,C:/Users/alime/Dropbox/PC/Documents/Coding/Memoire 2023/Datasets/Brain-Tumor-Dataset-RAW/Cropped_Image_Sets/train/meningioma_cropped/M512_cropped.jpg
1322,M513_cropped,meningioma_cropped,C:/Users/alime/Dropbox/PC/Documents/Coding/Memoire 2023/Datasets/Brain-Tumor-Dataset-RAW/Cropped_Image_Sets/train/meningioma_cropped/M513_cropped.jpg
1323,M514_cropped,meningioma_cropped,C:/Users/alime/Dropbox/PC/Documents/Coding/Memoire 2023/Datasets/Brain-Tumor-Dataset-RAW/Cropped_Image_Sets/train/meningioma_cropped/M514_cropped.jpg
1324,M515_cropped,meningioma_cropped,C:/Users/alime/Dropbox/PC/Documents/Coding/Memoire 2023/Datasets/Brain-Tumor-Dataset-RAW/Cropped_Image_Sets/train/meningioma_cropped/M515_cropped.jpg
1325,M516_cropped,meningioma_cropped,C:/Users/alime/Dropbox/PC/Documents/Coding/Memoire 2023/Datasets/Brain-Tumor-Dataset-RAW/Cropped_Image_Sets/train/meningioma_cropped/M516_cropped.jpg
1326,M517_cropped,meningioma_cropped,C:/Users/alime/Dropbox/PC/Documents/Coding/Memoire 2023/Datasets/Brain-Tumor-Dataset-RAW/Cropped_Image_Sets/train/meningioma_cropped/M517_cropped.jpg
1327,M519_cropped,meningioma_cropped,C:/Users/alime/Dropbox/PC/Documents/Coding/Memoire 2023/Datasets/Brain-Tumor-Dataset-RAW/Cropped_Image_Sets/train/meningioma_cropped/M519_cropped.jpg
1328,M51_cropped,meningioma_cropped,C:/Users/alime/Dropbox/PC/Documents/Coding/Memoire 2023/Datasets/Brain-Tumor-Dataset-RAW/Cropped_Image_Sets/train/meningioma_cropped/M51_cropped.jpg
1329,M521_cropped,meningioma_cropped,C:/Users/alime/Dropbox/PC/Documents/Coding/Memoire 2023/Datasets/Brain-Tumor-Dataset-RAW/Cropped_Image_Sets/train/meningioma_cropped/M521_cropped.jpg
1330,M523_cropped,meningioma_cropped,C:/Users/alime/Dropbox/PC/Documents/Coding/Memoire 2023/Datasets/Brain-Tumor-Dataset-RAW/Cropped_Image_Sets/train/meningioma_cropped/M523_cropped.jpg
1331,M524_cropped,meningioma_cropped,C:/Users/alime/Dropbox/PC/Documents/Coding/Memoire 2023/Datasets/Brain-Tumor-Dataset-RAW/Cropped_Image_Sets/train/meningioma_cropped/M524_cropped.jpg
1332,M527_cropped,meningioma_cropped,C:/Users/alime/Dropbox/PC/Documents/Coding/Memoire 2023/Datasets/Brain-Tumor-Dataset-RAW/Cropped_Image_Sets/train/meningioma_cropped/M527_cropped.jpg
1333,M528_cropped,meningioma_cropped,C:/Users/alime/Dropbox/PC/Documents/Coding/Memoire 2023/Datasets/Brain-Tumor-Dataset-RAW/Cropped_Image_Sets/train/meningioma_cropped/M528_cropped.jpg
1334,M529_cropped,meningioma_cropped,C:/Users/alime/Dropbox/PC/Documents/Coding/Memoire 2023/Datasets/Brain-Tumor-Dataset-RAW/Cropped_Image_Sets/train/meningioma_cropped/M529_cropped.jpg
1335,M52_cropped,meningioma_cropped,C:/Users/alime/Dropbox/PC/Documents/Coding/Memoire 2023/Datasets/Brain-Tumor-Dataset-RAW/Cropped_Image_Sets/train/meningioma_cropped/M52_cropped.jpg
1336,M531_cropped,meningioma_cropped,C:/Users/alime/Dropbox/PC/Documents/Coding/Memoire 2023/Datasets/Brain-Tumor-Dataset-RAW/Cropped_Image_Sets/train/meningioma_cropped/M531_cropped.jpg
1337,M532_cropped,meningioma_cropped,C:/Users/alime/Dropbox/PC/Documents/Coding/Memoire 2023/Datasets/Brain-Tumor-Dataset-RAW/Cropped_Image_Sets/train/meningioma_cropped/M532_cropped.jpg
1338,M534_cropped,meningioma_cropped,C:/Users/alime/Dropbox/PC/Documents/Coding/Memoire 2023/Datasets/Brain-Tumor-Dataset-RAW/Cropped_Image_Sets/train/meningioma_cropped/M534_cropped.jpg
1339,M535_cropped,meningioma_cropped,C:/Users/alime/Dropbox/PC/Documents/Coding/Memoire 2023/Datasets/Brain-Tumor-Dataset-RAW/Cropped_Image_Sets/train/meningioma_cropped/M535_cropped.jpg
1340,M536_cropped,meningioma_cropped,C:/Users/alime/Dropbox/PC/Documents/Coding/Memoire 2023/Datasets/Brain-Tumor-Dataset-RAW/Cropped_Image_Sets/train/meningioma_cropped/M536_cropped.jpg
1341,M537_cropped,meningioma_cropped,C:/Users/alime/Dropbox/PC/Documents/Coding/Memoire 2023/Datasets/Brain-Tumor-Dataset-RAW/Cropped_Image_Sets/train/meningioma_cropped/M537_cropped.jpg
1342,M538_cropped,meningioma_cropped,C:/Users/alime/Dropbox/PC/Documents/Coding/Memoire 2023/Datasets/Brain-Tumor-Dataset-RAW/Cropped_Image_Sets/train/meningioma_cropped/M538_cropped.jpg
1343,M539_cropped,meningioma_cropped,C:/Users/alime/Dropbox/PC/Documents/Coding/Memoire 2023/Datasets/Brain-Tumor-Dataset-RAW/Cropped_Image_Sets/train/meningioma_cropped/M539_cropped.jpg
1344,M53_cropped,meningioma_cropped,C:/Users/alime/Dropbox/PC/Documents/Coding/Memoire 2023/Datasets/Brain-Tumor-Dataset-RAW/Cropped_Image_Sets/train/meningioma_cropped/M53_cropped.jpg
1345,M540_cropped,meningioma_cropped,C:/Users/alime/Dropbox/PC/Documents/Coding/Memoire 2023/Datasets/Brain-Tumor-Dataset-RAW/Cropped_Image_Sets/train/meningioma_cropped/M540_cropped.jpg
1346,M541_cropped,meningioma_cropped,C:/Users/alime/Dropbox/PC/Documents/Coding/Memoire 2023/Datasets/Brain-Tumor-Dataset-RAW/Cropped_Image_Sets/train/meningioma_cropped/M541_cropped.jpg
1347,M542_cropped,meningioma_cropped,C:/Users/alime/Dropbox/PC/Documents/Coding/Memoire 2023/Datasets/Brain-Tumor-Dataset-RAW/Cropped_Image_Sets/train/meningioma_cropped/M542_cropped.jpg
1348,M543_cropped,meningioma_cropped,C:/Users/alime/Dropbox/PC/Documents/Coding/Memoire 2023/Datasets/Brain-Tumor-Dataset-RAW/Cropped_Image_Sets/train/meningioma_cropped/M543_cropped.jpg
1349,M544_cropped,meningioma_cropped,C:/Users/alime/Dropbox/PC/Documents/Coding/Memoire 2023/Datasets/Brain-Tumor-Dataset-RAW/Cropped_Image_Sets/train/meningioma_cropped/M544_cropped.jpg
1350,M545_cropped,meningioma_cropped,C:/Users/alime/Dropbox/PC/Documents/Coding/Memoire 2023/Datasets/Brain-Tumor-Dataset-RAW/Cropped_Image_Sets/train/meningioma_cropped/M545_cropped.jpg
1351,M546_cropped,meningioma_cropped,C:/Users/alime/Dropbox/PC/Documents/Coding/Memoire 2023/Datasets/Brain-Tumor-Dataset-RAW/Cropped_Image_Sets/train/meningioma_cropped/M546_cropped.jpg
1352,M548_cropped,meningioma_cropped,C:/Users/alime/Dropbox/PC/Documents/Coding/Memoire 2023/Datasets/Brain-Tumor-Dataset-RAW/Cropped_Image_Sets/train/meningioma_cropped/M548_cropped.jpg
1353,M549_cropped,meningioma_cropped,C:/Users/alime/Dropbox/PC/Documents/Coding/Memoire 2023/Datasets/Brain-Tumor-Dataset-RAW/Cropped_Image_Sets/train/meningioma_cropped/M549_cropped.jpg
1354,M54_cropped,meningioma_cropped,C:/Users/alime/Dropbox/PC/Documents/Coding/Memoire 2023/Datasets/Brain-Tumor-Dataset-RAW/Cropped_Image_Sets/train/meningioma_cropped/M54_cropped.jpg
1355,M552_cropped,meningioma_cropped,C:/Users/alime/Dropbox/PC/Documents/Coding/Memoire 2023/Datasets/Brain-Tumor-Dataset-RAW/Cropped_Image_Sets/train/meningioma_cropped/M552_cropped.jpg
1356,M553_cropped,meningioma_cropped,C:/Users/alime/Dropbox/PC/Documents/Coding/Memoire 2023/Datasets/Brain-Tumor-Dataset-RAW/Cropped_Image_Sets/train/meningioma_cropped/M553_cropped.jpg
1357,M555_cropped,meningioma_cropped,C:/Users/alime/Dropbox/PC/Documents/Coding/Memoire 2023/Datasets/Brain-Tumor-Dataset-RAW/Cropped_Image_Sets/train/meningioma_cropped/M555_cropped.jpg
1358,M556_cropped,meningioma_cropped,C:/Users/alime/Dropbox/PC/Documents/Coding/Memoire 2023/Datasets/Brain-Tumor-Dataset-RAW/Cropped_Image_Sets/train/meningioma_cropped/M556_cropped.jpg
1359,M558_cropped,meningioma_cropped,C:/Users/alime/Dropbox/PC/Documents/Coding/Memoire 2023/Datasets/Brain-Tumor-Dataset-RAW/Cropped_Image_Sets/train/meningioma_cropped/M558_cropped.jpg
1360,M55_cropped,meningioma_cropped,C:/Users/alime/Dropbox/PC/Documents/Coding/Memoire 2023/Datasets/Brain-Tumor-Dataset-RAW/Cropped_Image_Sets/train/meningioma_cropped/M55_cropped.jpg
1361,M560_cropped,meningioma_cropped,C:/Users/alime/Dropbox/PC/Documents/Coding/Memoire 2023/Datasets/Brain-Tumor-Dataset-RAW/Cropped_Image_Sets/train/meningioma_cropped/M560_cropped.jpg
1362,M561_cropped,meningioma_cropped,C:/Users/alime/Dropbox/PC/Documents/Coding/Memoire 2023/Datasets/Brain-Tumor-Dataset-RAW/Cropped_Image_Sets/train/meningioma_cropped/M561_cropped.jpg
1363,M562_cropped,meningioma_cropped,C:/Users/alime/Dropbox/PC/Documents/Coding/Memoire 2023/Datasets/Brain-Tumor-Dataset-RAW/Cropped_Image_Sets/train/meningioma_cropped/M562_cropped.jpg
1364,M563_cropped,meningioma_cropped,C:/Users/alime/Dropbox/PC/Documents/Coding/Memoire 2023/Datasets/Brain-Tumor-Dataset-RAW/Cropped_Image_Sets/train/meningioma_cropped/M563_cropped.jpg
1365,M564_cropped,meningioma_cropped,C:/Users/alime/Dropbox/PC/Documents/Coding/Memoire 2023/Datasets/Brain-Tumor-Dataset-RAW/Cropped_Image_Sets/train/meningioma_cropped/M564_cropped.jpg
1366,M565_cropped,meningioma_cropped,C:/Users/alime/Dropbox/PC/Documents/Coding/Memoire 2023/Datasets/Brain-Tumor-Dataset-RAW/Cropped_Image_Sets/train/meningioma_cropped/M565_cropped.jpg
1367,M568_cropped,meningioma_cropped,C:/Users/alime/Dropbox/PC/Documents/Coding/Memoire 2023/Datasets/Brain-Tumor-Dataset-RAW/Cropped_Image_Sets/train/meningioma_cropped/M568_cropped.jpg
1368,M569_cropped,meningioma_cropped,C:/Users/alime/Dropbox/PC/Documents/Coding/Memoire 2023/Datasets/Brain-Tumor-Dataset-RAW/Cropped_Image_Sets/train/meningioma_cropped/M569_cropped.jpg
1369,M56_cropped,meningioma_cropped,C:/Users/alime/Dropbox/PC/Documents/Coding/Memoire 2023/Datasets/Brain-Tumor-Dataset-RAW/Cropped_Image_Sets/train/meningioma_cropped/M56_cropped.jpg
1370,M570_cropped,meningioma_cropped,C:/Users/alime/Dropbox/PC/Documents/Coding/Memoire 2023/Datasets/Brain-Tumor-Dataset-RAW/Cropped_Image_Sets/train/meningioma_cropped/M570_cropped.jpg
1371,M571_cropped,meningioma_cropped,C:/Users/alime/Dropbox/PC/Documents/Coding/Memoire 2023/Datasets/Brain-Tumor-Dataset-RAW/Cropped_Image_Sets/train/meningioma_cropped/M571_cropped.jpg
1372,M572_cropped,meningioma_cropped,C:/Users/alime/Dropbox/PC/Documents/Coding/Memoire 2023/Datasets/Brain-Tumor-Dataset-RAW/Cropped_Image_Sets/train/meningioma_cropped/M572_cropped.jpg
1373,M573_cropped,meningioma_cropped,C:/Users/alime/Dropbox/PC/Documents/Coding/Memoire 2023/Datasets/Brain-Tumor-Dataset-RAW/Cropped_Image_Sets/train/meningioma_cropped/M573_cropped.jpg
1374,M574_cropped,meningioma_cropped,C:/Users/alime/Dropbox/PC/Documents/Coding/Memoire 2023/Datasets/Brain-Tumor-Dataset-RAW/Cropped_Image_Sets/train/meningioma_cropped/M574_cropped.jpg
1375,M575_cropped,meningioma_cropped,C:/Users/alime/Dropbox/PC/Documents/Coding/Memoire 2023/Datasets/Brain-Tumor-Dataset-RAW/Cropped_Image_Sets/train/meningioma_cropped/M575_cropped.jpg
1376,M576_cropped,meningioma_cropped,C:/Users/alime/Dropbox/PC/Documents/Coding/Memoire 2023/Datasets/Brain-Tumor-Dataset-RAW/Cropped_Image_Sets/train/meningioma_cropped/M576_cropped.jpg
1377,M577_cropped,meningioma_cropped,C:/Users/alime/Dropbox/PC/Documents/Coding/Memoire 2023/Datasets/Brain-Tumor-Dataset-RAW/Cropped_Image_Sets/train/meningioma_cropped/M577_cropped.jpg
1378,M578_cropped,meningioma_cropped,C:/Users/alime/Dropbox/PC/Documents/Coding/Memoire 2023/Datasets/Brain-Tumor-Dataset-RAW/Cropped_Image_Sets/train/meningioma_cropped/M578_cropped.jpg
1379,M579_cropped,meningioma_cropped,C:/Users/alime/Dropbox/PC/Documents/Coding/Memoire 2023/Datasets/Brain-Tumor-Dataset-RAW/Cropped_Image_Sets/train/meningioma_cropped/M579_cropped.jpg
1380,M57_cropped,meningioma_cropped,C:/Users/alime/Dropbox/PC/Documents/Coding/Memoire 2023/Datasets/Brain-Tumor-Dataset-RAW/Cropped_Image_Sets/train/meningioma_cropped/M57_cropped.jpg
1381,M581_cropped,meningioma_cropped,C:/Users/alime/Dropbox/PC/Documents/Coding/Memoire 2023/Datasets/Brain-Tumor-Dataset-RAW/Cropped_Image_Sets/train/meningioma_cropped/M581_cropped.jpg
1382,M583_cropped,meningioma_cropped,C:/Users/alime/Dropbox/PC/Documents/Coding/Memoire 2023/Datasets/Brain-Tumor-Dataset-RAW/Cropped_Image_Sets/train/meningioma_cropped/M583_cropped.jpg
1383,M584_cropped,meningioma_cropped,C:/Users/alime/Dropbox/PC/Documents/Coding/Memoire 2023/Datasets/Brain-Tumor-Dataset-RAW/Cropped_Image_Sets/train/meningioma_cropped/M584_cropped.jpg
1384,M585_cropped,meningioma_cropped,C:/Users/alime/Dropbox/PC/Documents/Coding/Memoire 2023/Datasets/Brain-Tumor-Dataset-RAW/Cropped_Image_Sets/train/meningioma_cropped/M585_cropped.jpg
1385,M588_cropped,meningioma_cropped,C:/Users/alime/Dropbox/PC/Documents/Coding/Memoire 2023/Datasets/Brain-Tumor-Dataset-RAW/Cropped_Image_Sets/train/meningioma_cropped/M588_cropped.jpg
1386,M590_cropped,meningioma_cropped,C:/Users/alime/Dropbox/PC/Documents/Coding/Memoire 2023/Datasets/Brain-Tumor-Dataset-RAW/Cropped_Image_Sets/train/meningioma_cropped/M590_cropped.jpg
1387,M591_cropped,meningioma_cropped,C:/Users/alime/Dropbox/PC/Documents/Coding/Memoire 2023/Datasets/Brain-Tumor-Dataset-RAW/Cropped_Image_Sets/train/meningioma_cropped/M591_cropped.jpg
1388,M592_cropped,meningioma_cropped,C:/Users/alime/Dropbox/PC/Documents/Coding/Memoire 2023/Datasets/Brain-Tumor-Dataset-RAW/Cropped_Image_Sets/train/meningioma_cropped/M592_cropped.jpg
1389,M595_cropped,meningioma_cropped,C:/Users/alime/Dropbox/PC/Documents/Coding/Memoire 2023/Datasets/Brain-Tumor-Dataset-RAW/Cropped_Image_Sets/train/meningioma_cropped/M595_cropped.jpg
1390,M596_cropped,meningioma_cropped,C:/Users/alime/Dropbox/PC/Documents/Coding/Memoire 2023/Datasets/Brain-Tumor-Dataset-RAW/Cropped_Image_Sets/train/meningioma_cropped/M596_cropped.jpg
1391,M597_cropped,meningioma_cropped,C:/Users/alime/Dropbox/PC/Documents/Coding/Memoire 2023/Datasets/Brain-Tumor-Dataset-RAW/Cropped_Image_Sets/train/meningioma_cropped/M597_cropped.jpg
1392,M598_cropped,meningioma_cropped,C:/Users/alime/Dropbox/PC/Documents/Coding/Memoire 2023/Datasets/Brain-Tumor-Dataset-RAW/Cropped_Image_Sets/train/meningioma_cropped/M598_cropped.jpg
1393,M5_cropped,meningioma_cropped,C:/Users/alime/Dropbox/PC/Documents/Coding/Memoire 2023/Datasets/Brain-Tumor-Dataset-RAW/Cropped_Image_Sets/train/meningioma_cropped/M5_cropped.jpg
1394,M601_cropped,meningioma_cropped,C:/Users/alime/Dropbox/PC/Documents/Coding/Memoire 2023/Datasets/Brain-Tumor-Dataset-RAW/Cropped_Image_Sets/train/meningioma_cropped/M601_cropped.jpg
1395,M602_cropped,meningioma_cropped,C:/Users/alime/Dropbox/PC/Documents/Coding/Memoire 2023/Datasets/Brain-Tumor-Dataset-RAW/Cropped_Image_Sets/train/meningioma_cropped/M602_cropped.jpg
1396,M603_cropped,meningioma_cropped,C:/Users/alime/Dropbox/PC/Documents/Coding/Memoire 2023/Datasets/Brain-Tumor-Dataset-RAW/Cropped_Image_Sets/train/meningioma_cropped/M603_cropped.jpg
1397,M606_cropped,meningioma_cropped,C:/Users/alime/Dropbox/PC/Documents/Coding/Memoire 2023/Datasets/Brain-Tumor-Dataset-RAW/Cropped_Image_Sets/train/meningioma_cropped/M606_cropped.jpg
1398,M608_cropped,meningioma_cropped,C:/Users/alime/Dropbox/PC/Documents/Coding/Memoire 2023/Datasets/Brain-Tumor-Dataset-RAW/Cropped_Image_Sets/train/meningioma_cropped/M608_cropped.jpg
1399,M60_cropped,meningioma_cropped,C:/Users/alime/Dropbox/PC/Documents/Coding/Memoire 2023/Datasets/Brain-Tumor-Dataset-RAW/Cropped_Image_Sets/train/meningioma_cropped/M60_cropped.jpg
1400,M613_cropped,meningioma_cropped,C:/Users/alime/Dropbox/PC/Documents/Coding/Memoire 2023/Datasets/Brain-Tumor-Dataset-RAW/Cropped_Image_Sets/train/meningioma_cropped/M613_cropped.jpg
1401,M614_cropped,meningioma_cropped,C:/Users/alime/Dropbox/PC/Documents/Coding/Memoire 2023/Datasets/Brain-Tumor-Dataset-RAW/Cropped_Image_Sets/train/meningioma_cropped/M614_cropped.jpg
1402,M616_cropped,meningioma_cropped,C:/Users/alime/Dropbox/PC/Documents/Coding/Memoire 2023/Datasets/Brain-Tumor-Dataset-RAW/Cropped_Image_Sets/train/meningioma_cropped/M616_cropped.jpg
1403,M617_cropped,meningioma_cropped,C:/Users/alime/Dropbox/PC/Documents/Coding/Memoire 2023/Datasets/Brain-Tumor-Dataset-RAW/Cropped_Image_Sets/train/meningioma_cropped/M617_cropped.jpg
1404,M618_cropped,meningioma_cropped,C:/Users/alime/Dropbox/PC/Documents/Coding/Memoire 2023/Datasets/Brain-Tumor-Dataset-RAW/Cropped_Image_Sets/train/meningioma_cropped/M618_cropped.jpg
1405,M619_cropped,meningioma_cropped,C:/Users/alime/Dropbox/PC/Documents/Coding/Memoire 2023/Datasets/Brain-Tumor-Dataset-RAW/Cropped_Image_Sets/train/meningioma_cropped/M619_cropped.jpg
1406,M61_cropped,meningioma_cropped,C:/Users/alime/Dropbox/PC/Documents/Coding/Memoire 2023/Datasets/Brain-Tumor-Dataset-RAW/Cropped_Image_Sets/train/meningioma_cropped/M61_cropped.jpg
1407,M620_cropped,meningioma_cropped,C:/Users/alime/Dropbox/PC/Documents/Coding/Memoire 2023/Datasets/Brain-Tumor-Dataset-RAW/Cropped_Image_Sets/train/meningioma_cropped/M620_cropped.jpg
1408,M621_cropped,meningioma_cropped,C:/Users/alime/Dropbox/PC/Documents/Coding/Memoire 2023/Datasets/Brain-Tumor-Dataset-RAW/Cropped_Image_Sets/train/meningioma_cropped/M621_cropped.jpg
1409,M622_cropped,meningioma_cropped,C:/Users/alime/Dropbox/PC/Documents/Coding/Memoire 2023/Datasets/Brain-Tumor-Dataset-RAW/Cropped_Image_Sets/train/meningioma_cropped/M622_cropped.jpg
1410,M623_cropped,meningioma_cropped,C:/Users/alime/Dropbox/PC/Documents/Coding/Memoire 2023/Datasets/Brain-Tumor-Dataset-RAW/Cropped_Image_Sets/train/meningioma_cropped/M623_cropped.jpg
1411,M624_cropped,meningioma_cropped,C:/Users/alime/Dropbox/PC/Documents/Coding/Memoire 2023/Datasets/Brain-Tumor-Dataset-RAW/Cropped_Image_Sets/train/meningioma_cropped/M624_cropped.jpg
1412,M626_cropped,meningioma_cropped,C:/Users/alime/Dropbox/PC/Documents/Coding/Memoire 2023/Datasets/Brain-Tumor-Dataset-RAW/Cropped_Image_Sets/train/meningioma_cropped/M626_cropped.jpg
1413,M629_cropped,meningioma_cropped,C:/Users/alime/Dropbox/PC/Documents/Coding/Memoire 2023/Datasets/Brain-Tumor-Dataset-RAW/Cropped_Image_Sets/train/meningioma_cropped/M629_cropped.jpg
1414,M62_cropped,meningioma_cropped,C:/Users/alime/Dropbox/PC/Documents/Coding/Memoire 2023/Datasets/Brain-Tumor-Dataset-RAW/Cropped_Image_Sets/train/meningioma_cropped/M62_cropped.jpg
1415,M631_cropped,meningioma_cropped,C:/Users/alime/Dropbox/PC/Documents/Coding/Memoire 2023/Datasets/Brain-Tumor-Dataset-RAW/Cropped_Image_Sets/train/meningioma_cropped/M631_cropped.jpg
1416,M632_cropped,meningioma_cropped,C:/Users/alime/Dropbox/PC/Documents/Coding/Memoire 2023/Datasets/Brain-Tumor-Dataset-RAW/Cropped_Image_Sets/train/meningioma_cropped/M632_cropped.jpg
1417,M634_cropped,meningioma_cropped,C:/Users/alime/Dropbox/PC/Documents/Coding/Memoire 2023/Datasets/Brain-Tumor-Dataset-RAW/Cropped_Image_Sets/train/meningioma_cropped/M634_cropped.jpg
1418,M635_cropped,meningioma_cropped,C:/Users/alime/Dropbox/PC/Documents/Coding/Memoire 2023/Datasets/Brain-Tumor-Dataset-RAW/Cropped_Image_Sets/train/meningioma_cropped/M635_cropped.jpg
1419,M637_cropped,meningioma_cropped,C:/Users/alime/Dropbox/PC/Documents/Coding/Memoire 2023/Datasets/Brain-Tumor-Dataset-RAW/Cropped_Image_Sets/train/meningioma_cropped/M637_cropped.jpg
1420,M638_cropped,meningioma_cropped,C:/Users/alime/Dropbox/PC/Documents/Coding/Memoire 2023/Datasets/Brain-Tumor-Dataset-RAW/Cropped_Image_Sets/train/meningioma_cropped/M638_cropped.jpg
1421,M63_cropped,meningioma_cropped,C:/Users/alime/Dropbox/PC/Documents/Coding/Memoire 2023/Datasets/Brain-Tumor-Dataset-RAW/Cropped_Image_Sets/train/meningioma_cropped/M63_cropped.jpg
1422,M641_cropped,meningioma_cropped,C:/Users/alime/Dropbox/PC/Documents/Coding/Memoire 2023/Datasets/Brain-Tumor-Dataset-RAW/Cropped_Image_Sets/train/meningioma_cropped/M641_cropped.jpg
1423,M642_cropped,meningioma_cropped,C:/Users/alime/Dropbox/PC/Documents/Coding/Memoire 2023/Datasets/Brain-Tumor-Dataset-RAW/Cropped_Image_Sets/train/meningioma_cropped/M642_cropped.jpg
1424,M643_cropped,meningioma_cropped,C:/Users/alime/Dropbox/PC/Documents/Coding/Memoire 2023/Datasets/Brain-Tumor-Dataset-RAW/Cropped_Image_Sets/train/meningioma_cropped/M643_cropped.jpg
1425,M644_cropped,meningioma_cropped,C:/Users/alime/Dropbox/PC/Documents/Coding/Memoire 2023/Datasets/Brain-Tumor-Dataset-RAW/Cropped_Image_Sets/train/meningioma_cropped/M644_cropped.jpg
1426,M645_cropped,meningioma_cropped,C:/Users/alime/Dropbox/PC/Documents/Coding/Memoire 2023/Datasets/Brain-Tumor-Dataset-RAW/Cropped_Image_Sets/train/meningioma_cropped/M645_cropped.jpg
1427,M646_cropped,meningioma_cropped,C:/Users/alime/Dropbox/PC/Documents/Coding/Memoire 2023/Datasets/Brain-Tumor-Dataset-RAW/Cropped_Image_Sets/train/meningioma_cropped/M646_cropped.jpg
1428,M647_cropped,meningioma_cropped,C:/Users/alime/Dropbox/PC/Documents/Coding/Memoire 2023/Datasets/Brain-Tumor-Dataset-RAW/Cropped_Image_Sets/train/meningioma_cropped/M647_cropped.jpg
1429,M648_cropped,meningioma_cropped,C:/Users/alime/Dropbox/PC/Documents/Coding/Memoire 2023/Datasets/Brain-Tumor-Dataset-RAW/Cropped_Image_Sets/train/meningioma_cropped/M648_cropped.jpg
1430,M651_cropped,meningioma_cropped,C:/Users/alime/Dropbox/PC/Documents/Coding/Memoire 2023/Datasets/Brain-Tumor-Dataset-RAW/Cropped_Image_Sets/train/meningioma_cropped/M651_cropped.jpg
1431,M653_cropped,meningioma_cropped,C:/Users/alime/Dropbox/PC/Documents/Coding/Memoire 2023/Datasets/Brain-Tumor-Dataset-RAW/Cropped_Image_Sets/train/meningioma_cropped/M653_cropped.jpg
1432,M654_cropped,meningioma_cropped,C:/Users/alime/Dropbox/PC/Documents/Coding/Memoire 2023/Datasets/Brain-Tumor-Dataset-RAW/Cropped_Image_Sets/train/meningioma_cropped/M654_cropped.jpg
1433,M655_cropped,meningioma_cropped,C:/Users/alime/Dropbox/PC/Documents/Coding/Memoire 2023/Datasets/Brain-Tumor-Dataset-RAW/Cropped_Image_Sets/train/meningioma_cropped/M655_cropped.jpg
1434,M656_cropped,meningioma_cropped,C:/Users/alime/Dropbox/PC/Documents/Coding/Memoire 2023/Datasets/Brain-Tumor-Dataset-RAW/Cropped_Image_Sets/train/meningioma_cropped/M656_cropped.jpg
1435,M658_cropped,meningioma_cropped,C:/Users/alime/Dropbox/PC/Documents/Coding/Memoire 2023/Datasets/Brain-Tumor-Dataset-RAW/Cropped_Image_Sets/train/meningioma_cropped/M658_cropped.jpg
1436,M65_cropped,meningioma_cropped,C:/Users/alime/Dropbox/PC/Documents/Coding/Memoire 2023/Datasets/Brain-Tumor-Dataset-RAW/Cropped_Image_Sets/train/meningioma_cropped/M65_cropped.jpg
1437,M660_cropped,meningioma_cropped,C:/Users/alime/Dropbox/PC/Documents/Coding/Memoire 2023/Datasets/Brain-Tumor-Dataset-RAW/Cropped_Image_Sets/train/meningioma_cropped/M660_cropped.jpg
1438,M662_cropped,meningioma_cropped,C:/Users/alime/Dropbox/PC/Documents/Coding/Memoire 2023/Datasets/Brain-Tumor-Dataset-RAW/Cropped_Image_Sets/train/meningioma_cropped/M662_cropped.jpg
1439,M663_cropped,meningioma_cropped,C:/Users/alime/Dropbox/PC/Documents/Coding/Memoire 2023/Datasets/Brain-Tumor-Dataset-RAW/Cropped_Image_Sets/train/meningioma_cropped/M663_cropped.jpg
1440,M666_cropped,meningioma_cropped,C:/Users/alime/Dropbox/PC/Documents/Coding/Memoire 2023/Datasets/Brain-Tumor-Dataset-RAW/Cropped_Image_Sets/train/meningioma_cropped/M666_cropped.jpg
1441,M667_cropped,meningioma_cropped,C:/Users/alime/Dropbox/PC/Documents/Coding/Memoire 2023/Datasets/Brain-Tumor-Dataset-RAW/Cropped_Image_Sets/train/meningioma_cropped/M667_cropped.jpg
1442,M668_cropped,meningioma_cropped,C:/Users/alime/Dropbox/PC/Documents/Coding/Memoire 2023/Datasets/Brain-Tumor-Dataset-RAW/Cropped_Image_Sets/train/meningioma_cropped/M668_cropped.jpg
1443,M669_cropped,meningioma_cropped,C:/Users/alime/Dropbox/PC/Documents/Coding/Memoire 2023/Datasets/Brain-Tumor-Dataset-RAW/Cropped_Image_Sets/train/meningioma_cropped/M669_cropped.jpg
1444,M66_cropped,meningioma_cropped,C:/Users/alime/Dropbox/PC/Documents/Coding/Memoire 2023/Datasets/Brain-Tumor-Dataset-RAW/Cropped_Image_Sets/train/meningioma_cropped/M66_cropped.jpg
1445,M673_cropped,meningioma_cropped,C:/Users/alime/Dropbox/PC/Documents/Coding/Memoire 2023/Datasets/Brain-Tumor-Dataset-RAW/Cropped_Image_Sets/train/meningioma_cropped/M673_cropped.jpg
1446,M676_cropped,meningioma_cropped,C:/Users/alime/Dropbox/PC/Documents/Coding/Memoire 2023/Datasets/Brain-Tumor-Dataset-RAW/Cropped_Image_Sets/train/meningioma_cropped/M676_cropped.jpg
1447,M677_cropped,meningioma_cropped,C:/Users/alime/Dropbox/PC/Documents/Coding/Memoire 2023/Datasets/Brain-Tumor-Dataset-RAW/Cropped_Image_Sets/train/meningioma_cropped/M677_cropped.jpg
1448,M678_cropped,meningioma_cropped,C:/Users/alime/Dropbox/PC/Documents/Coding/Memoire 2023/Datasets/Brain-Tumor-Dataset-RAW/Cropped_Image_Sets/train/meningioma_cropped/M678_cropped.jpg
1449,M679_cropped,meningioma_cropped,C:/Users/alime/Dropbox/PC/Documents/Coding/Memoire 2023/Datasets/Brain-Tumor-Dataset-RAW/Cropped_Image_Sets/train/meningioma_cropped/M679_cropped.jpg
1450,M67_cropped,meningioma_cropped,C:/Users/alime/Dropbox/PC/Documents/Coding/Memoire 2023/Datasets/Brain-Tumor-Dataset-RAW/Cropped_Image_Sets/train/meningioma_cropped/M67_cropped.jpg
1451,M680_cropped,meningioma_cropped,C:/Users/alime/Dropbox/PC/Documents/Coding/Memoire 2023/Datasets/Brain-Tumor-Dataset-RAW/Cropped_Image_Sets/train/meningioma_cropped/M680_cropped.jpg
1452,M682_cropped,meningioma_cropped,C:/Users/alime/Dropbox/PC/Documents/Coding/Memoire 2023/Datasets/Brain-Tumor-Dataset-RAW/Cropped_Image_Sets/train/meningioma_cropped/M682_cropped.jpg
1453,M684_cropped,meningioma_cropped,C:/Users/alime/Dropbox/PC/Documents/Coding/Memoire 2023/Datasets/Brain-Tumor-Dataset-RAW/Cropped_Image_Sets/train/meningioma_cropped/M684_cropped.jpg
1454,M686_cropped,meningioma_cropped,C:/Users/alime/Dropbox/PC/Documents/Coding/Memoire 2023/Datasets/Brain-Tumor-Dataset-RAW/Cropped_Image_Sets/train/meningioma_cropped/M686_cropped.jpg
1455,M688_cropped,meningioma_cropped,C:/Users/alime/Dropbox/PC/Documents/Coding/Memoire 2023/Datasets/Brain-Tumor-Dataset-RAW/Cropped_Image_Sets/train/meningioma_cropped/M688_cropped.jpg
1456,M689_cropped,meningioma_cropped,C:/Users/alime/Dropbox/PC/Documents/Coding/Memoire 2023/Datasets/Brain-Tumor-Dataset-RAW/Cropped_Image_Sets/train/meningioma_cropped/M689_cropped.jpg
1457,M691_cropped,meningioma_cropped,C:/Users/alime/Dropbox/PC/Documents/Coding/Memoire 2023/Datasets/Brain-Tumor-Dataset-RAW/Cropped_Image_Sets/train/meningioma_cropped/M691_cropped.jpg
1458,M692_cropped,meningioma_cropped,C:/Users/alime/Dropbox/PC/Documents/Coding/Memoire 2023/Datasets/Brain-Tumor-Dataset-RAW/Cropped_Image_Sets/train/meningioma_cropped/M692_cropped.jpg
1459,M693_cropped,meningioma_cropped,C:/Users/alime/Dropbox/PC/Documents/Coding/Memoire 2023/Datasets/Brain-Tumor-Dataset-RAW/Cropped_Image_Sets/train/meningioma_cropped/M693_cropped.jpg
1460,M694_cropped,meningioma_cropped,C:/Users/alime/Dropbox/PC/Documents/Coding/Memoire 2023/Datasets/Brain-Tumor-Dataset-RAW/Cropped_Image_Sets/train/meningioma_cropped/M694_cropped.jpg
1461,M695_cropped,meningioma_cropped,C:/Users/alime/Dropbox/PC/Documents/Coding/Memoire 2023/Datasets/Brain-Tumor-Dataset-RAW/Cropped_Image_Sets/train/meningioma_cropped/M695_cropped.jpg
1462,M696_cropped,meningioma_cropped,C:/Users/alime/Dropbox/PC/Documents/Coding/Memoire 2023/Datasets/Brain-Tumor-Dataset-RAW/Cropped_Image_Sets/train/meningioma_cropped/M696_cropped.jpg
1463,M698_cropped,meningioma_cropped,C:/Users/alime/Dropbox/PC/Documents/Coding/Memoire 2023/Datasets/Brain-Tumor-Dataset-RAW/Cropped_Image_Sets/train/meningioma_cropped/M698_cropped.jpg
1464,M69_cropped,meningioma_cropped,C:/Users/alime/Dropbox/PC/Documents/Coding/Memoire 2023/Datasets/Brain-Tumor-Dataset-RAW/Cropped_Image_Sets/train/meningioma_cropped/M69_cropped.jpg
1465,M701_cropped,meningioma_cropped,C:/Users/alime/Dropbox/PC/Documents/Coding/Memoire 2023/Datasets/Brain-Tumor-Dataset-RAW/Cropped_Image_Sets/train/meningioma_cropped/M701_cropped.jpg
1466,M702_cropped,meningioma_cropped,C:/Users/alime/Dropbox/PC/Documents/Coding/Memoire 2023/Datasets/Brain-Tumor-Dataset-RAW/Cropped_Image_Sets/train/meningioma_cropped/M702_cropped.jpg
1467,M703_cropped,meningioma_cropped,C:/Users/alime/Dropbox/PC/Documents/Coding/Memoire 2023/Datasets/Brain-Tumor-Dataset-RAW/Cropped_Image_Sets/train/meningioma_cropped/M703_cropped.jpg
1468,M704_cropped,meningioma_cropped,C:/Users/alime/Dropbox/PC/Documents/Coding/Memoire 2023/Datasets/Brain-Tumor-Dataset-RAW/Cropped_Image_Sets/train/meningioma_cropped/M704_cropped.jpg
1469,M708_cropped,meningioma_cropped,C:/Users/alime/Dropbox/PC/Documents/Coding/Memoire 2023/Datasets/Brain-Tumor-Dataset-RAW/Cropped_Image_Sets/train/meningioma_cropped/M708_cropped.jpg
1470,M70_cropped,meningioma_cropped,C:/Users/alime/Dropbox/PC/Documents/Coding/Memoire 2023/Datasets/Brain-Tumor-Dataset-RAW/Cropped_Image_Sets/train/meningioma_cropped/M70_cropped.jpg
1471,M72_cropped,meningioma_cropped,C:/Users/alime/Dropbox/PC/Documents/Coding/Memoire 2023/Datasets/Brain-Tumor-Dataset-RAW/Cropped_Image_Sets/train/meningioma_cropped/M72_cropped.jpg
1472,M75_cropped,meningioma_cropped,C:/Users/alime/Dropbox/PC/Documents/Coding/Memoire 2023/Datasets/Brain-Tumor-Dataset-RAW/Cropped_Image_Sets/train/meningioma_cropped/M75_cropped.jpg
1473,M77_cropped,meningioma_cropped,C:/Users/alime/Dropbox/PC/Documents/Coding/Memoire 2023/Datasets/Brain-Tumor-Dataset-RAW/Cropped_Image_Sets/train/meningioma_cropped/M77_cropped.jpg
1474,M78_cropped,meningioma_cropped,C:/Users/alime/Dropbox/PC/Documents/Coding/Memoire 2023/Datasets/Brain-Tumor-Dataset-RAW/Cropped_Image_Sets/train/meningioma_cropped/M78_cropped.jpg
1475,M7_cropped,meningioma_cropped,C:/Users/alime/Dropbox/PC/Documents/Coding/Memoire 2023/Datasets/Brain-Tumor-Dataset-RAW/Cropped_Image_Sets/train/meningioma_cropped/M7_cropped.jpg
1476,M82_cropped,meningioma_cropped,C:/Users/alime/Dropbox/PC/Documents/Coding/Memoire 2023/Datasets/Brain-Tumor-Dataset-RAW/Cropped_Image_Sets/train/meningioma_cropped/M82_cropped.jpg
1477,M83_cropped,meningioma_cropped,C:/Users/alime/Dropbox/PC/Documents/Coding/Memoire 2023/Datasets/Brain-Tumor-Dataset-RAW/Cropped_Image_Sets/train/meningioma_cropped/M83_cropped.jpg
1478,M85_cropped,meningioma_cropped,C:/Users/alime/Dropbox/PC/Documents/Coding/Memoire 2023/Datasets/Brain-Tumor-Dataset-RAW/Cropped_Image_Sets/train/meningioma_cropped/M85_cropped.jpg
1479,M86_cropped,meningioma_cropped,C:/Users/alime/Dropbox/PC/Documents/Coding/Memoire 2023/Datasets/Brain-Tumor-Dataset-RAW/Cropped_Image_Sets/train/meningioma_cropped/M86_cropped.jpg
1480,M87_cropped,meningioma_cropped,C:/Users/alime/Dropbox/PC/Documents/Coding/Memoire 2023/Datasets/Brain-Tumor-Dataset-RAW/Cropped_Image_Sets/train/meningioma_cropped/M87_cropped.jpg
1481,M88_cropped,meningioma_cropped,C:/Users/alime/Dropbox/PC/Documents/Coding/Memoire 2023/Datasets/Brain-Tumor-Dataset-RAW/Cropped_Image_Sets/train/meningioma_cropped/M88_cropped.jpg
1482,M89_cropped,meningioma_cropped,C:/Users/alime/Dropbox/PC/Documents/Coding/Memoire 2023/Datasets/Brain-Tumor-Dataset-RAW/Cropped_Image_Sets/train/meningioma_cropped/M89_cropped.jpg
1483,M8_cropped,meningioma_cropped,C:/Users/alime/Dropbox/PC/Documents/Coding/Memoire 2023/Datasets/Brain-Tumor-Dataset-RAW/Cropped_Image_Sets/train/meningioma_cropped/M8_cropped.jpg
1484,M90_cropped,meningioma_cropped,C:/Users/alime/Dropbox/PC/Documents/Coding/Memoire 2023/Datasets/Brain-Tumor-Dataset-RAW/Cropped_Image_Sets/train/meningioma_cropped/M90_cropped.jpg
1485,M91_cropped,meningioma_cropped,C:/Users/alime/Dropbox/PC/Documents/Coding/Memoire 2023/Datasets/Brain-Tumor-Dataset-RAW/Cropped_Image_Sets/train/meningioma_cropped/M91_cropped.jpg
1486,M93_cropped,meningioma_cropped,C:/Users/alime/Dropbox/PC/Documents/Coding/Memoire 2023/Datasets/Brain-Tumor-Dataset-RAW/Cropped_Image_Sets/train/meningioma_cropped/M93_cropped.jpg
1487,M94_cropped,meningioma_cropped,C:/Users/alime/Dropbox/PC/Documents/Coding/Memoire 2023/Datasets/Brain-Tumor-Dataset-RAW/Cropped_Image_Sets/train/meningioma_cropped/M94_cropped.jpg
1488,M95_cropped,meningioma_cropped,C:/Users/alime/Dropbox/PC/Documents/Coding/Memoire 2023/Datasets/Brain-Tumor-Dataset-RAW/Cropped_Image_Sets/train/meningioma_cropped/M95_cropped.jpg
1489,M96_cropped,meningioma_cropped,C:/Users/alime/Dropbox/PC/Documents/Coding/Memoire 2023/Datasets/Brain-Tumor-Dataset-RAW/Cropped_Image_Sets/train/meningioma_cropped/M96_cropped.jpg
1490,M97_cropped,meningioma_cropped,C:/Users/alime/Dropbox/PC/Documents/Coding/Memoire 2023/Datasets/Brain-Tumor-Dataset-RAW/Cropped_Image_Sets/train/meningioma_cropped/M97_cropped.jpg
1491,M98_cropped,meningioma_cropped,C:/Users/alime/Dropbox/PC/Documents/Coding/Memoire 2023/Datasets/Brain-Tumor-Dataset-RAW/Cropped_Image_Sets/train/meningioma_cropped/M98_cropped.jpg
1492,M99_cropped,meningioma_cropped,C:/Users/alime/Dropbox/PC/Documents/Coding/Memoire 2023/Datasets/Brain-Tumor-Dataset-RAW/Cropped_Image_Sets/train/meningioma_cropped/M99_cropped.jpg
1493,P100_cropped,pituitary_tumor_cropped,C:/Users/alime/Dropbox/PC/Documents/Coding/Memoire 2023/Datasets/Brain-Tumor-Dataset-RAW/Cropped_Image_Sets/train/pituitary_tumor_cropped/P100_cropped.jpg
1494,P101_cropped,pituitary_tumor_cropped,C:/Users/alime/Dropbox/PC/Documents/Coding/Memoire 2023/Datasets/Brain-Tumor-Dataset-RAW/Cropped_Image_Sets/train/pituitary_tumor_cropped/P101_cropped.jpg
1495,P103_cropped,pituitary_tumor_cropped,C:/Users/alime/Dropbox/PC/Documents/Coding/Memoire 2023/Datasets/Brain-Tumor-Dataset-RAW/Cropped_Image_Sets/train/pituitary_tumor_cropped/P103_cropped.jpg
1496,P104_cropped,pituitary_tumor_cropped,C:/Users/alime/Dropbox/PC/Documents/Coding/Memoire 2023/Datasets/Brain-Tumor-Dataset-RAW/Cropped_Image_Sets/train/pituitary_tumor_cropped/P104_cropped.jpg
1497,P105_cropped,pituitary_tumor_cropped,C:/Users/alime/Dropbox/PC/Documents/Coding/Memoire 2023/Datasets/Brain-Tumor-Dataset-RAW/Cropped_Image_Sets/train/pituitary_tumor_cropped/P105_cropped.jpg
1498,P106_cropped,pituitary_tumor_cropped,C:/Users/alime/Dropbox/PC/Documents/Coding/Memoire 2023/Datasets/Brain-Tumor-Dataset-RAW/Cropped_Image_Sets/train/pituitary_tumor_cropped/P106_cropped.jpg
1499,P107_cropped,pituitary_tumor_cropped,C:/Users/alime/Dropbox/PC/Documents/Coding/Memoire 2023/Datasets/Brain-Tumor-Dataset-RAW/Cropped_Image_Sets/train/pituitary_tumor_cropped/P107_cropped.jpg
1500,P108_cropped,pituitary_tumor_cropped,C:/Users/alime/Dropbox/PC/Documents/Coding/Memoire 2023/Datasets/Brain-Tumor-Dataset-RAW/Cropped_Image_Sets/train/pituitary_tumor_cropped/P108_cropped.jpg
1501,P109_cropped,pituitary_tumor_cropped,C:/Users/alime/Dropbox/PC/Documents/Coding/Memoire 2023/Datasets/Brain-Tumor-Dataset-RAW/Cropped_Image_Sets/train/pituitary_tumor_cropped/P109_cropped.jpg
1502,P10_cropped,pituitary_tumor_cropped,C:/Users/alime/Dropbox/PC/Documents/Coding/Memoire 2023/Datasets/Brain-Tumor-Dataset-RAW/Cropped_Image_Sets/train/pituitary_tumor_cropped/P10_cropped.jpg
1503,P110_cropped,pituitary_tumor_cropped,C:/Users/alime/Dropbox/PC/Documents/Coding/Memoire 2023/Datasets/Brain-Tumor-Dataset-RAW/Cropped_Image_Sets/train/pituitary_tumor_cropped/P110_cropped.jpg
1504,P112_cropped,pituitary_tumor_cropped,C:/Users/alime/Dropbox/PC/Documents/Coding/Memoire 2023/Datasets/Brain-Tumor-Dataset-RAW/Cropped_Image_Sets/train/pituitary_tumor_cropped/P112_cropped.jpg
1505,P113_cropped,pituitary_tumor_cropped,C:/Users/alime/Dropbox/PC/Documents/Coding/Memoire 2023/Datasets/Brain-Tumor-Dataset-RAW/Cropped_Image_Sets/train/pituitary_tumor_cropped/P113_cropped.jpg
1506,P114_cropped,pituitary_tumor_cropped,C:/Users/alime/Dropbox/PC/Documents/Coding/Memoire 2023/Datasets/Brain-Tumor-Dataset-RAW/Cropped_Image_Sets/train/pituitary_tumor_cropped/P114_cropped.jpg
1507,P118_cropped,pituitary_tumor_cropped,C:/Users/alime/Dropbox/PC/Documents/Coding/Memoire 2023/Datasets/Brain-Tumor-Dataset-RAW/Cropped_Image_Sets/train/pituitary_tumor_cropped/P118_cropped.jpg
1508,P119_cropped,pituitary_tumor_cropped,C:/Users/alime/Dropbox/PC/Documents/Coding/Memoire 2023/Datasets/Brain-Tumor-Dataset-RAW/Cropped_Image_Sets/train/pituitary_tumor_cropped/P119_cropped.jpg
1509,P120_cropped,pituitary_tumor_cropped,C:/Users/alime/Dropbox/PC/Documents/Coding/Memoire 2023/Datasets/Brain-Tumor-Dataset-RAW/Cropped_Image_Sets/train/pituitary_tumor_cropped/P120_cropped.jpg
1510,P121_cropped,pituitary_tumor_cropped,C:/Users/alime/Dropbox/PC/Documents/Coding/Memoire 2023/Datasets/Brain-Tumor-Dataset-RAW/Cropped_Image_Sets/train/pituitary_tumor_cropped/P121_cropped.jpg
1511,P122_cropped,pituitary_tumor_cropped,C:/Users/alime/Dropbox/PC/Documents/Coding/Memoire 2023/Datasets/Brain-Tumor-Dataset-RAW/Cropped_Image_Sets/train/pituitary_tumor_cropped/P122_cropped.jpg
1512,P124_cropped,pituitary_tumor_cropped,C:/Users/alime/Dropbox/PC/Documents/Coding/Memoire 2023/Datasets/Brain-Tumor-Dataset-RAW/Cropped_Image_Sets/train/pituitary_tumor_cropped/P124_cropped.jpg
1513,P125_cropped,pituitary_tumor_cropped,C:/Users/alime/Dropbox/PC/Documents/Coding/Memoire 2023/Datasets/Brain-Tumor-Dataset-RAW/Cropped_Image_Sets/train/pituitary_tumor_cropped/P125_cropped.jpg
1514,P126_cropped,pituitary_tumor_cropped,C:/Users/alime/Dropbox/PC/Documents/Coding/Memoire 2023/Datasets/Brain-Tumor-Dataset-RAW/Cropped_Image_Sets/train/pituitary_tumor_cropped/P126_cropped.jpg
1515,P127_cropped,pituitary_tumor_cropped,C:/Users/alime/Dropbox/PC/Documents/Coding/Memoire 2023/Datasets/Brain-Tumor-Dataset-RAW/Cropped_Image_Sets/train/pituitary_tumor_cropped/P127_cropped.jpg
1516,P129_cropped,pituitary_tumor_cropped,C:/Users/alime/Dropbox/PC/Documents/Coding/Memoire 2023/Datasets/Brain-Tumor-Dataset-RAW/Cropped_Image_Sets/train/pituitary_tumor_cropped/P129_cropped.jpg
1517,P12_cropped,pituitary_tumor_cropped,C:/Users/alime/Dropbox/PC/Documents/Coding/Memoire 2023/Datasets/Brain-Tumor-Dataset-RAW/Cropped_Image_Sets/train/pituitary_tumor_cropped/P12_cropped.jpg
1518,P130_cropped,pituitary_tumor_cropped,C:/Users/alime/Dropbox/PC/Documents/Coding/Memoire 2023/Datasets/Brain-Tumor-Dataset-RAW/Cropped_Image_Sets/train/pituitary_tumor_cropped/P130_cropped.jpg
1519,P131_cropped,pituitary_tumor_cropped,C:/Users/alime/Dropbox/PC/Documents/Coding/Memoire 2023/Datasets/Brain-Tumor-Dataset-RAW/Cropped_Image_Sets/train/pituitary_tumor_cropped/P131_cropped.jpg
1520,P132_cropped,pituitary_tumor_cropped,C:/Users/alime/Dropbox/PC/Documents/Coding/Memoire 2023/Datasets/Brain-Tumor-Dataset-RAW/Cropped_Image_Sets/train/pituitary_tumor_cropped/P132_cropped.jpg
1521,P133_cropped,pituitary_tumor_cropped,C:/Users/alime/Dropbox/PC/Documents/Coding/Memoire 2023/Datasets/Brain-Tumor-Dataset-RAW/Cropped_Image_Sets/train/pituitary_tumor_cropped/P133_cropped.jpg
1522,P134_cropped,pituitary_tumor_cropped,C:/Users/alime/Dropbox/PC/Documents/Coding/Memoire 2023/Datasets/Brain-Tumor-Dataset-RAW/Cropped_Image_Sets/train/pituitary_tumor_cropped/P134_cropped.jpg
1523,P136_cropped,pituitary_tumor_cropped,C:/Users/alime/Dropbox/PC/Documents/Coding/Memoire 2023/Datasets/Brain-Tumor-Dataset-RAW/Cropped_Image_Sets/train/pituitary_tumor_cropped/P136_cropped.jpg
1524,P138_cropped,pituitary_tumor_cropped,C:/Users/alime/Dropbox/PC/Documents/Coding/Memoire 2023/Datasets/Brain-Tumor-Dataset-RAW/Cropped_Image_Sets/train/pituitary_tumor_cropped/P138_cropped.jpg
1525,P139_cropped,pituitary_tumor_cropped,C:/Users/alime/Dropbox/PC/Documents/Coding/Memoire 2023/Datasets/Brain-Tumor-Dataset-RAW/Cropped_Image_Sets/train/pituitary_tumor_cropped/P139_cropped.jpg
1526,P141_cropped,pituitary_tumor_cropped,C:/Users/alime/Dropbox/PC/Documents/Coding/Memoire 2023/Datasets/Brain-Tumor-Dataset-RAW/Cropped_Image_Sets/train/pituitary_tumor_cropped/P141_cropped.jpg
1527,P143_cropped,pituitary_tumor_cropped,C:/Users/alime/Dropbox/PC/Documents/Coding/Memoire 2023/Datasets/Brain-Tumor-Dataset-RAW/Cropped_Image_Sets/train/pituitary_tumor_cropped/P143_cropped.jpg
1528,P144_cropped,pituitary_tumor_cropped,C:/Users/alime/Dropbox/PC/Documents/Coding/Memoire 2023/Datasets/Brain-Tumor-Dataset-RAW/Cropped_Image_Sets/train/pituitary_tumor_cropped/P144_cropped.jpg
1529,P145_cropped,pituitary_tumor_cropped,C:/Users/alime/Dropbox/PC/Documents/Coding/Memoire 2023/Datasets/Brain-Tumor-Dataset-RAW/Cropped_Image_Sets/train/pituitary_tumor_cropped/P145_cropped.jpg
1530,P146_cropped,pituitary_tumor_cropped,C:/Users/alime/Dropbox/PC/Documents/Coding/Memoire 2023/Datasets/Brain-Tumor-Dataset-RAW/Cropped_Image_Sets/train/pituitary_tumor_cropped/P146_cropped.jpg
1531,P148_cropped,pituitary_tumor_cropped,C:/Users/alime/Dropbox/PC/Documents/Coding/Memoire 2023/Datasets/Brain-Tumor-Dataset-RAW/Cropped_Image_Sets/train/pituitary_tumor_cropped/P148_cropped.jpg
1532,P151_cropped,pituitary_tumor_cropped,C:/Users/alime/Dropbox/PC/Documents/Coding/Memoire 2023/Datasets/Brain-Tumor-Dataset-RAW/Cropped_Image_Sets/train/pituitary_tumor_cropped/P151_cropped.jpg
1533,P153_cropped,pituitary_tumor_cropped,C:/Users/alime/Dropbox/PC/Documents/Coding/Memoire 2023/Datasets/Brain-Tumor-Dataset-RAW/Cropped_Image_Sets/train/pituitary_tumor_cropped/P153_cropped.jpg
1534,P154_cropped,pituitary_tumor_cropped,C:/Users/alime/Dropbox/PC/Documents/Coding/Memoire 2023/Datasets/Brain-Tumor-Dataset-RAW/Cropped_Image_Sets/train/pituitary_tumor_cropped/P154_cropped.jpg
1535,P156_cropped,pituitary_tumor_cropped,C:/Users/alime/Dropbox/PC/Documents/Coding/Memoire 2023/Datasets/Brain-Tumor-Dataset-RAW/Cropped_Image_Sets/train/pituitary_tumor_cropped/P156_cropped.jpg
1536,P157_cropped,pituitary_tumor_cropped,C:/Users/alime/Dropbox/PC/Documents/Coding/Memoire 2023/Datasets/Brain-Tumor-Dataset-RAW/Cropped_Image_Sets/train/pituitary_tumor_cropped/P157_cropped.jpg
1537,P158_cropped,pituitary_tumor_cropped,C:/Users/alime/Dropbox/PC/Documents/Coding/Memoire 2023/Datasets/Brain-Tumor-Dataset-RAW/Cropped_Image_Sets/train/pituitary_tumor_cropped/P158_cropped.jpg
1538,P159_cropped,pituitary_tumor_cropped,C:/Users/alime/Dropbox/PC/Documents/Coding/Memoire 2023/Datasets/Brain-Tumor-Dataset-RAW/Cropped_Image_Sets/train/pituitary_tumor_cropped/P159_cropped.jpg
1539,P15_cropped,pituitary_tumor_cropped,C:/Users/alime/Dropbox/PC/Documents/Coding/Memoire 2023/Datasets/Brain-Tumor-Dataset-RAW/Cropped_Image_Sets/train/pituitary_tumor_cropped/P15_cropped.jpg
1540,P161_cropped,pituitary_tumor_cropped,C:/Users/alime/Dropbox/PC/Documents/Coding/Memoire 2023/Datasets/Brain-Tumor-Dataset-RAW/Cropped_Image_Sets/train/pituitary_tumor_cropped/P161_cropped.jpg
1541,P163_cropped,pituitary_tumor_cropped,C:/Users/alime/Dropbox/PC/Documents/Coding/Memoire 2023/Datasets/Brain-Tumor-Dataset-RAW/Cropped_Image_Sets/train/pituitary_tumor_cropped/P163_cropped.jpg
1542,P165_cropped,pituitary_tumor_cropped,C:/Users/alime/Dropbox/PC/Documents/Coding/Memoire 2023/Datasets/Brain-Tumor-Dataset-RAW/Cropped_Image_Sets/train/pituitary_tumor_cropped/P165_cropped.jpg
1543,P166_cropped,pituitary_tumor_cropped,C:/Users/alime/Dropbox/PC/Documents/Coding/Memoire 2023/Datasets/Brain-Tumor-Dataset-RAW/Cropped_Image_Sets/train/pituitary_tumor_cropped/P166_cropped.jpg
1544,P168_cropped,pituitary_tumor_cropped,C:/Users/alime/Dropbox/PC/Documents/Coding/Memoire 2023/Datasets/Brain-Tumor-Dataset-RAW/Cropped_Image_Sets/train/pituitary_tumor_cropped/P168_cropped.jpg
1545,P169_cropped,pituitary_tumor_cropped,C:/Users/alime/Dropbox/PC/Documents/Coding/Memoire 2023/Datasets/Brain-Tumor-Dataset-RAW/Cropped_Image_Sets/train/pituitary_tumor_cropped/P169_cropped.jpg
1546,P16_cropped,pituitary_tumor_cropped,C:/Users/alime/Dropbox/PC/Documents/Coding/Memoire 2023/Datasets/Brain-Tumor-Dataset-RAW/Cropped_Image_Sets/train/pituitary_tumor_cropped/P16_cropped.jpg
1547,P170_cropped,pituitary_tumor_cropped,C:/Users/alime/Dropbox/PC/Documents/Coding/Memoire 2023/Datasets/Brain-Tumor-Dataset-RAW/Cropped_Image_Sets/train/pituitary_tumor_cropped/P170_cropped.jpg
1548,P171_cropped,pituitary_tumor_cropped,C:/Users/alime/Dropbox/PC/Documents/Coding/Memoire 2023/Datasets/Brain-Tumor-Dataset-RAW/Cropped_Image_Sets/train/pituitary_tumor_cropped/P171_cropped.jpg
1549,P172_cropped,pituitary_tumor_cropped,C:/Users/alime/Dropbox/PC/Documents/Coding/Memoire 2023/Datasets/Brain-Tumor-Dataset-RAW/Cropped_Image_Sets/train/pituitary_tumor_cropped/P172_cropped.jpg
1550,P174_cropped,pituitary_tumor_cropped,C:/Users/alime/Dropbox/PC/Documents/Coding/Memoire 2023/Datasets/Brain-Tumor-Dataset-RAW/Cropped_Image_Sets/train/pituitary_tumor_cropped/P174_cropped.jpg
1551,P176_cropped,pituitary_tumor_cropped,C:/Users/alime/Dropbox/PC/Documents/Coding/Memoire 2023/Datasets/Brain-Tumor-Dataset-RAW/Cropped_Image_Sets/train/pituitary_tumor_cropped/P176_cropped.jpg
1552,P177_cropped,pituitary_tumor_cropped,C:/Users/alime/Dropbox/PC/Documents/Coding/Memoire 2023/Datasets/Brain-Tumor-Dataset-RAW/Cropped_Image_Sets/train/pituitary_tumor_cropped/P177_cropped.jpg
1553,P178_cropped,pituitary_tumor_cropped,C:/Users/alime/Dropbox/PC/Documents/Coding/Memoire 2023/Datasets/Brain-Tumor-Dataset-RAW/Cropped_Image_Sets/train/pituitary_tumor_cropped/P178_cropped.jpg
1554,P179_cropped,pituitary_tumor_cropped,C:/Users/alime/Dropbox/PC/Documents/Coding/Memoire 2023/Datasets/Brain-Tumor-Dataset-RAW/Cropped_Image_Sets/train/pituitary_tumor_cropped/P179_cropped.jpg
1555,P180_cropped,pituitary_tumor_cropped,C:/Users/alime/Dropbox/PC/Documents/Coding/Memoire 2023/Datasets/Brain-Tumor-Dataset-RAW/Cropped_Image_Sets/train/pituitary_tumor_cropped/P180_cropped.jpg
1556,P181_cropped,pituitary_tumor_cropped,C:/Users/alime/Dropbox/PC/Documents/Coding/Memoire 2023/Datasets/Brain-Tumor-Dataset-RAW/Cropped_Image_Sets/train/pituitary_tumor_cropped/P181_cropped.jpg
1557,P182_cropped,pituitary_tumor_cropped,C:/Users/alime/Dropbox/PC/Documents/Coding/Memoire 2023/Datasets/Brain-Tumor-Dataset-RAW/Cropped_Image_Sets/train/pituitary_tumor_cropped/P182_cropped.jpg
1558,P183_cropped,pituitary_tumor_cropped,C:/Users/alime/Dropbox/PC/Documents/Coding/Memoire 2023/Datasets/Brain-Tumor-Dataset-RAW/Cropped_Image_Sets/train/pituitary_tumor_cropped/P183_cropped.jpg
1559,P184_cropped,pituitary_tumor_cropped,C:/Users/alime/Dropbox/PC/Documents/Coding/Memoire 2023/Datasets/Brain-Tumor-Dataset-RAW/Cropped_Image_Sets/train/pituitary_tumor_cropped/P184_cropped.jpg
1560,P185_cropped,pituitary_tumor_cropped,C:/Users/alime/Dropbox/PC/Documents/Coding/Memoire 2023/Datasets/Brain-Tumor-Dataset-RAW/Cropped_Image_Sets/train/pituitary_tumor_cropped/P185_cropped.jpg
1561,P186_cropped,pituitary_tumor_cropped,C:/Users/alime/Dropbox/PC/Documents/Coding/Memoire 2023/Datasets/Brain-Tumor-Dataset-RAW/Cropped_Image_Sets/train/pituitary_tumor_cropped/P186_cropped.jpg
1562,P187_cropped,pituitary_tumor_cropped,C:/Users/alime/Dropbox/PC/Documents/Coding/Memoire 2023/Datasets/Brain-Tumor-Dataset-RAW/Cropped_Image_Sets/train/pituitary_tumor_cropped/P187_cropped.jpg
1563,P188_cropped,pituitary_tumor_cropped,C:/Users/alime/Dropbox/PC/Documents/Coding/Memoire 2023/Datasets/Brain-Tumor-Dataset-RAW/Cropped_Image_Sets/train/pituitary_tumor_cropped/P188_cropped.jpg
1564,P189_cropped,pituitary_tumor_cropped,C:/Users/alime/Dropbox/PC/Documents/Coding/Memoire 2023/Datasets/Brain-Tumor-Dataset-RAW/Cropped_Image_Sets/train/pituitary_tumor_cropped/P189_cropped.jpg
1565,P18_cropped,pituitary_tumor_cropped,C:/Users/alime/Dropbox/PC/Documents/Coding/Memoire 2023/Datasets/Brain-Tumor-Dataset-RAW/Cropped_Image_Sets/train/pituitary_tumor_cropped/P18_cropped.jpg
1566,P190_cropped,pituitary_tumor_cropped,C:/Users/alime/Dropbox/PC/Documents/Coding/Memoire 2023/Datasets/Brain-Tumor-Dataset-RAW/Cropped_Image_Sets/train/pituitary_tumor_cropped/P190_cropped.jpg
1567,P191_cropped,pituitary_tumor_cropped,C:/Users/alime/Dropbox/PC/Documents/Coding/Memoire 2023/Datasets/Brain-Tumor-Dataset-RAW/Cropped_Image_Sets/train/pituitary_tumor_cropped/P191_cropped.jpg
1568,P192_cropped,pituitary_tumor_cropped,C:/Users/alime/Dropbox/PC/Documents/Coding/Memoire 2023/Datasets/Brain-Tumor-Dataset-RAW/Cropped_Image_Sets/train/pituitary_tumor_cropped/P192_cropped.jpg
1569,P193_cropped,pituitary_tumor_cropped,C:/Users/alime/Dropbox/PC/Documents/Coding/Memoire 2023/Datasets/Brain-Tumor-Dataset-RAW/Cropped_Image_Sets/train/pituitary_tumor_cropped/P193_cropped.jpg
1570,P194_cropped,pituitary_tumor_cropped,C:/Users/alime/Dropbox/PC/Documents/Coding/Memoire 2023/Datasets/Brain-Tumor-Dataset-RAW/Cropped_Image_Sets/train/pituitary_tumor_cropped/P194_cropped.jpg
1571,P195_cropped,pituitary_tumor_cropped,C:/Users/alime/Dropbox/PC/Documents/Coding/Memoire 2023/Datasets/Brain-Tumor-Dataset-RAW/Cropped_Image_Sets/train/pituitary_tumor_cropped/P195_cropped.jpg
1572,P197_cropped,pituitary_tumor_cropped,C:/Users/alime/Dropbox/PC/Documents/Coding/Memoire 2023/Datasets/Brain-Tumor-Dataset-RAW/Cropped_Image_Sets/train/pituitary_tumor_cropped/P197_cropped.jpg
1573,P199_cropped,pituitary_tumor_cropped,C:/Users/alime/Dropbox/PC/Documents/Coding/Memoire 2023/Datasets/Brain-Tumor-Dataset-RAW/Cropped_Image_Sets/train/pituitary_tumor_cropped/P199_cropped.jpg
1574,P19_cropped,pituitary_tumor_cropped,C:/Users/alime/Dropbox/PC/Documents/Coding/Memoire 2023/Datasets/Brain-Tumor-Dataset-RAW/Cropped_Image_Sets/train/pituitary_tumor_cropped/P19_cropped.jpg
1575,P1_cropped,pituitary_tumor_cropped,C:/Users/alime/Dropbox/PC/Documents/Coding/Memoire 2023/Datasets/Brain-Tumor-Dataset-RAW/Cropped_Image_Sets/train/pituitary_tumor_cropped/P1_cropped.jpg
1576,P201_cropped,pituitary_tumor_cropped,C:/Users/alime/Dropbox/PC/Documents/Coding/Memoire 2023/Datasets/Brain-Tumor-Dataset-RAW/Cropped_Image_Sets/train/pituitary_tumor_cropped/P201_cropped.jpg
1577,P202_cropped,pituitary_tumor_cropped,C:/Users/alime/Dropbox/PC/Documents/Coding/Memoire 2023/Datasets/Brain-Tumor-Dataset-RAW/Cropped_Image_Sets/train/pituitary_tumor_cropped/P202_cropped.jpg
1578,P203_cropped,pituitary_tumor_cropped,C:/Users/alime/Dropbox/PC/Documents/Coding/Memoire 2023/Datasets/Brain-Tumor-Dataset-RAW/Cropped_Image_Sets/train/pituitary_tumor_cropped/P203_cropped.jpg
1579,P204_cropped,pituitary_tumor_cropped,C:/Users/alime/Dropbox/PC/Documents/Coding/Memoire 2023/Datasets/Brain-Tumor-Dataset-RAW/Cropped_Image_Sets/train/pituitary_tumor_cropped/P204_cropped.jpg
1580,P206_cropped,pituitary_tumor_cropped,C:/Users/alime/Dropbox/PC/Documents/Coding/Memoire 2023/Datasets/Brain-Tumor-Dataset-RAW/Cropped_Image_Sets/train/pituitary_tumor_cropped/P206_cropped.jpg
1581,P207_cropped,pituitary_tumor_cropped,C:/Users/alime/Dropbox/PC/Documents/Coding/Memoire 2023/Datasets/Brain-Tumor-Dataset-RAW/Cropped_Image_Sets/train/pituitary_tumor_cropped/P207_cropped.jpg
1582,P208_cropped,pituitary_tumor_cropped,C:/Users/alime/Dropbox/PC/Documents/Coding/Memoire 2023/Datasets/Brain-Tumor-Dataset-RAW/Cropped_Image_Sets/train/pituitary_tumor_cropped/P208_cropped.jpg
1583,P209_cropped,pituitary_tumor_cropped,C:/Users/alime/Dropbox/PC/Documents/Coding/Memoire 2023/Datasets/Brain-Tumor-Dataset-RAW/Cropped_Image_Sets/train/pituitary_tumor_cropped/P209_cropped.jpg
1584,P210_cropped,pituitary_tumor_cropped,C:/Users/alime/Dropbox/PC/Documents/Coding/Memoire 2023/Datasets/Brain-Tumor-Dataset-RAW/Cropped_Image_Sets/train/pituitary_tumor_cropped/P210_cropped.jpg
1585,P211_cropped,pituitary_tumor_cropped,C:/Users/alime/Dropbox/PC/Documents/Coding/Memoire 2023/Datasets/Brain-Tumor-Dataset-RAW/Cropped_Image_Sets/train/pituitary_tumor_cropped/P211_cropped.jpg
1586,P212_cropped,pituitary_tumor_cropped,C:/Users/alime/Dropbox/PC/Documents/Coding/Memoire 2023/Datasets/Brain-Tumor-Dataset-RAW/Cropped_Image_Sets/train/pituitary_tumor_cropped/P212_cropped.jpg
1587,P213_cropped,pituitary_tumor_cropped,C:/Users/alime/Dropbox/PC/Documents/Coding/Memoire 2023/Datasets/Brain-Tumor-Dataset-RAW/Cropped_Image_Sets/train/pituitary_tumor_cropped/P213_cropped.jpg
1588,P214_cropped,pituitary_tumor_cropped,C:/Users/alime/Dropbox/PC/Documents/Coding/Memoire 2023/Datasets/Brain-Tumor-Dataset-RAW/Cropped_Image_Sets/train/pituitary_tumor_cropped/P214_cropped.jpg
1589,P215_cropped,pituitary_tumor_cropped,C:/Users/alime/Dropbox/PC/Documents/Coding/Memoire 2023/Datasets/Brain-Tumor-Dataset-RAW/Cropped_Image_Sets/train/pituitary_tumor_cropped/P215_cropped.jpg
1590,P216_cropped,pituitary_tumor_cropped,C:/Users/alime/Dropbox/PC/Documents/Coding/Memoire 2023/Datasets/Brain-Tumor-Dataset-RAW/Cropped_Image_Sets/train/pituitary_tumor_cropped/P216_cropped.jpg
1591,P217_cropped,pituitary_tumor_cropped,C:/Users/alime/Dropbox/PC/Documents/Coding/Memoire 2023/Datasets/Brain-Tumor-Dataset-RAW/Cropped_Image_Sets/train/pituitary_tumor_cropped/P217_cropped.jpg
1592,P218_cropped,pituitary_tumor_cropped,C:/Users/alime/Dropbox/PC/Documents/Coding/Memoire 2023/Datasets/Brain-Tumor-Dataset-RAW/Cropped_Image_Sets/train/pituitary_tumor_cropped/P218_cropped.jpg
1593,P219_cropped,pituitary_tumor_cropped,C:/Users/alime/Dropbox/PC/Documents/Coding/Memoire 2023/Datasets/Brain-Tumor-Dataset-RAW/Cropped_Image_Sets/train/pituitary_tumor_cropped/P219_cropped.jpg
1594,P21_cropped,pituitary_tumor_cropped,C:/Users/alime/Dropbox/PC/Documents/Coding/Memoire 2023/Datasets/Brain-Tumor-Dataset-RAW/Cropped_Image_Sets/train/pituitary_tumor_cropped/P21_cropped.jpg
1595,P221_cropped,pituitary_tumor_cropped,C:/Users/alime/Dropbox/PC/Documents/Coding/Memoire 2023/Datasets/Brain-Tumor-Dataset-RAW/Cropped_Image_Sets/train/pituitary_tumor_cropped/P221_cropped.jpg
1596,P222_cropped,pituitary_tumor_cropped,C:/Users/alime/Dropbox/PC/Documents/Coding/Memoire 2023/Datasets/Brain-Tumor-Dataset-RAW/Cropped_Image_Sets/train/pituitary_tumor_cropped/P222_cropped.jpg
1597,P223_cropped,pituitary_tumor_cropped,C:/Users/alime/Dropbox/PC/Documents/Coding/Memoire 2023/Datasets/Brain-Tumor-Dataset-RAW/Cropped_Image_Sets/train/pituitary_tumor_cropped/P223_cropped.jpg
1598,P224_cropped,pituitary_tumor_cropped,C:/Users/alime/Dropbox/PC/Documents/Coding/Memoire 2023/Datasets/Brain-Tumor-Dataset-RAW/Cropped_Image_Sets/train/pituitary_tumor_cropped/P224_cropped.jpg
1599,P225_cropped,pituitary_tumor_cropped,C:/Users/alime/Dropbox/PC/Documents/Coding/Memoire 2023/Datasets/Brain-Tumor-Dataset-RAW/Cropped_Image_Sets/train/pituitary_tumor_cropped/P225_cropped.jpg
1600,P227_cropped,pituitary_tumor_cropped,C:/Users/alime/Dropbox/PC/Documents/Coding/Memoire 2023/Datasets/Brain-Tumor-Dataset-RAW/Cropped_Image_Sets/train/pituitary_tumor_cropped/P227_cropped.jpg
1601,P228_cropped,pituitary_tumor_cropped,C:/Users/alime/Dropbox/PC/Documents/Coding/Memoire 2023/Datasets/Brain-Tumor-Dataset-RAW/Cropped_Image_Sets/train/pituitary_tumor_cropped/P228_cropped.jpg
1602,P22_cropped,pituitary_tumor_cropped,C:/Users/alime/Dropbox/PC/Documents/Coding/Memoire 2023/Datasets/Brain-Tumor-Dataset-RAW/Cropped_Image_Sets/train/pituitary_tumor_cropped/P22_cropped.jpg
1603,P230_cropped,pituitary_tumor_cropped,C:/Users/alime/Dropbox/PC/Documents/Coding/Memoire 2023/Datasets/Brain-Tumor-Dataset-RAW/Cropped_Image_Sets/train/pituitary_tumor_cropped/P230_cropped.jpg
1604,P231_cropped,pituitary_tumor_cropped,C:/Users/alime/Dropbox/PC/Documents/Coding/Memoire 2023/Datasets/Brain-Tumor-Dataset-RAW/Cropped_Image_Sets/train/pituitary_tumor_cropped/P231_cropped.jpg
1605,P232_cropped,pituitary_tumor_cropped,C:/Users/alime/Dropbox/PC/Documents/Coding/Memoire 2023/Datasets/Brain-Tumor-Dataset-RAW/Cropped_Image_Sets/train/pituitary_tumor_cropped/P232_cropped.jpg
1606,P234_cropped,pituitary_tumor_cropped,C:/Users/alime/Dropbox/PC/Documents/Coding/Memoire 2023/Datasets/Brain-Tumor-Dataset-RAW/Cropped_Image_Sets/train/pituitary_tumor_cropped/P234_cropped.jpg
1607,P235_cropped,pituitary_tumor_cropped,C:/Users/alime/Dropbox/PC/Documents/Coding/Memoire 2023/Datasets/Brain-Tumor-Dataset-RAW/Cropped_Image_Sets/train/pituitary_tumor_cropped/P235_cropped.jpg
1608,P236_cropped,pituitary_tumor_cropped,C:/Users/alime/Dropbox/PC/Documents/Coding/Memoire 2023/Datasets/Brain-Tumor-Dataset-RAW/Cropped_Image_Sets/train/pituitary_tumor_cropped/P236_cropped.jpg
1609,P23_cropped,pituitary_tumor_cropped,C:/Users/alime/Dropbox/PC/Documents/Coding/Memoire 2023/Datasets/Brain-Tumor-Dataset-RAW/Cropped_Image_Sets/train/pituitary_tumor_cropped/P23_cropped.jpg
1610,P240_cropped,pituitary_tumor_cropped,C:/Users/alime/Dropbox/PC/Documents/Coding/Memoire 2023/Datasets/Brain-Tumor-Dataset-RAW/Cropped_Image_Sets/train/pituitary_tumor_cropped/P240_cropped.jpg
1611,P242_cropped,pituitary_tumor_cropped,C:/Users/alime/Dropbox/PC/Documents/Coding/Memoire 2023/Datasets/Brain-Tumor-Dataset-RAW/Cropped_Image_Sets/train/pituitary_tumor_cropped/P242_cropped.jpg
1612,P243_cropped,pituitary_tumor_cropped,C:/Users/alime/Dropbox/PC/Documents/Coding/Memoire 2023/Datasets/Brain-Tumor-Dataset-RAW/Cropped_Image_Sets/train/pituitary_tumor_cropped/P243_cropped.jpg
1613,P245_cropped,pituitary_tumor_cropped,C:/Users/alime/Dropbox/PC/Documents/Coding/Memoire 2023/Datasets/Brain-Tumor-Dataset-RAW/Cropped_Image_Sets/train/pituitary_tumor_cropped/P245_cropped.jpg
1614,P246_cropped,pituitary_tumor_cropped,C:/Users/alime/Dropbox/PC/Documents/Coding/Memoire 2023/Datasets/Brain-Tumor-Dataset-RAW/Cropped_Image_Sets/train/pituitary_tumor_cropped/P246_cropped.jpg
1615,P249_cropped,pituitary_tumor_cropped,C:/Users/alime/Dropbox/PC/Documents/Coding/Memoire 2023/Datasets/Brain-Tumor-Dataset-RAW/Cropped_Image_Sets/train/pituitary_tumor_cropped/P249_cropped.jpg
1616,P24_cropped,pituitary_tumor_cropped,C:/Users/alime/Dropbox/PC/Documents/Coding/Memoire 2023/Datasets/Brain-Tumor-Dataset-RAW/Cropped_Image_Sets/train/pituitary_tumor_cropped/P24_cropped.jpg
1617,P251_cropped,pituitary_tumor_cropped,C:/Users/alime/Dropbox/PC/Documents/Coding/Memoire 2023/Datasets/Brain-Tumor-Dataset-RAW/Cropped_Image_Sets/train/pituitary_tumor_cropped/P251_cropped.jpg
1618,P252_cropped,pituitary_tumor_cropped,C:/Users/alime/Dropbox/PC/Documents/Coding/Memoire 2023/Datasets/Brain-Tumor-Dataset-RAW/Cropped_Image_Sets/train/pituitary_tumor_cropped/P252_cropped.jpg
1619,P254_cropped,pituitary_tumor_cropped,C:/Users/alime/Dropbox/PC/Documents/Coding/Memoire 2023/Datasets/Brain-Tumor-Dataset-RAW/Cropped_Image_Sets/train/pituitary_tumor_cropped/P254_cropped.jpg
1620,P255_cropped,pituitary_tumor_cropped,C:/Users/alime/Dropbox/PC/Documents/Coding/Memoire 2023/Datasets/Brain-Tumor-Dataset-RAW/Cropped_Image_Sets/train/pituitary_tumor_cropped/P255_cropped.jpg
1621,P256_cropped,pituitary_tumor_cropped,C:/Users/alime/Dropbox/PC/Documents/Coding/Memoire 2023/Datasets/Brain-Tumor-Dataset-RAW/Cropped_Image_Sets/train/pituitary_tumor_cropped/P256_cropped.jpg
1622,P257_cropped,pituitary_tumor_cropped,C:/Users/alime/Dropbox/PC/Documents/Coding/Memoire 2023/Datasets/Brain-Tumor-Dataset-RAW/Cropped_Image_Sets/train/pituitary_tumor_cropped/P257_cropped.jpg
1623,P25_cropped,pituitary_tumor_cropped,C:/Users/alime/Dropbox/PC/Documents/Coding/Memoire 2023/Datasets/Brain-Tumor-Dataset-RAW/Cropped_Image_Sets/train/pituitary_tumor_cropped/P25_cropped.jpg
1624,P260_cropped,pituitary_tumor_cropped,C:/Users/alime/Dropbox/PC/Documents/Coding/Memoire 2023/Datasets/Brain-Tumor-Dataset-RAW/Cropped_Image_Sets/train/pituitary_tumor_cropped/P260_cropped.jpg
1625,P261_cropped,pituitary_tumor_cropped,C:/Users/alime/Dropbox/PC/Documents/Coding/Memoire 2023/Datasets/Brain-Tumor-Dataset-RAW/Cropped_Image_Sets/train/pituitary_tumor_cropped/P261_cropped.jpg
1626,P263_cropped,pituitary_tumor_cropped,C:/Users/alime/Dropbox/PC/Documents/Coding/Memoire 2023/Datasets/Brain-Tumor-Dataset-RAW/Cropped_Image_Sets/train/pituitary_tumor_cropped/P263_cropped.jpg
1627,P264_cropped,pituitary_tumor_cropped,C:/Users/alime/Dropbox/PC/Documents/Coding/Memoire 2023/Datasets/Brain-Tumor-Dataset-RAW/Cropped_Image_Sets/train/pituitary_tumor_cropped/P264_cropped.jpg
1628,P265_cropped,pituitary_tumor_cropped,C:/Users/alime/Dropbox/PC/Documents/Coding/Memoire 2023/Datasets/Brain-Tumor-Dataset-RAW/Cropped_Image_Sets/train/pituitary_tumor_cropped/P265_cropped.jpg
1629,P266_cropped,pituitary_tumor_cropped,C:/Users/alime/Dropbox/PC/Documents/Coding/Memoire 2023/Datasets/Brain-Tumor-Dataset-RAW/Cropped_Image_Sets/train/pituitary_tumor_cropped/P266_cropped.jpg
1630,P267_cropped,pituitary_tumor_cropped,C:/Users/alime/Dropbox/PC/Documents/Coding/Memoire 2023/Datasets/Brain-Tumor-Dataset-RAW/Cropped_Image_Sets/train/pituitary_tumor_cropped/P267_cropped.jpg
1631,P269_cropped,pituitary_tumor_cropped,C:/Users/alime/Dropbox/PC/Documents/Coding/Memoire 2023/Datasets/Brain-Tumor-Dataset-RAW/Cropped_Image_Sets/train/pituitary_tumor_cropped/P269_cropped.jpg
1632,P26_cropped,pituitary_tumor_cropped,C:/Users/alime/Dropbox/PC/Documents/Coding/Memoire 2023/Datasets/Brain-Tumor-Dataset-RAW/Cropped_Image_Sets/train/pituitary_tumor_cropped/P26_cropped.jpg
1633,P270_cropped,pituitary_tumor_cropped,C:/Users/alime/Dropbox/PC/Documents/Coding/Memoire 2023/Datasets/Brain-Tumor-Dataset-RAW/Cropped_Image_Sets/train/pituitary_tumor_cropped/P270_cropped.jpg
1634,P272_cropped,pituitary_tumor_cropped,C:/Users/alime/Dropbox/PC/Documents/Coding/Memoire 2023/Datasets/Brain-Tumor-Dataset-RAW/Cropped_Image_Sets/train/pituitary_tumor_cropped/P272_cropped.jpg
1635,P273_cropped,pituitary_tumor_cropped,C:/Users/alime/Dropbox/PC/Documents/Coding/Memoire 2023/Datasets/Brain-Tumor-Dataset-RAW/Cropped_Image_Sets/train/pituitary_tumor_cropped/P273_cropped.jpg
1636,P274_cropped,pituitary_tumor_cropped,C:/Users/alime/Dropbox/PC/Documents/Coding/Memoire 2023/Datasets/Brain-Tumor-Dataset-RAW/Cropped_Image_Sets/train/pituitary_tumor_cropped/P274_cropped.jpg
1637,P275_cropped,pituitary_tumor_cropped,C:/Users/alime/Dropbox/PC/Documents/Coding/Memoire 2023/Datasets/Brain-Tumor-Dataset-RAW/Cropped_Image_Sets/train/pituitary_tumor_cropped/P275_cropped.jpg
1638,P276_cropped,pituitary_tumor_cropped,C:/Users/alime/Dropbox/PC/Documents/Coding/Memoire 2023/Datasets/Brain-Tumor-Dataset-RAW/Cropped_Image_Sets/train/pituitary_tumor_cropped/P276_cropped.jpg
1639,P277_cropped,pituitary_tumor_cropped,C:/Users/alime/Dropbox/PC/Documents/Coding/Memoire 2023/Datasets/Brain-Tumor-Dataset-RAW/Cropped_Image_Sets/train/pituitary_tumor_cropped/P277_cropped.jpg
1640,P27_cropped,pituitary_tumor_cropped,C:/Users/alime/Dropbox/PC/Documents/Coding/Memoire 2023/Datasets/Brain-Tumor-Dataset-RAW/Cropped_Image_Sets/train/pituitary_tumor_cropped/P27_cropped.jpg
1641,P283_cropped,pituitary_tumor_cropped,C:/Users/alime/Dropbox/PC/Documents/Coding/Memoire 2023/Datasets/Brain-Tumor-Dataset-RAW/Cropped_Image_Sets/train/pituitary_tumor_cropped/P283_cropped.jpg
1642,P284_cropped,pituitary_tumor_cropped,C:/Users/alime/Dropbox/PC/Documents/Coding/Memoire 2023/Datasets/Brain-Tumor-Dataset-RAW/Cropped_Image_Sets/train/pituitary_tumor_cropped/P284_cropped.jpg
1643,P285_cropped,pituitary_tumor_cropped,C:/Users/alime/Dropbox/PC/Documents/Coding/Memoire 2023/Datasets/Brain-Tumor-Dataset-RAW/Cropped_Image_Sets/train/pituitary_tumor_cropped/P285_cropped.jpg
1644,P287_cropped,pituitary_tumor_cropped,C:/Users/alime/Dropbox/PC/Documents/Coding/Memoire 2023/Datasets/Brain-Tumor-Dataset-RAW/Cropped_Image_Sets/train/pituitary_tumor_cropped/P287_cropped.jpg
1645,P288_cropped,pituitary_tumor_cropped,C:/Users/alime/Dropbox/PC/Documents/Coding/Memoire 2023/Datasets/Brain-Tumor-Dataset-RAW/Cropped_Image_Sets/train/pituitary_tumor_cropped/P288_cropped.jpg
1646,P289_cropped,pituitary_tumor_cropped,C:/Users/alime/Dropbox/PC/Documents/Coding/Memoire 2023/Datasets/Brain-Tumor-Dataset-RAW/Cropped_Image_Sets/train/pituitary_tumor_cropped/P289_cropped.jpg
1647,P290_cropped,pituitary_tumor_cropped,C:/Users/alime/Dropbox/PC/Documents/Coding/Memoire 2023/Datasets/Brain-Tumor-Dataset-RAW/Cropped_Image_Sets/train/pituitary_tumor_cropped/P290_cropped.jpg
1648,P291_cropped,pituitary_tumor_cropped,C:/Users/alime/Dropbox/PC/Documents/Coding/Memoire 2023/Datasets/Brain-Tumor-Dataset-RAW/Cropped_Image_Sets/train/pituitary_tumor_cropped/P291_cropped.jpg
1649,P292_cropped,pituitary_tumor_cropped,C:/Users/alime/Dropbox/PC/Documents/Coding/Memoire 2023/Datasets/Brain-Tumor-Dataset-RAW/Cropped_Image_Sets/train/pituitary_tumor_cropped/P292_cropped.jpg
1650,P294_cropped,pituitary_tumor_cropped,C:/Users/alime/Dropbox/PC/Documents/Coding/Memoire 2023/Datasets/Brain-Tumor-Dataset-RAW/Cropped_Image_Sets/train/pituitary_tumor_cropped/P294_cropped.jpg
1651,P295_cropped,pituitary_tumor_cropped,C:/Users/alime/Dropbox/PC/Documents/Coding/Memoire 2023/Datasets/Brain-Tumor-Dataset-RAW/Cropped_Image_Sets/train/pituitary_tumor_cropped/P295_cropped.jpg
1652,P296_cropped,pituitary_tumor_cropped,C:/Users/alime/Dropbox/PC/Documents/Coding/Memoire 2023/Datasets/Brain-Tumor-Dataset-RAW/Cropped_Image_Sets/train/pituitary_tumor_cropped/P296_cropped.jpg
1653,P299_cropped,pituitary_tumor_cropped,C:/Users/alime/Dropbox/PC/Documents/Coding/Memoire 2023/Datasets/Brain-Tumor-Dataset-RAW/Cropped_Image_Sets/train/pituitary_tumor_cropped/P299_cropped.jpg
1654,P29_cropped,pituitary_tumor_cropped,C:/Users/alime/Dropbox/PC/Documents/Coding/Memoire 2023/Datasets/Brain-Tumor-Dataset-RAW/Cropped_Image_Sets/train/pituitary_tumor_cropped/P29_cropped.jpg
1655,P2_cropped,pituitary_tumor_cropped,C:/Users/alime/Dropbox/PC/Documents/Coding/Memoire 2023/Datasets/Brain-Tumor-Dataset-RAW/Cropped_Image_Sets/train/pituitary_tumor_cropped/P2_cropped.jpg
1656,P300_cropped,pituitary_tumor_cropped,C:/Users/alime/Dropbox/PC/Documents/Coding/Memoire 2023/Datasets/Brain-Tumor-Dataset-RAW/Cropped_Image_Sets/train/pituitary_tumor_cropped/P300_cropped.jpg
1657,P301_cropped,pituitary_tumor_cropped,C:/Users/alime/Dropbox/PC/Documents/Coding/Memoire 2023/Datasets/Brain-Tumor-Dataset-RAW/Cropped_Image_Sets/train/pituitary_tumor_cropped/P301_cropped.jpg
1658,P302_cropped,pituitary_tumor_cropped,C:/Users/alime/Dropbox/PC/Documents/Coding/Memoire 2023/Datasets/Brain-Tumor-Dataset-RAW/Cropped_Image_Sets/train/pituitary_tumor_cropped/P302_cropped.jpg
1659,P303_cropped,pituitary_tumor_cropped,C:/Users/alime/Dropbox/PC/Documents/Coding/Memoire 2023/Datasets/Brain-Tumor-Dataset-RAW/Cropped_Image_Sets/train/pituitary_tumor_cropped/P303_cropped.jpg
1660,P305_cropped,pituitary_tumor_cropped,C:/Users/alime/Dropbox/PC/Documents/Coding/Memoire 2023/Datasets/Brain-Tumor-Dataset-RAW/Cropped_Image_Sets/train/pituitary_tumor_cropped/P305_cropped.jpg
1661,P307_cropped,pituitary_tumor_cropped,C:/Users/alime/Dropbox/PC/Documents/Coding/Memoire 2023/Datasets/Brain-Tumor-Dataset-RAW/Cropped_Image_Sets/train/pituitary_tumor_cropped/P307_cropped.jpg
1662,P309_cropped,pituitary_tumor_cropped,C:/Users/alime/Dropbox/PC/Documents/Coding/Memoire 2023/Datasets/Brain-Tumor-Dataset-RAW/Cropped_Image_Sets/train/pituitary_tumor_cropped/P309_cropped.jpg
1663,P30_cropped,pituitary_tumor_cropped,C:/Users/alime/Dropbox/PC/Documents/Coding/Memoire 2023/Datasets/Brain-Tumor-Dataset-RAW/Cropped_Image_Sets/train/pituitary_tumor_cropped/P30_cropped.jpg
1664,P310_cropped,pituitary_tumor_cropped,C:/Users/alime/Dropbox/PC/Documents/Coding/Memoire 2023/Datasets/Brain-Tumor-Dataset-RAW/Cropped_Image_Sets/train/pituitary_tumor_cropped/P310_cropped.jpg
1665,P312_cropped,pituitary_tumor_cropped,C:/Users/alime/Dropbox/PC/Documents/Coding/Memoire 2023/Datasets/Brain-Tumor-Dataset-RAW/Cropped_Image_Sets/train/pituitary_tumor_cropped/P312_cropped.jpg
1666,P313_cropped,pituitary_tumor_cropped,C:/Users/alime/Dropbox/PC/Documents/Coding/Memoire 2023/Datasets/Brain-Tumor-Dataset-RAW/Cropped_Image_Sets/train/pituitary_tumor_cropped/P313_cropped.jpg
1667,P314_cropped,pituitary_tumor_cropped,C:/Users/alime/Dropbox/PC/Documents/Coding/Memoire 2023/Datasets/Brain-Tumor-Dataset-RAW/Cropped_Image_Sets/train/pituitary_tumor_cropped/P314_cropped.jpg
1668,P315_cropped,pituitary_tumor_cropped,C:/Users/alime/Dropbox/PC/Documents/Coding/Memoire 2023/Datasets/Brain-Tumor-Dataset-RAW/Cropped_Image_Sets/train/pituitary_tumor_cropped/P315_cropped.jpg
1669,P316_cropped,pituitary_tumor_cropped,C:/Users/alime/Dropbox/PC/Documents/Coding/Memoire 2023/Datasets/Brain-Tumor-Dataset-RAW/Cropped_Image_Sets/train/pituitary_tumor_cropped/P316_cropped.jpg
1670,P317_cropped,pituitary_tumor_cropped,C:/Users/alime/Dropbox/PC/Documents/Coding/Memoire 2023/Datasets/Brain-Tumor-Dataset-RAW/Cropped_Image_Sets/train/pituitary_tumor_cropped/P317_cropped.jpg
1671,P318_cropped,pituitary_tumor_cropped,C:/Users/alime/Dropbox/PC/Documents/Coding/Memoire 2023/Datasets/Brain-Tumor-Dataset-RAW/Cropped_Image_Sets/train/pituitary_tumor_cropped/P318_cropped.jpg
1672,P31_cropped,pituitary_tumor_cropped,C:/Users/alime/Dropbox/PC/Documents/Coding/Memoire 2023/Datasets/Brain-Tumor-Dataset-RAW/Cropped_Image_Sets/train/pituitary_tumor_cropped/P31_cropped.jpg
1673,P320_cropped,pituitary_tumor_cropped,C:/Users/alime/Dropbox/PC/Documents/Coding/Memoire 2023/Datasets/Brain-Tumor-Dataset-RAW/Cropped_Image_Sets/train/pituitary_tumor_cropped/P320_cropped.jpg
1674,P321_cropped,pituitary_tumor_cropped,C:/Users/alime/Dropbox/PC/Documents/Coding/Memoire 2023/Datasets/Brain-Tumor-Dataset-RAW/Cropped_Image_Sets/train/pituitary_tumor_cropped/P321_cropped.jpg
1675,P322_cropped,pituitary_tumor_cropped,C:/Users/alime/Dropbox/PC/Documents/Coding/Memoire 2023/Datasets/Brain-Tumor-Dataset-RAW/Cropped_Image_Sets/train/pituitary_tumor_cropped/P322_cropped.jpg
1676,P323_cropped,pituitary_tumor_cropped,C:/Users/alime/Dropbox/PC/Documents/Coding/Memoire 2023/Datasets/Brain-Tumor-Dataset-RAW/Cropped_Image_Sets/train/pituitary_tumor_cropped/P323_cropped.jpg
1677,P325_cropped,pituitary_tumor_cropped,C:/Users/alime/Dropbox/PC/Documents/Coding/Memoire 2023/Datasets/Brain-Tumor-Dataset-RAW/Cropped_Image_Sets/train/pituitary_tumor_cropped/P325_cropped.jpg
1678,P326_cropped,pituitary_tumor_cropped,C:/Users/alime/Dropbox/PC/Documents/Coding/Memoire 2023/Datasets/Brain-Tumor-Dataset-RAW/Cropped_Image_Sets/train/pituitary_tumor_cropped/P326_cropped.jpg
1679,P327_cropped,pituitary_tumor_cropped,C:/Users/alime/Dropbox/PC/Documents/Coding/Memoire 2023/Datasets/Brain-Tumor-Dataset-RAW/Cropped_Image_Sets/train/pituitary_tumor_cropped/P327_cropped.jpg
1680,P329_cropped,pituitary_tumor_cropped,C:/Users/alime/Dropbox/PC/Documents/Coding/Memoire 2023/Datasets/Brain-Tumor-Dataset-RAW/Cropped_Image_Sets/train/pituitary_tumor_cropped/P329_cropped.jpg
1681,P32_cropped,pituitary_tumor_cropped,C:/Users/alime/Dropbox/PC/Documents/Coding/Memoire 2023/Datasets/Brain-Tumor-Dataset-RAW/Cropped_Image_Sets/train/pituitary_tumor_cropped/P32_cropped.jpg
1682,P330_cropped,pituitary_tumor_cropped,C:/Users/alime/Dropbox/PC/Documents/Coding/Memoire 2023/Datasets/Brain-Tumor-Dataset-RAW/Cropped_Image_Sets/train/pituitary_tumor_cropped/P330_cropped.jpg
1683,P331_cropped,pituitary_tumor_cropped,C:/Users/alime/Dropbox/PC/Documents/Coding/Memoire 2023/Datasets/Brain-Tumor-Dataset-RAW/Cropped_Image_Sets/train/pituitary_tumor_cropped/P331_cropped.jpg
1684,P332_cropped,pituitary_tumor_cropped,C:/Users/alime/Dropbox/PC/Documents/Coding/Memoire 2023/Datasets/Brain-Tumor-Dataset-RAW/Cropped_Image_Sets/train/pituitary_tumor_cropped/P332_cropped.jpg
1685,P335_cropped,pituitary_tumor_cropped,C:/Users/alime/Dropbox/PC/Documents/Coding/Memoire 2023/Datasets/Brain-Tumor-Dataset-RAW/Cropped_Image_Sets/train/pituitary_tumor_cropped/P335_cropped.jpg
1686,P336_cropped,pituitary_tumor_cropped,C:/Users/alime/Dropbox/PC/Documents/Coding/Memoire 2023/Datasets/Brain-Tumor-Dataset-RAW/Cropped_Image_Sets/train/pituitary_tumor_cropped/P336_cropped.jpg
1687,P337_cropped,pituitary_tumor_cropped,C:/Users/alime/Dropbox/PC/Documents/Coding/Memoire 2023/Datasets/Brain-Tumor-Dataset-RAW/Cropped_Image_Sets/train/pituitary_tumor_cropped/P337_cropped.jpg
1688,P339_cropped,pituitary_tumor_cropped,C:/Users/alime/Dropbox/PC/Documents/Coding/Memoire 2023/Datasets/Brain-Tumor-Dataset-RAW/Cropped_Image_Sets/train/pituitary_tumor_cropped/P339_cropped.jpg
1689,P33_cropped,pituitary_tumor_cropped,C:/Users/alime/Dropbox/PC/Documents/Coding/Memoire 2023/Datasets/Brain-Tumor-Dataset-RAW/Cropped_Image_Sets/train/pituitary_tumor_cropped/P33_cropped.jpg
1690,P340_cropped,pituitary_tumor_cropped,C:/Users/alime/Dropbox/PC/Documents/Coding/Memoire 2023/Datasets/Brain-Tumor-Dataset-RAW/Cropped_Image_Sets/train/pituitary_tumor_cropped/P340_cropped.jpg
1691,P341_cropped,pituitary_tumor_cropped,C:/Users/alime/Dropbox/PC/Documents/Coding/Memoire 2023/Datasets/Brain-Tumor-Dataset-RAW/Cropped_Image_Sets/train/pituitary_tumor_cropped/P341_cropped.jpg
1692,P344_cropped,pituitary_tumor_cropped,C:/Users/alime/Dropbox/PC/Documents/Coding/Memoire 2023/Datasets/Brain-Tumor-Dataset-RAW/Cropped_Image_Sets/train/pituitary_tumor_cropped/P344_cropped.jpg
1693,P346_cropped,pituitary_tumor_cropped,C:/Users/alime/Dropbox/PC/Documents/Coding/Memoire 2023/Datasets/Brain-Tumor-Dataset-RAW/Cropped_Image_Sets/train/pituitary_tumor_cropped/P346_cropped.jpg
1694,P347_cropped,pituitary_tumor_cropped,C:/Users/alime/Dropbox/PC/Documents/Coding/Memoire 2023/Datasets/Brain-Tumor-Dataset-RAW/Cropped_Image_Sets/train/pituitary_tumor_cropped/P347_cropped.jpg
1695,P348_cropped,pituitary_tumor_cropped,C:/Users/alime/Dropbox/PC/Documents/Coding/Memoire 2023/Datasets/Brain-Tumor-Dataset-RAW/Cropped_Image_Sets/train/pituitary_tumor_cropped/P348_cropped.jpg
1696,P349_cropped,pituitary_tumor_cropped,C:/Users/alime/Dropbox/PC/Documents/Coding/Memoire 2023/Datasets/Brain-Tumor-Dataset-RAW/Cropped_Image_Sets/train/pituitary_tumor_cropped/P349_cropped.jpg
1697,P34_cropped,pituitary_tumor_cropped,C:/Users/alime/Dropbox/PC/Documents/Coding/Memoire 2023/Datasets/Brain-Tumor-Dataset-RAW/Cropped_Image_Sets/train/pituitary_tumor_cropped/P34_cropped.jpg
1698,P350_cropped,pituitary_tumor_cropped,C:/Users/alime/Dropbox/PC/Documents/Coding/Memoire 2023/Datasets/Brain-Tumor-Dataset-RAW/Cropped_Image_Sets/train/pituitary_tumor_cropped/P350_cropped.jpg
1699,P351_cropped,pituitary_tumor_cropped,C:/Users/alime/Dropbox/PC/Documents/Coding/Memoire 2023/Datasets/Brain-Tumor-Dataset-RAW/Cropped_Image_Sets/train/pituitary_tumor_cropped/P351_cropped.jpg
1700,P352_cropped,pituitary_tumor_cropped,C:/Users/alime/Dropbox/PC/Documents/Coding/Memoire 2023/Datasets/Brain-Tumor-Dataset-RAW/Cropped_Image_Sets/train/pituitary_tumor_cropped/P352_cropped.jpg
1701,P353_cropped,pituitary_tumor_cropped,C:/Users/alime/Dropbox/PC/Documents/Coding/Memoire 2023/Datasets/Brain-Tumor-Dataset-RAW/Cropped_Image_Sets/train/pituitary_tumor_cropped/P353_cropped.jpg
1702,P357_cropped,pituitary_tumor_cropped,C:/Users/alime/Dropbox/PC/Documents/Coding/Memoire 2023/Datasets/Brain-Tumor-Dataset-RAW/Cropped_Image_Sets/train/pituitary_tumor_cropped/P357_cropped.jpg
1703,P358_cropped,pituitary_tumor_cropped,C:/Users/alime/Dropbox/PC/Documents/Coding/Memoire 2023/Datasets/Brain-Tumor-Dataset-RAW/Cropped_Image_Sets/train/pituitary_tumor_cropped/P358_cropped.jpg
1704,P359_cropped,pituitary_tumor_cropped,C:/Users/alime/Dropbox/PC/Documents/Coding/Memoire 2023/Datasets/Brain-Tumor-Dataset-RAW/Cropped_Image_Sets/train/pituitary_tumor_cropped/P359_cropped.jpg
1705,P35_cropped,pituitary_tumor_cropped,C:/Users/alime/Dropbox/PC/Documents/Coding/Memoire 2023/Datasets/Brain-Tumor-Dataset-RAW/Cropped_Image_Sets/train/pituitary_tumor_cropped/P35_cropped.jpg
1706,P360_cropped,pituitary_tumor_cropped,C:/Users/alime/Dropbox/PC/Documents/Coding/Memoire 2023/Datasets/Brain-Tumor-Dataset-RAW/Cropped_Image_Sets/train/pituitary_tumor_cropped/P360_cropped.jpg
1707,P361_cropped,pituitary_tumor_cropped,C:/Users/alime/Dropbox/PC/Documents/Coding/Memoire 2023/Datasets/Brain-Tumor-Dataset-RAW/Cropped_Image_Sets/train/pituitary_tumor_cropped/P361_cropped.jpg
1708,P362_cropped,pituitary_tumor_cropped,C:/Users/alime/Dropbox/PC/Documents/Coding/Memoire 2023/Datasets/Brain-Tumor-Dataset-RAW/Cropped_Image_Sets/train/pituitary_tumor_cropped/P362_cropped.jpg
1709,P364_cropped,pituitary_tumor_cropped,C:/Users/alime/Dropbox/PC/Documents/Coding/Memoire 2023/Datasets/Brain-Tumor-Dataset-RAW/Cropped_Image_Sets/train/pituitary_tumor_cropped/P364_cropped.jpg
1710,P365_cropped,pituitary_tumor_cropped,C:/Users/alime/Dropbox/PC/Documents/Coding/Memoire 2023/Datasets/Brain-Tumor-Dataset-RAW/Cropped_Image_Sets/train/pituitary_tumor_cropped/P365_cropped.jpg
1711,P367_cropped,pituitary_tumor_cropped,C:/Users/alime/Dropbox/PC/Documents/Coding/Memoire 2023/Datasets/Brain-Tumor-Dataset-RAW/Cropped_Image_Sets/train/pituitary_tumor_cropped/P367_cropped.jpg
1712,P368_cropped,pituitary_tumor_cropped,C:/Users/alime/Dropbox/PC/Documents/Coding/Memoire 2023/Datasets/Brain-Tumor-Dataset-RAW/Cropped_Image_Sets/train/pituitary_tumor_cropped/P368_cropped.jpg
1713,P369_cropped,pituitary_tumor_cropped,C:/Users/alime/Dropbox/PC/Documents/Coding/Memoire 2023/Datasets/Brain-Tumor-Dataset-RAW/Cropped_Image_Sets/train/pituitary_tumor_cropped/P369_cropped.jpg
1714,P36_cropped,pituitary_tumor_cropped,C:/Users/alime/Dropbox/PC/Documents/Coding/Memoire 2023/Datasets/Brain-Tumor-Dataset-RAW/Cropped_Image_Sets/train/pituitary_tumor_cropped/P36_cropped.jpg
1715,P370_cropped,pituitary_tumor_cropped,C:/Users/alime/Dropbox/PC/Documents/Coding/Memoire 2023/Datasets/Brain-Tumor-Dataset-RAW/Cropped_Image_Sets/train/pituitary_tumor_cropped/P370_cropped.jpg
1716,P371_cropped,pituitary_tumor_cropped,C:/Users/alime/Dropbox/PC/Documents/Coding/Memoire 2023/Datasets/Brain-Tumor-Dataset-RAW/Cropped_Image_Sets/train/pituitary_tumor_cropped/P371_cropped.jpg
1717,P372_cropped,pituitary_tumor_cropped,C:/Users/alime/Dropbox/PC/Documents/Coding/Memoire 2023/Datasets/Brain-Tumor-Dataset-RAW/Cropped_Image_Sets/train/pituitary_tumor_cropped/P372_cropped.jpg
1718,P373_cropped,pituitary_tumor_cropped,C:/Users/alime/Dropbox/PC/Documents/Coding/Memoire 2023/Datasets/Brain-Tumor-Dataset-RAW/Cropped_Image_Sets/train/pituitary_tumor_cropped/P373_cropped.jpg
1719,P375_cropped,pituitary_tumor_cropped,C:/Users/alime/Dropbox/PC/Documents/Coding/Memoire 2023/Datasets/Brain-Tumor-Dataset-RAW/Cropped_Image_Sets/train/pituitary_tumor_cropped/P375_cropped.jpg
1720,P376_cropped,pituitary_tumor_cropped,C:/Users/alime/Dropbox/PC/Documents/Coding/Memoire 2023/Datasets/Brain-Tumor-Dataset-RAW/Cropped_Image_Sets/train/pituitary_tumor_cropped/P376_cropped.jpg
1721,P377_cropped,pituitary_tumor_cropped,C:/Users/alime/Dropbox/PC/Documents/Coding/Memoire 2023/Datasets/Brain-Tumor-Dataset-RAW/Cropped_Image_Sets/train/pituitary_tumor_cropped/P377_cropped.jpg
1722,P378_cropped,pituitary_tumor_cropped,C:/Users/alime/Dropbox/PC/Documents/Coding/Memoire 2023/Datasets/Brain-Tumor-Dataset-RAW/Cropped_Image_Sets/train/pituitary_tumor_cropped/P378_cropped.jpg
1723,P37_cropped,pituitary_tumor_cropped,C:/Users/alime/Dropbox/PC/Documents/Coding/Memoire 2023/Datasets/Brain-Tumor-Dataset-RAW/Cropped_Image_Sets/train/pituitary_tumor_cropped/P37_cropped.jpg
1724,P380_cropped,pituitary_tumor_cropped,C:/Users/alime/Dropbox/PC/Documents/Coding/Memoire 2023/Datasets/Brain-Tumor-Dataset-RAW/Cropped_Image_Sets/train/pituitary_tumor_cropped/P380_cropped.jpg
1725,P381_cropped,pituitary_tumor_cropped,C:/Users/alime/Dropbox/PC/Documents/Coding/Memoire 2023/Datasets/Brain-Tumor-Dataset-RAW/Cropped_Image_Sets/train/pituitary_tumor_cropped/P381_cropped.jpg
1726,P383_cropped,pituitary_tumor_cropped,C:/Users/alime/Dropbox/PC/Documents/Coding/Memoire 2023/Datasets/Brain-Tumor-Dataset-RAW/Cropped_Image_Sets/train/pituitary_tumor_cropped/P383_cropped.jpg
1727,P386_cropped,pituitary_tumor_cropped,C:/Users/alime/Dropbox/PC/Documents/Coding/Memoire 2023/Datasets/Brain-Tumor-Dataset-RAW/Cropped_Image_Sets/train/pituitary_tumor_cropped/P386_cropped.jpg
1728,P387_cropped,pituitary_tumor_cropped,C:/Users/alime/Dropbox/PC/Documents/Coding/Memoire 2023/Datasets/Brain-Tumor-Dataset-RAW/Cropped_Image_Sets/train/pituitary_tumor_cropped/P387_cropped.jpg
1729,P389_cropped,pituitary_tumor_cropped,C:/Users/alime/Dropbox/PC/Documents/Coding/Memoire 2023/Datasets/Brain-Tumor-Dataset-RAW/Cropped_Image_Sets/train/pituitary_tumor_cropped/P389_cropped.jpg
1730,P393_cropped,pituitary_tumor_cropped,C:/Users/alime/Dropbox/PC/Documents/Coding/Memoire 2023/Datasets/Brain-Tumor-Dataset-RAW/Cropped_Image_Sets/train/pituitary_tumor_cropped/P393_cropped.jpg
1731,P394_cropped,pituitary_tumor_cropped,C:/Users/alime/Dropbox/PC/Documents/Coding/Memoire 2023/Datasets/Brain-Tumor-Dataset-RAW/Cropped_Image_Sets/train/pituitary_tumor_cropped/P394_cropped.jpg
1732,P395_cropped,pituitary_tumor_cropped,C:/Users/alime/Dropbox/PC/Documents/Coding/Memoire 2023/Datasets/Brain-Tumor-Dataset-RAW/Cropped_Image_Sets/train/pituitary_tumor_cropped/P395_cropped.jpg
1733,P396_cropped,pituitary_tumor_cropped,C:/Users/alime/Dropbox/PC/Documents/Coding/Memoire 2023/Datasets/Brain-Tumor-Dataset-RAW/Cropped_Image_Sets/train/pituitary_tumor_cropped/P396_cropped.jpg
1734,P397_cropped,pituitary_tumor_cropped,C:/Users/alime/Dropbox/PC/Documents/Coding/Memoire 2023/Datasets/Brain-Tumor-Dataset-RAW/Cropped_Image_Sets/train/pituitary_tumor_cropped/P397_cropped.jpg
1735,P399_cropped,pituitary_tumor_cropped,C:/Users/alime/Dropbox/PC/Documents/Coding/Memoire 2023/Datasets/Brain-Tumor-Dataset-RAW/Cropped_Image_Sets/train/pituitary_tumor_cropped/P399_cropped.jpg
1736,P39_cropped,pituitary_tumor_cropped,C:/Users/alime/Dropbox/PC/Documents/Coding/Memoire 2023/Datasets/Brain-Tumor-Dataset-RAW/Cropped_Image_Sets/train/pituitary_tumor_cropped/P39_cropped.jpg
1737,P3_cropped,pituitary_tumor_cropped,C:/Users/alime/Dropbox/PC/Documents/Coding/Memoire 2023/Datasets/Brain-Tumor-Dataset-RAW/Cropped_Image_Sets/train/pituitary_tumor_cropped/P3_cropped.jpg
1738,P400_cropped,pituitary_tumor_cropped,C:/Users/alime/Dropbox/PC/Documents/Coding/Memoire 2023/Datasets/Brain-Tumor-Dataset-RAW/Cropped_Image_Sets/train/pituitary_tumor_cropped/P400_cropped.jpg
1739,P401_cropped,pituitary_tumor_cropped,C:/Users/alime/Dropbox/PC/Documents/Coding/Memoire 2023/Datasets/Brain-Tumor-Dataset-RAW/Cropped_Image_Sets/train/pituitary_tumor_cropped/P401_cropped.jpg
1740,P402_cropped,pituitary_tumor_cropped,C:/Users/alime/Dropbox/PC/Documents/Coding/Memoire 2023/Datasets/Brain-Tumor-Dataset-RAW/Cropped_Image_Sets/train/pituitary_tumor_cropped/P402_cropped.jpg
1741,P404_cropped,pituitary_tumor_cropped,C:/Users/alime/Dropbox/PC/Documents/Coding/Memoire 2023/Datasets/Brain-Tumor-Dataset-RAW/Cropped_Image_Sets/train/pituitary_tumor_cropped/P404_cropped.jpg
1742,P405_cropped,pituitary_tumor_cropped,C:/Users/alime/Dropbox/PC/Documents/Coding/Memoire 2023/Datasets/Brain-Tumor-Dataset-RAW/Cropped_Image_Sets/train/pituitary_tumor_cropped/P405_cropped.jpg
1743,P406_cropped,pituitary_tumor_cropped,C:/Users/alime/Dropbox/PC/Documents/Coding/Memoire 2023/Datasets/Brain-Tumor-Dataset-RAW/Cropped_Image_Sets/train/pituitary_tumor_cropped/P406_cropped.jpg
1744,P409_cropped,pituitary_tumor_cropped,C:/Users/alime/Dropbox/PC/Documents/Coding/Memoire 2023/Datasets/Brain-Tumor-Dataset-RAW/Cropped_Image_Sets/train/pituitary_tumor_cropped/P409_cropped.jpg
1745,P40_cropped,pituitary_tumor_cropped,C:/Users/alime/Dropbox/PC/Documents/Coding/Memoire 2023/Datasets/Brain-Tumor-Dataset-RAW/Cropped_Image_Sets/train/pituitary_tumor_cropped/P40_cropped.jpg
1746,P410_cropped,pituitary_tumor_cropped,C:/Users/alime/Dropbox/PC/Documents/Coding/Memoire 2023/Datasets/Brain-Tumor-Dataset-RAW/Cropped_Image_Sets/train/pituitary_tumor_cropped/P410_cropped.jpg
1747,P411_cropped,pituitary_tumor_cropped,C:/Users/alime/Dropbox/PC/Documents/Coding/Memoire 2023/Datasets/Brain-Tumor-Dataset-RAW/Cropped_Image_Sets/train/pituitary_tumor_cropped/P411_cropped.jpg
1748,P412_cropped,pituitary_tumor_cropped,C:/Users/alime/Dropbox/PC/Documents/Coding/Memoire 2023/Datasets/Brain-Tumor-Dataset-RAW/Cropped_Image_Sets/train/pituitary_tumor_cropped/P412_cropped.jpg
1749,P413_cropped,pituitary_tumor_cropped,C:/Users/alime/Dropbox/PC/Documents/Coding/Memoire 2023/Datasets/Brain-Tumor-Dataset-RAW/Cropped_Image_Sets/train/pituitary_tumor_cropped/P413_cropped.jpg
1750,P414_cropped,pituitary_tumor_cropped,C:/Users/alime/Dropbox/PC/Documents/Coding/Memoire 2023/Datasets/Brain-Tumor-Dataset-RAW/Cropped_Image_Sets/train/pituitary_tumor_cropped/P414_cropped.jpg
1751,P415_cropped,pituitary_tumor_cropped,C:/Users/alime/Dropbox/PC/Documents/Coding/Memoire 2023/Datasets/Brain-Tumor-Dataset-RAW/Cropped_Image_Sets/train/pituitary_tumor_cropped/P415_cropped.jpg
1752,P417_cropped,pituitary_tumor_cropped,C:/Users/alime/Dropbox/PC/Documents/Coding/Memoire 2023/Datasets/Brain-Tumor-Dataset-RAW/Cropped_Image_Sets/train/pituitary_tumor_cropped/P417_cropped.jpg
1753,P418_cropped,pituitary_tumor_cropped,C:/Users/alime/Dropbox/PC/Documents/Coding/Memoire 2023/Datasets/Brain-Tumor-Dataset-RAW/Cropped_Image_Sets/train/pituitary_tumor_cropped/P418_cropped.jpg
1754,P419_cropped,pituitary_tumor_cropped,C:/Users/alime/Dropbox/PC/Documents/Coding/Memoire 2023/Datasets/Brain-Tumor-Dataset-RAW/Cropped_Image_Sets/train/pituitary_tumor_cropped/P419_cropped.jpg
1755,P41_cropped,pituitary_tumor_cropped,C:/Users/alime/Dropbox/PC/Documents/Coding/Memoire 2023/Datasets/Brain-Tumor-Dataset-RAW/Cropped_Image_Sets/train/pituitary_tumor_cropped/P41_cropped.jpg
1756,P423_cropped,pituitary_tumor_cropped,C:/Users/alime/Dropbox/PC/Documents/Coding/Memoire 2023/Datasets/Brain-Tumor-Dataset-RAW/Cropped_Image_Sets/train/pituitary_tumor_cropped/P423_cropped.jpg
1757,P424_cropped,pituitary_tumor_cropped,C:/Users/alime/Dropbox/PC/Documents/Coding/Memoire 2023/Datasets/Brain-Tumor-Dataset-RAW/Cropped_Image_Sets/train/pituitary_tumor_cropped/P424_cropped.jpg
1758,P427_cropped,pituitary_tumor_cropped,C:/Users/alime/Dropbox/PC/Documents/Coding/Memoire 2023/Datasets/Brain-Tumor-Dataset-RAW/Cropped_Image_Sets/train/pituitary_tumor_cropped/P427_cropped.jpg
1759,P428_cropped,pituitary_tumor_cropped,C:/Users/alime/Dropbox/PC/Documents/Coding/Memoire 2023/Datasets/Brain-Tumor-Dataset-RAW/Cropped_Image_Sets/train/pituitary_tumor_cropped/P428_cropped.jpg
1760,P42_cropped,pituitary_tumor_cropped,C:/Users/alime/Dropbox/PC/Documents/Coding/Memoire 2023/Datasets/Brain-Tumor-Dataset-RAW/Cropped_Image_Sets/train/pituitary_tumor_cropped/P42_cropped.jpg
1761,P430_cropped,pituitary_tumor_cropped,C:/Users/alime/Dropbox/PC/Documents/Coding/Memoire 2023/Datasets/Brain-Tumor-Dataset-RAW/Cropped_Image_Sets/train/pituitary_tumor_cropped/P430_cropped.jpg
1762,P433_cropped,pituitary_tumor_cropped,C:/Users/alime/Dropbox/PC/Documents/Coding/Memoire 2023/Datasets/Brain-Tumor-Dataset-RAW/Cropped_Image_Sets/train/pituitary_tumor_cropped/P433_cropped.jpg
1763,P434_cropped,pituitary_tumor_cropped,C:/Users/alime/Dropbox/PC/Documents/Coding/Memoire 2023/Datasets/Brain-Tumor-Dataset-RAW/Cropped_Image_Sets/train/pituitary_tumor_cropped/P434_cropped.jpg
1764,P435_cropped,pituitary_tumor_cropped,C:/Users/alime/Dropbox/PC/Documents/Coding/Memoire 2023/Datasets/Brain-Tumor-Dataset-RAW/Cropped_Image_Sets/train/pituitary_tumor_cropped/P435_cropped.jpg
1765,P436_cropped,pituitary_tumor_cropped,C:/Users/alime/Dropbox/PC/Documents/Coding/Memoire 2023/Datasets/Brain-Tumor-Dataset-RAW/Cropped_Image_Sets/train/pituitary_tumor_cropped/P436_cropped.jpg
1766,P439_cropped,pituitary_tumor_cropped,C:/Users/alime/Dropbox/PC/Documents/Coding/Memoire 2023/Datasets/Brain-Tumor-Dataset-RAW/Cropped_Image_Sets/train/pituitary_tumor_cropped/P439_cropped.jpg
1767,P43_cropped,pituitary_tumor_cropped,C:/Users/alime/Dropbox/PC/Documents/Coding/Memoire 2023/Datasets/Brain-Tumor-Dataset-RAW/Cropped_Image_Sets/train/pituitary_tumor_cropped/P43_cropped.jpg
1768,P440_cropped,pituitary_tumor_cropped,C:/Users/alime/Dropbox/PC/Documents/Coding/Memoire 2023/Datasets/Brain-Tumor-Dataset-RAW/Cropped_Image_Sets/train/pituitary_tumor_cropped/P440_cropped.jpg
1769,P441_cropped,pituitary_tumor_cropped,C:/Users/alime/Dropbox/PC/Documents/Coding/Memoire 2023/Datasets/Brain-Tumor-Dataset-RAW/Cropped_Image_Sets/train/pituitary_tumor_cropped/P441_cropped.jpg
1770,P442_cropped,pituitary_tumor_cropped,C:/Users/alime/Dropbox/PC/Documents/Coding/Memoire 2023/Datasets/Brain-Tumor-Dataset-RAW/Cropped_Image_Sets/train/pituitary_tumor_cropped/P442_cropped.jpg
1771,P443_cropped,pituitary_tumor_cropped,C:/Users/alime/Dropbox/PC/Documents/Coding/Memoire 2023/Datasets/Brain-Tumor-Dataset-RAW/Cropped_Image_Sets/train/pituitary_tumor_cropped/P443_cropped.jpg
1772,P444_cropped,pituitary_tumor_cropped,C:/Users/alime/Dropbox/PC/Documents/Coding/Memoire 2023/Datasets/Brain-Tumor-Dataset-RAW/Cropped_Image_Sets/train/pituitary_tumor_cropped/P444_cropped.jpg
1773,P445_cropped,pituitary_tumor_cropped,C:/Users/alime/Dropbox/PC/Documents/Coding/Memoire 2023/Datasets/Brain-Tumor-Dataset-RAW/Cropped_Image_Sets/train/pituitary_tumor_cropped/P445_cropped.jpg
1774,P446_cropped,pituitary_tumor_cropped,C:/Users/alime/Dropbox/PC/Documents/Coding/Memoire 2023/Datasets/Brain-Tumor-Dataset-RAW/Cropped_Image_Sets/train/pituitary_tumor_cropped/P446_cropped.jpg
1775,P447_cropped,pituitary_tumor_cropped,C:/Users/alime/Dropbox/PC/Documents/Coding/Memoire 2023/Datasets/Brain-Tumor-Dataset-RAW/Cropped_Image_Sets/train/pituitary_tumor_cropped/P447_cropped.jpg
1776,P448_cropped,pituitary_tumor_cropped,C:/Users/alime/Dropbox/PC/Documents/Coding/Memoire 2023/Datasets/Brain-Tumor-Dataset-RAW/Cropped_Image_Sets/train/pituitary_tumor_cropped/P448_cropped.jpg
1777,P449_cropped,pituitary_tumor_cropped,C:/Users/alime/Dropbox/PC/Documents/Coding/Memoire 2023/Datasets/Brain-Tumor-Dataset-RAW/Cropped_Image_Sets/train/pituitary_tumor_cropped/P449_cropped.jpg
1778,P452_cropped,pituitary_tumor_cropped,C:/Users/alime/Dropbox/PC/Documents/Coding/Memoire 2023/Datasets/Brain-Tumor-Dataset-RAW/Cropped_Image_Sets/train/pituitary_tumor_cropped/P452_cropped.jpg
1779,P453_cropped,pituitary_tumor_cropped,C:/Users/alime/Dropbox/PC/Documents/Coding/Memoire 2023/Datasets/Brain-Tumor-Dataset-RAW/Cropped_Image_Sets/train/pituitary_tumor_cropped/P453_cropped.jpg
1780,P455_cropped,pituitary_tumor_cropped,C:/Users/alime/Dropbox/PC/Documents/Coding/Memoire 2023/Datasets/Brain-Tumor-Dataset-RAW/Cropped_Image_Sets/train/pituitary_tumor_cropped/P455_cropped.jpg
1781,P457_cropped,pituitary_tumor_cropped,C:/Users/alime/Dropbox/PC/Documents/Coding/Memoire 2023/Datasets/Brain-Tumor-Dataset-RAW/Cropped_Image_Sets/train/pituitary_tumor_cropped/P457_cropped.jpg
1782,P458_cropped,pituitary_tumor_cropped,C:/Users/alime/Dropbox/PC/Documents/Coding/Memoire 2023/Datasets/Brain-Tumor-Dataset-RAW/Cropped_Image_Sets/train/pituitary_tumor_cropped/P458_cropped.jpg
1783,P459_cropped,pituitary_tumor_cropped,C:/Users/alime/Dropbox/PC/Documents/Coding/Memoire 2023/Datasets/Brain-Tumor-Dataset-RAW/Cropped_Image_Sets/train/pituitary_tumor_cropped/P459_cropped.jpg
1784,P460_cropped,pituitary_tumor_cropped,C:/Users/alime/Dropbox/PC/Documents/Coding/Memoire 2023/Datasets/Brain-Tumor-Dataset-RAW/Cropped_Image_Sets/train/pituitary_tumor_cropped/P460_cropped.jpg
1785,P464_cropped,pituitary_tumor_cropped,C:/Users/alime/Dropbox/PC/Documents/Coding/Memoire 2023/Datasets/Brain-Tumor-Dataset-RAW/Cropped_Image_Sets/train/pituitary_tumor_cropped/P464_cropped.jpg
1786,P465_cropped,pituitary_tumor_cropped,C:/Users/alime/Dropbox/PC/Documents/Coding/Memoire 2023/Datasets/Brain-Tumor-Dataset-RAW/Cropped_Image_Sets/train/pituitary_tumor_cropped/P465_cropped.jpg
1787,P466_cropped,pituitary_tumor_cropped,C:/Users/alime/Dropbox/PC/Documents/Coding/Memoire 2023/Datasets/Brain-Tumor-Dataset-RAW/Cropped_Image_Sets/train/pituitary_tumor_cropped/P466_cropped.jpg
1788,P467_cropped,pituitary_tumor_cropped,C:/Users/alime/Dropbox/PC/Documents/Coding/Memoire 2023/Datasets/Brain-Tumor-Dataset-RAW/Cropped_Image_Sets/train/pituitary_tumor_cropped/P467_cropped.jpg
1789,P468_cropped,pituitary_tumor_cropped,C:/Users/alime/Dropbox/PC/Documents/Coding/Memoire 2023/Datasets/Brain-Tumor-Dataset-RAW/Cropped_Image_Sets/train/pituitary_tumor_cropped/P468_cropped.jpg
1790,P46_cropped,pituitary_tumor_cropped,C:/Users/alime/Dropbox/PC/Documents/Coding/Memoire 2023/Datasets/Brain-Tumor-Dataset-RAW/Cropped_Image_Sets/train/pituitary_tumor_cropped/P46_cropped.jpg
1791,P470_cropped,pituitary_tumor_cropped,C:/Users/alime/Dropbox/PC/Documents/Coding/Memoire 2023/Datasets/Brain-Tumor-Dataset-RAW/Cropped_Image_Sets/train/pituitary_tumor_cropped/P470_cropped.jpg
1792,P471_cropped,pituitary_tumor_cropped,C:/Users/alime/Dropbox/PC/Documents/Coding/Memoire 2023/Datasets/Brain-Tumor-Dataset-RAW/Cropped_Image_Sets/train/pituitary_tumor_cropped/P471_cropped.jpg
1793,P474_cropped,pituitary_tumor_cropped,C:/Users/alime/Dropbox/PC/Documents/Coding/Memoire 2023/Datasets/Brain-Tumor-Dataset-RAW/Cropped_Image_Sets/train/pituitary_tumor_cropped/P474_cropped.jpg
1794,P476_cropped,pituitary_tumor_cropped,C:/Users/alime/Dropbox/PC/Documents/Coding/Memoire 2023/Datasets/Brain-Tumor-Dataset-RAW/Cropped_Image_Sets/train/pituitary_tumor_cropped/P476_cropped.jpg
1795,P478_cropped,pituitary_tumor_cropped,C:/Users/alime/Dropbox/PC/Documents/Coding/Memoire 2023/Datasets/Brain-Tumor-Dataset-RAW/Cropped_Image_Sets/train/pituitary_tumor_cropped/P478_cropped.jpg
1796,P479_cropped,pituitary_tumor_cropped,C:/Users/alime/Dropbox/PC/Documents/Coding/Memoire 2023/Datasets/Brain-Tumor-Dataset-RAW/Cropped_Image_Sets/train/pituitary_tumor_cropped/P479_cropped.jpg
1797,P47_cropped,pituitary_tumor_cropped,C:/Users/alime/Dropbox/PC/Documents/Coding/Memoire 2023/Datasets/Brain-Tumor-Dataset-RAW/Cropped_Image_Sets/train/pituitary_tumor_cropped/P47_cropped.jpg
1798,P480_cropped,pituitary_tumor_cropped,C:/Users/alime/Dropbox/PC/Documents/Coding/Memoire 2023/Datasets/Brain-Tumor-Dataset-RAW/Cropped_Image_Sets/train/pituitary_tumor_cropped/P480_cropped.jpg
1799,P481_cropped,pituitary_tumor_cropped,C:/Users/alime/Dropbox/PC/Documents/Coding/Memoire 2023/Datasets/Brain-Tumor-Dataset-RAW/Cropped_Image_Sets/train/pituitary_tumor_cropped/P481_cropped.jpg
1800,P482_cropped,pituitary_tumor_cropped,C:/Users/alime/Dropbox/PC/Documents/Coding/Memoire 2023/Datasets/Brain-Tumor-Dataset-RAW/Cropped_Image_Sets/train/pituitary_tumor_cropped/P482_cropped.jpg
1801,P483_cropped,pituitary_tumor_cropped,C:/Users/alime/Dropbox/PC/Documents/Coding/Memoire 2023/Datasets/Brain-Tumor-Dataset-RAW/Cropped_Image_Sets/train/pituitary_tumor_cropped/P483_cropped.jpg
1802,P484_cropped,pituitary_tumor_cropped,C:/Users/alime/Dropbox/PC/Documents/Coding/Memoire 2023/Datasets/Brain-Tumor-Dataset-RAW/Cropped_Image_Sets/train/pituitary_tumor_cropped/P484_cropped.jpg
1803,P485_cropped,pituitary_tumor_cropped,C:/Users/alime/Dropbox/PC/Documents/Coding/Memoire 2023/Datasets/Brain-Tumor-Dataset-RAW/Cropped_Image_Sets/train/pituitary_tumor_cropped/P485_cropped.jpg
1804,P487_cropped,pituitary_tumor_cropped,C:/Users/alime/Dropbox/PC/Documents/Coding/Memoire 2023/Datasets/Brain-Tumor-Dataset-RAW/Cropped_Image_Sets/train/pituitary_tumor_cropped/P487_cropped.jpg
1805,P488_cropped,pituitary_tumor_cropped,C:/Users/alime/Dropbox/PC/Documents/Coding/Memoire 2023/Datasets/Brain-Tumor-Dataset-RAW/Cropped_Image_Sets/train/pituitary_tumor_cropped/P488_cropped.jpg
1806,P489_cropped,pituitary_tumor_cropped,C:/Users/alime/Dropbox/PC/Documents/Coding/Memoire 2023/Datasets/Brain-Tumor-Dataset-RAW/Cropped_Image_Sets/train/pituitary_tumor_cropped/P489_cropped.jpg
1807,P48_cropped,pituitary_tumor_cropped,C:/Users/alime/Dropbox/PC/Documents/Coding/Memoire 2023/Datasets/Brain-Tumor-Dataset-RAW/Cropped_Image_Sets/train/pituitary_tumor_cropped/P48_cropped.jpg
1808,P490_cropped,pituitary_tumor_cropped,C:/Users/alime/Dropbox/PC/Documents/Coding/Memoire 2023/Datasets/Brain-Tumor-Dataset-RAW/Cropped_Image_Sets/train/pituitary_tumor_cropped/P490_cropped.jpg
1809,P491_cropped,pituitary_tumor_cropped,C:/Users/alime/Dropbox/PC/Documents/Coding/Memoire 2023/Datasets/Brain-Tumor-Dataset-RAW/Cropped_Image_Sets/train/pituitary_tumor_cropped/P491_cropped.jpg
1810,P492_cropped,pituitary_tumor_cropped,C:/Users/alime/Dropbox/PC/Documents/Coding/Memoire 2023/Datasets/Brain-Tumor-Dataset-RAW/Cropped_Image_Sets/train/pituitary_tumor_cropped/P492_cropped.jpg
1811,P494_cropped,pituitary_tumor_cropped,C:/Users/alime/Dropbox/PC/Documents/Coding/Memoire 2023/Datasets/Brain-Tumor-Dataset-RAW/Cropped_Image_Sets/train/pituitary_tumor_cropped/P494_cropped.jpg
1812,P496_cropped,pituitary_tumor_cropped,C:/Users/alime/Dropbox/PC/Documents/Coding/Memoire 2023/Datasets/Brain-Tumor-Dataset-RAW/Cropped_Image_Sets/train/pituitary_tumor_cropped/P496_cropped.jpg
1813,P499_cropped,pituitary_tumor_cropped,C:/Users/alime/Dropbox/PC/Documents/Coding/Memoire 2023/Datasets/Brain-Tumor-Dataset-RAW/Cropped_Image_Sets/train/pituitary_tumor_cropped/P499_cropped.jpg
1814,P4_cropped,pituitary_tumor_cropped,C:/Users/alime/Dropbox/PC/Documents/Coding/Memoire 2023/Datasets/Brain-Tumor-Dataset-RAW/Cropped_Image_Sets/train/pituitary_tumor_cropped/P4_cropped.jpg
1815,P500_cropped,pituitary_tumor_cropped,C:/Users/alime/Dropbox/PC/Documents/Coding/Memoire 2023/Datasets/Brain-Tumor-Dataset-RAW/Cropped_Image_Sets/train/pituitary_tumor_cropped/P500_cropped.jpg
1816,P501_cropped,pituitary_tumor_cropped,C:/Users/alime/Dropbox/PC/Documents/Coding/Memoire 2023/Datasets/Brain-Tumor-Dataset-RAW/Cropped_Image_Sets/train/pituitary_tumor_cropped/P501_cropped.jpg
1817,P502_cropped,pituitary_tumor_cropped,C:/Users/alime/Dropbox/PC/Documents/Coding/Memoire 2023/Datasets/Brain-Tumor-Dataset-RAW/Cropped_Image_Sets/train/pituitary_tumor_cropped/P502_cropped.jpg
1818,P504_cropped,pituitary_tumor_cropped,C:/Users/alime/Dropbox/PC/Documents/Coding/Memoire 2023/Datasets/Brain-Tumor-Dataset-RAW/Cropped_Image_Sets/train/pituitary_tumor_cropped/P504_cropped.jpg
1819,P505_cropped,pituitary_tumor_cropped,C:/Users/alime/Dropbox/PC/Documents/Coding/Memoire 2023/Datasets/Brain-Tumor-Dataset-RAW/Cropped_Image_Sets/train/pituitary_tumor_cropped/P505_cropped.jpg
1820,P508_cropped,pituitary_tumor_cropped,C:/Users/alime/Dropbox/PC/Documents/Coding/Memoire 2023/Datasets/Brain-Tumor-Dataset-RAW/Cropped_Image_Sets/train/pituitary_tumor_cropped/P508_cropped.jpg
1821,P509_cropped,pituitary_tumor_cropped,C:/Users/alime/Dropbox/PC/Documents/Coding/Memoire 2023/Datasets/Brain-Tumor-Dataset-RAW/Cropped_Image_Sets/train/pituitary_tumor_cropped/P509_cropped.jpg
1822,P510_cropped,pituitary_tumor_cropped,C:/Users/alime/Dropbox/PC/Documents/Coding/Memoire 2023/Datasets/Brain-Tumor-Dataset-RAW/Cropped_Image_Sets/train/pituitary_tumor_cropped/P510_cropped.jpg
1823,P511_cropped,pituitary_tumor_cropped,C:/Users/alime/Dropbox/PC/Documents/Coding/Memoire 2023/Datasets/Brain-Tumor-Dataset-RAW/Cropped_Image_Sets/train/pituitary_tumor_cropped/P511_cropped.jpg
1824,P512_cropped,pituitary_tumor_cropped,C:/Users/alime/Dropbox/PC/Documents/Coding/Memoire 2023/Datasets/Brain-Tumor-Dataset-RAW/Cropped_Image_Sets/train/pituitary_tumor_cropped/P512_cropped.jpg
1825,P513_cropped,pituitary_tumor_cropped,C:/Users/alime/Dropbox/PC/Documents/Coding/Memoire 2023/Datasets/Brain-Tumor-Dataset-RAW/Cropped_Image_Sets/train/pituitary_tumor_cropped/P513_cropped.jpg
1826,P514_cropped,pituitary_tumor_cropped,C:/Users/alime/Dropbox/PC/Documents/Coding/Memoire 2023/Datasets/Brain-Tumor-Dataset-RAW/Cropped_Image_Sets/train/pituitary_tumor_cropped/P514_cropped.jpg
1827,P515_cropped,pituitary_tumor_cropped,C:/Users/alime/Dropbox/PC/Documents/Coding/Memoire 2023/Datasets/Brain-Tumor-Dataset-RAW/Cropped_Image_Sets/train/pituitary_tumor_cropped/P515_cropped.jpg
1828,P516_cropped,pituitary_tumor_cropped,C:/Users/alime/Dropbox/PC/Documents/Coding/Memoire 2023/Datasets/Brain-Tumor-Dataset-RAW/Cropped_Image_Sets/train/pituitary_tumor_cropped/P516_cropped.jpg
1829,P517_cropped,pituitary_tumor_cropped,C:/Users/alime/Dropbox/PC/Documents/Coding/Memoire 2023/Datasets/Brain-Tumor-Dataset-RAW/Cropped_Image_Sets/train/pituitary_tumor_cropped/P517_cropped.jpg
1830,P519_cropped,pituitary_tumor_cropped,C:/Users/alime/Dropbox/PC/Documents/Coding/Memoire 2023/Datasets/Brain-Tumor-Dataset-RAW/Cropped_Image_Sets/train/pituitary_tumor_cropped/P519_cropped.jpg
1831,P51_cropped,pituitary_tumor_cropped,C:/Users/alime/Dropbox/PC/Documents/Coding/Memoire 2023/Datasets/Brain-Tumor-Dataset-RAW/Cropped_Image_Sets/train/pituitary_tumor_cropped/P51_cropped.jpg
1832,P521_cropped,pituitary_tumor_cropped,C:/Users/alime/Dropbox/PC/Documents/Coding/Memoire 2023/Datasets/Brain-Tumor-Dataset-RAW/Cropped_Image_Sets/train/pituitary_tumor_cropped/P521_cropped.jpg
1833,P523_cropped,pituitary_tumor_cropped,C:/Users/alime/Dropbox/PC/Documents/Coding/Memoire 2023/Datasets/Brain-Tumor-Dataset-RAW/Cropped_Image_Sets/train/pituitary_tumor_cropped/P523_cropped.jpg
1834,P524_cropped,pituitary_tumor_cropped,C:/Users/alime/Dropbox/PC/Documents/Coding/Memoire 2023/Datasets/Brain-Tumor-Dataset-RAW/Cropped_Image_Sets/train/pituitary_tumor_cropped/P524_cropped.jpg
1835,P527_cropped,pituitary_tumor_cropped,C:/Users/alime/Dropbox/PC/Documents/Coding/Memoire 2023/Datasets/Brain-Tumor-Dataset-RAW/Cropped_Image_Sets/train/pituitary_tumor_cropped/P527_cropped.jpg
1836,P528_cropped,pituitary_tumor_cropped,C:/Users/alime/Dropbox/PC/Documents/Coding/Memoire 2023/Datasets/Brain-Tumor-Dataset-RAW/Cropped_Image_Sets/train/pituitary_tumor_cropped/P528_cropped.jpg
1837,P529_cropped,pituitary_tumor_cropped,C:/Users/alime/Dropbox/PC/Documents/Coding/Memoire 2023/Datasets/Brain-Tumor-Dataset-RAW/Cropped_Image_Sets/train/pituitary_tumor_cropped/P529_cropped.jpg
1838,P52_cropped,pituitary_tumor_cropped,C:/Users/alime/Dropbox/PC/Documents/Coding/Memoire 2023/Datasets/Brain-Tumor-Dataset-RAW/Cropped_Image_Sets/train/pituitary_tumor_cropped/P52_cropped.jpg
1839,P531_cropped,pituitary_tumor_cropped,C:/Users/alime/Dropbox/PC/Documents/Coding/Memoire 2023/Datasets/Brain-Tumor-Dataset-RAW/Cropped_Image_Sets/train/pituitary_tumor_cropped/P531_cropped.jpg
1840,P532_cropped,pituitary_tumor_cropped,C:/Users/alime/Dropbox/PC/Documents/Coding/Memoire 2023/Datasets/Brain-Tumor-Dataset-RAW/Cropped_Image_Sets/train/pituitary_tumor_cropped/P532_cropped.jpg
1841,P534_cropped,pituitary_tumor_cropped,C:/Users/alime/Dropbox/PC/Documents/Coding/Memoire 2023/Datasets/Brain-Tumor-Dataset-RAW/Cropped_Image_Sets/train/pituitary_tumor_cropped/P534_cropped.jpg
1842,P535_cropped,pituitary_tumor_cropped,C:/Users/alime/Dropbox/PC/Documents/Coding/Memoire 2023/Datasets/Brain-Tumor-Dataset-RAW/Cropped_Image_Sets/train/pituitary_tumor_cropped/P535_cropped.jpg
1843,P536_cropped,pituitary_tumor_cropped,C:/Users/alime/Dropbox/PC/Documents/Coding/Memoire 2023/Datasets/Brain-Tumor-Dataset-RAW/Cropped_Image_Sets/train/pituitary_tumor_cropped/P536_cropped.jpg
1844,P537_cropped,pituitary_tumor_cropped,C:/Users/alime/Dropbox/PC/Documents/Coding/Memoire 2023/Datasets/Brain-Tumor-Dataset-RAW/Cropped_Image_Sets/train/pituitary_tumor_cropped/P537_cropped.jpg
1845,P538_cropped,pituitary_tumor_cropped,C:/Users/alime/Dropbox/PC/Documents/Coding/Memoire 2023/Datasets/Brain-Tumor-Dataset-RAW/Cropped_Image_Sets/train/pituitary_tumor_cropped/P538_cropped.jpg
1846,P539_cropped,pituitary_tumor_cropped,C:/Users/alime/Dropbox/PC/Documents/Coding/Memoire 2023/Datasets/Brain-Tumor-Dataset-RAW/Cropped_Image_Sets/train/pituitary_tumor_cropped/P539_cropped.jpg
1847,P53_cropped,pituitary_tumor_cropped,C:/Users/alime/Dropbox/PC/Documents/Coding/Memoire 2023/Datasets/Brain-Tumor-Dataset-RAW/Cropped_Image_Sets/train/pituitary_tumor_cropped/P53_cropped.jpg
1848,P540_cropped,pituitary_tumor_cropped,C:/Users/alime/Dropbox/PC/Documents/Coding/Memoire 2023/Datasets/Brain-Tumor-Dataset-RAW/Cropped_Image_Sets/train/pituitary_tumor_cropped/P540_cropped.jpg
1849,P541_cropped,pituitary_tumor_cropped,C:/Users/alime/Dropbox/PC/Documents/Coding/Memoire 2023/Datasets/Brain-Tumor-Dataset-RAW/Cropped_Image_Sets/train/pituitary_tumor_cropped/P541_cropped.jpg
1850,P542_cropped,pituitary_tumor_cropped,C:/Users/alime/Dropbox/PC/Documents/Coding/Memoire 2023/Datasets/Brain-Tumor-Dataset-RAW/Cropped_Image_Sets/train/pituitary_tumor_cropped/P542_cropped.jpg
1851,P543_cropped,pituitary_tumor_cropped,C:/Users/alime/Dropbox/PC/Documents/Coding/Memoire 2023/Datasets/Brain-Tumor-Dataset-RAW/Cropped_Image_Sets/train/pituitary_tumor_cropped/P543_cropped.jpg
1852,P544_cropped,pituitary_tumor_cropped,C:/Users/alime/Dropbox/PC/Documents/Coding/Memoire 2023/Datasets/Brain-Tumor-Dataset-RAW/Cropped_Image_Sets/train/pituitary_tumor_cropped/P544_cropped.jpg
1853,P545_cropped,pituitary_tumor_cropped,C:/Users/alime/Dropbox/PC/Documents/Coding/Memoire 2023/Datasets/Brain-Tumor-Dataset-RAW/Cropped_Image_Sets/train/pituitary_tumor_cropped/P545_cropped.jpg
1854,P546_cropped,pituitary_tumor_cropped,C:/Users/alime/Dropbox/PC/Documents/Coding/Memoire 2023/Datasets/Brain-Tumor-Dataset-RAW/Cropped_Image_Sets/train/pituitary_tumor_cropped/P546_cropped.jpg
1855,P548_cropped,pituitary_tumor_cropped,C:/Users/alime/Dropbox/PC/Documents/Coding/Memoire 2023/Datasets/Brain-Tumor-Dataset-RAW/Cropped_Image_Sets/train/pituitary_tumor_cropped/P548_cropped.jpg
1856,P549_cropped,pituitary_tumor_cropped,C:/Users/alime/Dropbox/PC/Documents/Coding/Memoire 2023/Datasets/Brain-Tumor-Dataset-RAW/Cropped_Image_Sets/train/pituitary_tumor_cropped/P549_cropped.jpg
1857,P54_cropped,pituitary_tumor_cropped,C:/Users/alime/Dropbox/PC/Documents/Coding/Memoire 2023/Datasets/Brain-Tumor-Dataset-RAW/Cropped_Image_Sets/train/pituitary_tumor_cropped/P54_cropped.jpg
1858,P552_cropped,pituitary_tumor_cropped,C:/Users/alime/Dropbox/PC/Documents/Coding/Memoire 2023/Datasets/Brain-Tumor-Dataset-RAW/Cropped_Image_Sets/train/pituitary_tumor_cropped/P552_cropped.jpg
1859,P553_cropped,pituitary_tumor_cropped,C:/Users/alime/Dropbox/PC/Documents/Coding/Memoire 2023/Datasets/Brain-Tumor-Dataset-RAW/Cropped_Image_Sets/train/pituitary_tumor_cropped/P553_cropped.jpg
1860,P555_cropped,pituitary_tumor_cropped,C:/Users/alime/Dropbox/PC/Documents/Coding/Memoire 2023/Datasets/Brain-Tumor-Dataset-RAW/Cropped_Image_Sets/train/pituitary_tumor_cropped/P555_cropped.jpg
1861,P556_cropped,pituitary_tumor_cropped,C:/Users/alime/Dropbox/PC/Documents/Coding/Memoire 2023/Datasets/Brain-Tumor-Dataset-RAW/Cropped_Image_Sets/train/pituitary_tumor_cropped/P556_cropped.jpg
1862,P558_cropped,pituitary_tumor_cropped,C:/Users/alime/Dropbox/PC/Documents/Coding/Memoire 2023/Datasets/Brain-Tumor-Dataset-RAW/Cropped_Image_Sets/train/pituitary_tumor_cropped/P558_cropped.jpg
1863,P55_cropped,pituitary_tumor_cropped,C:/Users/alime/Dropbox/PC/Documents/Coding/Memoire 2023/Datasets/Brain-Tumor-Dataset-RAW/Cropped_Image_Sets/train/pituitary_tumor_cropped/P55_cropped.jpg
1864,P560_cropped,pituitary_tumor_cropped,C:/Users/alime/Dropbox/PC/Documents/Coding/Memoire 2023/Datasets/Brain-Tumor-Dataset-RAW/Cropped_Image_Sets/train/pituitary_tumor_cropped/P560_cropped.jpg
1865,P561_cropped,pituitary_tumor_cropped,C:/Users/alime/Dropbox/PC/Documents/Coding/Memoire 2023/Datasets/Brain-Tumor-Dataset-RAW/Cropped_Image_Sets/train/pituitary_tumor_cropped/P561_cropped.jpg
1866,P562_cropped,pituitary_tumor_cropped,C:/Users/alime/Dropbox/PC/Documents/Coding/Memoire 2023/Datasets/Brain-Tumor-Dataset-RAW/Cropped_Image_Sets/train/pituitary_tumor_cropped/P562_cropped.jpg
1867,P563_cropped,pituitary_tumor_cropped,C:/Users/alime/Dropbox/PC/Documents/Coding/Memoire 2023/Datasets/Brain-Tumor-Dataset-RAW/Cropped_Image_Sets/train/pituitary_tumor_cropped/P563_cropped.jpg
1868,P564_cropped,pituitary_tumor_cropped,C:/Users/alime/Dropbox/PC/Documents/Coding/Memoire 2023/Datasets/Brain-Tumor-Dataset-RAW/Cropped_Image_Sets/train/pituitary_tumor_cropped/P564_cropped.jpg
1869,P565_cropped,pituitary_tumor_cropped,C:/Users/alime/Dropbox/PC/Documents/Coding/Memoire 2023/Datasets/Brain-Tumor-Dataset-RAW/Cropped_Image_Sets/train/pituitary_tumor_cropped/P565_cropped.jpg
1870,P568_cropped,pituitary_tumor_cropped,C:/Users/alime/Dropbox/PC/Documents/Coding/Memoire 2023/Datasets/Brain-Tumor-Dataset-RAW/Cropped_Image_Sets/train/pituitary_tumor_cropped/P568_cropped.jpg
1871,P569_cropped,pituitary_tumor_cropped,C:/Users/alime/Dropbox/PC/Documents/Coding/Memoire 2023/Datasets/Brain-Tumor-Dataset-RAW/Cropped_Image_Sets/train/pituitary_tumor_cropped/P569_cropped.jpg
1872,P56_cropped,pituitary_tumor_cropped,C:/Users/alime/Dropbox/PC/Documents/Coding/Memoire 2023/Datasets/Brain-Tumor-Dataset-RAW/Cropped_Image_Sets/train/pituitary_tumor_cropped/P56_cropped.jpg
1873,P570_cropped,pituitary_tumor_cropped,C:/Users/alime/Dropbox/PC/Documents/Coding/Memoire 2023/Datasets/Brain-Tumor-Dataset-RAW/Cropped_Image_Sets/train/pituitary_tumor_cropped/P570_cropped.jpg
1874,P571_cropped,pituitary_tumor_cropped,C:/Users/alime/Dropbox/PC/Documents/Coding/Memoire 2023/Datasets/Brain-Tumor-Dataset-RAW/Cropped_Image_Sets/train/pituitary_tumor_cropped/P571_cropped.jpg
1875,P572_cropped,pituitary_tumor_cropped,C:/Users/alime/Dropbox/PC/Documents/Coding/Memoire 2023/Datasets/Brain-Tumor-Dataset-RAW/Cropped_Image_Sets/train/pituitary_tumor_cropped/P572_cropped.jpg
1876,P573_cropped,pituitary_tumor_cropped,C:/Users/alime/Dropbox/PC/Documents/Coding/Memoire 2023/Datasets/Brain-Tumor-Dataset-RAW/Cropped_Image_Sets/train/pituitary_tumor_cropped/P573_cropped.jpg
1877,P574_cropped,pituitary_tumor_cropped,C:/Users/alime/Dropbox/PC/Documents/Coding/Memoire 2023/Datasets/Brain-Tumor-Dataset-RAW/Cropped_Image_Sets/train/pituitary_tumor_cropped/P574_cropped.jpg
1878,P575_cropped,pituitary_tumor_cropped,C:/Users/alime/Dropbox/PC/Documents/Coding/Memoire 2023/Datasets/Brain-Tumor-Dataset-RAW/Cropped_Image_Sets/train/pituitary_tumor_cropped/P575_cropped.jpg
1879,P576_cropped,pituitary_tumor_cropped,C:/Users/alime/Dropbox/PC/Documents/Coding/Memoire 2023/Datasets/Brain-Tumor-Dataset-RAW/Cropped_Image_Sets/train/pituitary_tumor_cropped/P576_cropped.jpg
1880,P577_cropped,pituitary_tumor_cropped,C:/Users/alime/Dropbox/PC/Documents/Coding/Memoire 2023/Datasets/Brain-Tumor-Dataset-RAW/Cropped_Image_Sets/train/pituitary_tumor_cropped/P577_cropped.jpg
1881,P578_cropped,pituitary_tumor_cropped,C:/Users/alime/Dropbox/PC/Documents/Coding/Memoire 2023/Datasets/Brain-Tumor-Dataset-RAW/Cropped_Image_Sets/train/pituitary_tumor_cropped/P578_cropped.jpg
1882,P579_cropped,pituitary_tumor_cropped,C:/Users/alime/Dropbox/PC/Documents/Coding/Memoire 2023/Datasets/Brain-Tumor-Dataset-RAW/Cropped_Image_Sets/train/pituitary_tumor_cropped/P579_cropped.jpg
1883,P57_cropped,pituitary_tumor_cropped,C:/Users/alime/Dropbox/PC/Documents/Coding/Memoire 2023/Datasets/Brain-Tumor-Dataset-RAW/Cropped_Image_Sets/train/pituitary_tumor_cropped/P57_cropped.jpg
1884,P580_cropped,pituitary_tumor_cropped,C:/Users/alime/Dropbox/PC/Documents/Coding/Memoire 2023/Datasets/Brain-Tumor-Dataset-RAW/Cropped_Image_Sets/train/pituitary_tumor_cropped/P580_cropped.jpg
1885,P581_cropped,pituitary_tumor_cropped,C:/Users/alime/Dropbox/PC/Documents/Coding/Memoire 2023/Datasets/Brain-Tumor-Dataset-RAW/Cropped_Image_Sets/train/pituitary_tumor_cropped/P581_cropped.jpg
1886,P583_cropped,pituitary_tumor_cropped,C:/Users/alime/Dropbox/PC/Documents/Coding/Memoire 2023/Datasets/Brain-Tumor-Dataset-RAW/Cropped_Image_Sets/train/pituitary_tumor_cropped/P583_cropped.jpg
1887,P584_cropped,pituitary_tumor_cropped,C:/Users/alime/Dropbox/PC/Documents/Coding/Memoire 2023/Datasets/Brain-Tumor-Dataset-RAW/Cropped_Image_Sets/train/pituitary_tumor_cropped/P584_cropped.jpg
1888,P585_cropped,pituitary_tumor_cropped,C:/Users/alime/Dropbox/PC/Documents/Coding/Memoire 2023/Datasets/Brain-Tumor-Dataset-RAW/Cropped_Image_Sets/train/pituitary_tumor_cropped/P585_cropped.jpg
1889,P588_cropped,pituitary_tumor_cropped,C:/Users/alime/Dropbox/PC/Documents/Coding/Memoire 2023/Datasets/Brain-Tumor-Dataset-RAW/Cropped_Image_Sets/train/pituitary_tumor_cropped/P588_cropped.jpg
1890,P58_cropped,pituitary_tumor_cropped,C:/Users/alime/Dropbox/PC/Documents/Coding/Memoire 2023/Datasets/Brain-Tumor-Dataset-RAW/Cropped_Image_Sets/train/pituitary_tumor_cropped/P58_cropped.jpg
1891,P590_cropped,pituitary_tumor_cropped,C:/Users/alime/Dropbox/PC/Documents/Coding/Memoire 2023/Datasets/Brain-Tumor-Dataset-RAW/Cropped_Image_Sets/train/pituitary_tumor_cropped/P590_cropped.jpg
1892,P591_cropped,pituitary_tumor_cropped,C:/Users/alime/Dropbox/PC/Documents/Coding/Memoire 2023/Datasets/Brain-Tumor-Dataset-RAW/Cropped_Image_Sets/train/pituitary_tumor_cropped/P591_cropped.jpg
1893,P592_cropped,pituitary_tumor_cropped,C:/Users/alime/Dropbox/PC/Documents/Coding/Memoire 2023/Datasets/Brain-Tumor-Dataset-RAW/Cropped_Image_Sets/train/pituitary_tumor_cropped/P592_cropped.jpg
1894,P595_cropped,pituitary_tumor_cropped,C:/Users/alime/Dropbox/PC/Documents/Coding/Memoire 2023/Datasets/Brain-Tumor-Dataset-RAW/Cropped_Image_Sets/train/pituitary_tumor_cropped/P595_cropped.jpg
1895,P596_cropped,pituitary_tumor_cropped,C:/Users/alime/Dropbox/PC/Documents/Coding/Memoire 2023/Datasets/Brain-Tumor-Dataset-RAW/Cropped_Image_Sets/train/pituitary_tumor_cropped/P596_cropped.jpg
1896,P597_cropped,pituitary_tumor_cropped,C:/Users/alime/Dropbox/PC/Documents/Coding/Memoire 2023/Datasets/Brain-Tumor-Dataset-RAW/Cropped_Image_Sets/train/pituitary_tumor_cropped/P597_cropped.jpg
1897,P598_cropped,pituitary_tumor_cropped,C:/Users/alime/Dropbox/PC/Documents/Coding/Memoire 2023/Datasets/Brain-Tumor-Dataset-RAW/Cropped_Image_Sets/train/pituitary_tumor_cropped/P598_cropped.jpg
1898,P5_cropped,pituitary_tumor_cropped,C:/Users/alime/Dropbox/PC/Documents/Coding/Memoire 2023/Datasets/Brain-Tumor-Dataset-RAW/Cropped_Image_Sets/train/pituitary_tumor_cropped/P5_cropped.jpg
1899,P601_cropped,pituitary_tumor_cropped,C:/Users/alime/Dropbox/PC/Documents/Coding/Memoire 2023/Datasets/Brain-Tumor-Dataset-RAW/Cropped_Image_Sets/train/pituitary_tumor_cropped/P601_cropped.jpg
1900,P602_cropped,pituitary_tumor_cropped,C:/Users/alime/Dropbox/PC/Documents/Coding/Memoire 2023/Datasets/Brain-Tumor-Dataset-RAW/Cropped_Image_Sets/train/pituitary_tumor_cropped/P602_cropped.jpg
1901,P603_cropped,pituitary_tumor_cropped,C:/Users/alime/Dropbox/PC/Documents/Coding/Memoire 2023/Datasets/Brain-Tumor-Dataset-RAW/Cropped_Image_Sets/train/pituitary_tumor_cropped/P603_cropped.jpg
1902,P606_cropped,pituitary_tumor_cropped,C:/Users/alime/Dropbox/PC/Documents/Coding/Memoire 2023/Datasets/Brain-Tumor-Dataset-RAW/Cropped_Image_Sets/train/pituitary_tumor_cropped/P606_cropped.jpg
1903,P608_cropped,pituitary_tumor_cropped,C:/Users/alime/Dropbox/PC/Documents/Coding/Memoire 2023/Datasets/Brain-Tumor-Dataset-RAW/Cropped_Image_Sets/train/pituitary_tumor_cropped/P608_cropped.jpg
1904,P609_cropped,pituitary_tumor_cropped,C:/Users/alime/Dropbox/PC/Documents/Coding/Memoire 2023/Datasets/Brain-Tumor-Dataset-RAW/Cropped_Image_Sets/train/pituitary_tumor_cropped/P609_cropped.jpg
1905,P60_cropped,pituitary_tumor_cropped,C:/Users/alime/Dropbox/PC/Documents/Coding/Memoire 2023/Datasets/Brain-Tumor-Dataset-RAW/Cropped_Image_Sets/train/pituitary_tumor_cropped/P60_cropped.jpg
1906,P613_cropped,pituitary_tumor_cropped,C:/Users/alime/Dropbox/PC/Documents/Coding/Memoire 2023/Datasets/Brain-Tumor-Dataset-RAW/Cropped_Image_Sets/train/pituitary_tumor_cropped/P613_cropped.jpg
1907,P614_cropped,pituitary_tumor_cropped,C:/Users/alime/Dropbox/PC/Documents/Coding/Memoire 2023/Datasets/Brain-Tumor-Dataset-RAW/Cropped_Image_Sets/train/pituitary_tumor_cropped/P614_cropped.jpg
1908,P616_cropped,pituitary_tumor_cropped,C:/Users/alime/Dropbox/PC/Documents/Coding/Memoire 2023/Datasets/Brain-Tumor-Dataset-RAW/Cropped_Image_Sets/train/pituitary_tumor_cropped/P616_cropped.jpg
1909,P618_cropped,pituitary_tumor_cropped,C:/Users/alime/Dropbox/PC/Documents/Coding/Memoire 2023/Datasets/Brain-Tumor-Dataset-RAW/Cropped_Image_Sets/train/pituitary_tumor_cropped/P618_cropped.jpg
1910,P619_cropped,pituitary_tumor_cropped,C:/Users/alime/Dropbox/PC/Documents/Coding/Memoire 2023/Datasets/Brain-Tumor-Dataset-RAW/Cropped_Image_Sets/train/pituitary_tumor_cropped/P619_cropped.jpg
1911,P61_cropped,pituitary_tumor_cropped,C:/Users/alime/Dropbox/PC/Documents/Coding/Memoire 2023/Datasets/Brain-Tumor-Dataset-RAW/Cropped_Image_Sets/train/pituitary_tumor_cropped/P61_cropped.jpg
1912,P620_cropped,pituitary_tumor_cropped,C:/Users/alime/Dropbox/PC/Documents/Coding/Memoire 2023/Datasets/Brain-Tumor-Dataset-RAW/Cropped_Image_Sets/train/pituitary_tumor_cropped/P620_cropped.jpg
1913,P621_cropped,pituitary_tumor_cropped,C:/Users/alime/Dropbox/PC/Documents/Coding/Memoire 2023/Datasets/Brain-Tumor-Dataset-RAW/Cropped_Image_Sets/train/pituitary_tumor_cropped/P621_cropped.jpg
1914,P622_cropped,pituitary_tumor_cropped,C:/Users/alime/Dropbox/PC/Documents/Coding/Memoire 2023/Datasets/Brain-Tumor-Dataset-RAW/Cropped_Image_Sets/train/pituitary_tumor_cropped/P622_cropped.jpg
1915,P623_cropped,pituitary_tumor_cropped,C:/Users/alime/Dropbox/PC/Documents/Coding/Memoire 2023/Datasets/Brain-Tumor-Dataset-RAW/Cropped_Image_Sets/train/pituitary_tumor_cropped/P623_cropped.jpg
1916,P624_cropped,pituitary_tumor_cropped,C:/Users/alime/Dropbox/PC/Documents/Coding/Memoire 2023/Datasets/Brain-Tumor-Dataset-RAW/Cropped_Image_Sets/train/pituitary_tumor_cropped/P624_cropped.jpg
1917,P626_cropped,pituitary_tumor_cropped,C:/Users/alime/Dropbox/PC/Documents/Coding/Memoire 2023/Datasets/Brain-Tumor-Dataset-RAW/Cropped_Image_Sets/train/pituitary_tumor_cropped/P626_cropped.jpg
1918,P629_cropped,pituitary_tumor_cropped,C:/Users/alime/Dropbox/PC/Documents/Coding/Memoire 2023/Datasets/Brain-Tumor-Dataset-RAW/Cropped_Image_Sets/train/pituitary_tumor_cropped/P629_cropped.jpg
1919,P62_cropped,pituitary_tumor_cropped,C:/Users/alime/Dropbox/PC/Documents/Coding/Memoire 2023/Datasets/Brain-Tumor-Dataset-RAW/Cropped_Image_Sets/train/pituitary_tumor_cropped/P62_cropped.jpg
1920,P630_cropped,pituitary_tumor_cropped,C:/Users/alime/Dropbox/PC/Documents/Coding/Memoire 2023/Datasets/Brain-Tumor-Dataset-RAW/Cropped_Image_Sets/train/pituitary_tumor_cropped/P630_cropped.jpg
1921,P631_cropped,pituitary_tumor_cropped,C:/Users/alime/Dropbox/PC/Documents/Coding/Memoire 2023/Datasets/Brain-Tumor-Dataset-RAW/Cropped_Image_Sets/train/pituitary_tumor_cropped/P631_cropped.jpg
1922,P632_cropped,pituitary_tumor_cropped,C:/Users/alime/Dropbox/PC/Documents/Coding/Memoire 2023/Datasets/Brain-Tumor-Dataset-RAW/Cropped_Image_Sets/train/pituitary_tumor_cropped/P632_cropped.jpg
1923,P634_cropped,pituitary_tumor_cropped,C:/Users/alime/Dropbox/PC/Documents/Coding/Memoire 2023/Datasets/Brain-Tumor-Dataset-RAW/Cropped_Image_Sets/train/pituitary_tumor_cropped/P634_cropped.jpg
1924,P638_cropped,pituitary_tumor_cropped,C:/Users/alime/Dropbox/PC/Documents/Coding/Memoire 2023/Datasets/Brain-Tumor-Dataset-RAW/Cropped_Image_Sets/train/pituitary_tumor_cropped/P638_cropped.jpg
1925,P63_cropped,pituitary_tumor_cropped,C:/Users/alime/Dropbox/PC/Documents/Coding/Memoire 2023/Datasets/Brain-Tumor-Dataset-RAW/Cropped_Image_Sets/train/pituitary_tumor_cropped/P63_cropped.jpg
1926,P641_cropped,pituitary_tumor_cropped,C:/Users/alime/Dropbox/PC/Documents/Coding/Memoire 2023/Datasets/Brain-Tumor-Dataset-RAW/Cropped_Image_Sets/train/pituitary_tumor_cropped/P641_cropped.jpg
1927,P642_cropped,pituitary_tumor_cropped,C:/Users/alime/Dropbox/PC/Documents/Coding/Memoire 2023/Datasets/Brain-Tumor-Dataset-RAW/Cropped_Image_Sets/train/pituitary_tumor_cropped/P642_cropped.jpg
1928,P643_cropped,pituitary_tumor_cropped,C:/Users/alime/Dropbox/PC/Documents/Coding/Memoire 2023/Datasets/Brain-Tumor-Dataset-RAW/Cropped_Image_Sets/train/pituitary_tumor_cropped/P643_cropped.jpg
1929,P644_cropped,pituitary_tumor_cropped,C:/Users/alime/Dropbox/PC/Documents/Coding/Memoire 2023/Datasets/Brain-Tumor-Dataset-RAW/Cropped_Image_Sets/train/pituitary_tumor_cropped/P644_cropped.jpg
1930,P645_cropped,pituitary_tumor_cropped,C:/Users/alime/Dropbox/PC/Documents/Coding/Memoire 2023/Datasets/Brain-Tumor-Dataset-RAW/Cropped_Image_Sets/train/pituitary_tumor_cropped/P645_cropped.jpg
1931,P647_cropped,pituitary_tumor_cropped,C:/Users/alime/Dropbox/PC/Documents/Coding/Memoire 2023/Datasets/Brain-Tumor-Dataset-RAW/Cropped_Image_Sets/train/pituitary_tumor_cropped/P647_cropped.jpg
1932,P648_cropped,pituitary_tumor_cropped,C:/Users/alime/Dropbox/PC/Documents/Coding/Memoire 2023/Datasets/Brain-Tumor-Dataset-RAW/Cropped_Image_Sets/train/pituitary_tumor_cropped/P648_cropped.jpg
1933,P64_cropped,pituitary_tumor_cropped,C:/Users/alime/Dropbox/PC/Documents/Coding/Memoire 2023/Datasets/Brain-Tumor-Dataset-RAW/Cropped_Image_Sets/train/pituitary_tumor_cropped/P64_cropped.jpg
1934,P650_cropped,pituitary_tumor_cropped,C:/Users/alime/Dropbox/PC/Documents/Coding/Memoire 2023/Datasets/Brain-Tumor-Dataset-RAW/Cropped_Image_Sets/train/pituitary_tumor_cropped/P650_cropped.jpg
1935,P651_cropped,pituitary_tumor_cropped,C:/Users/alime/Dropbox/PC/Documents/Coding/Memoire 2023/Datasets/Brain-Tumor-Dataset-RAW/Cropped_Image_Sets/train/pituitary_tumor_cropped/P651_cropped.jpg
1936,P652_cropped,pituitary_tumor_cropped,C:/Users/alime/Dropbox/PC/Documents/Coding/Memoire 2023/Datasets/Brain-Tumor-Dataset-RAW/Cropped_Image_Sets/train/pituitary_tumor_cropped/P652_cropped.jpg
1937,P653_cropped,pituitary_tumor_cropped,C:/Users/alime/Dropbox/PC/Documents/Coding/Memoire 2023/Datasets/Brain-Tumor-Dataset-RAW/Cropped_Image_Sets/train/pituitary_tumor_cropped/P653_cropped.jpg
1938,P656_cropped,pituitary_tumor_cropped,C:/Users/alime/Dropbox/PC/Documents/Coding/Memoire 2023/Datasets/Brain-Tumor-Dataset-RAW/Cropped_Image_Sets/train/pituitary_tumor_cropped/P656_cropped.jpg
1939,P658_cropped,pituitary_tumor_cropped,C:/Users/alime/Dropbox/PC/Documents/Coding/Memoire 2023/Datasets/Brain-Tumor-Dataset-RAW/Cropped_Image_Sets/train/pituitary_tumor_cropped/P658_cropped.jpg
1940,P660_cropped,pituitary_tumor_cropped,C:/Users/alime/Dropbox/PC/Documents/Coding/Memoire 2023/Datasets/Brain-Tumor-Dataset-RAW/Cropped_Image_Sets/train/pituitary_tumor_cropped/P660_cropped.jpg
1941,P661_cropped,pituitary_tumor_cropped,C:/Users/alime/Dropbox/PC/Documents/Coding/Memoire 2023/Datasets/Brain-Tumor-Dataset-RAW/Cropped_Image_Sets/train/pituitary_tumor_cropped/P661_cropped.jpg
1942,P662_cropped,pituitary_tumor_cropped,C:/Users/alime/Dropbox/PC/Documents/Coding/Memoire 2023/Datasets/Brain-Tumor-Dataset-RAW/Cropped_Image_Sets/train/pituitary_tumor_cropped/P662_cropped.jpg
1943,P663_cropped,pituitary_tumor_cropped,C:/Users/alime/Dropbox/PC/Documents/Coding/Memoire 2023/Datasets/Brain-Tumor-Dataset-RAW/Cropped_Image_Sets/train/pituitary_tumor_cropped/P663_cropped.jpg
1944,P667_cropped,pituitary_tumor_cropped,C:/Users/alime/Dropbox/PC/Documents/Coding/Memoire 2023/Datasets/Brain-Tumor-Dataset-RAW/Cropped_Image_Sets/train/pituitary_tumor_cropped/P667_cropped.jpg
1945,P668_cropped,pituitary_tumor_cropped,C:/Users/alime/Dropbox/PC/Documents/Coding/Memoire 2023/Datasets/Brain-Tumor-Dataset-RAW/Cropped_Image_Sets/train/pituitary_tumor_cropped/P668_cropped.jpg
1946,P66_cropped,pituitary_tumor_cropped,C:/Users/alime/Dropbox/PC/Documents/Coding/Memoire 2023/Datasets/Brain-Tumor-Dataset-RAW/Cropped_Image_Sets/train/pituitary_tumor_cropped/P66_cropped.jpg
1947,P673_cropped,pituitary_tumor_cropped,C:/Users/alime/Dropbox/PC/Documents/Coding/Memoire 2023/Datasets/Brain-Tumor-Dataset-RAW/Cropped_Image_Sets/train/pituitary_tumor_cropped/P673_cropped.jpg
1948,P675_cropped,pituitary_tumor_cropped,C:/Users/alime/Dropbox/PC/Documents/Coding/Memoire 2023/Datasets/Brain-Tumor-Dataset-RAW/Cropped_Image_Sets/train/pituitary_tumor_cropped/P675_cropped.jpg
1949,P678_cropped,pituitary_tumor_cropped,C:/Users/alime/Dropbox/PC/Documents/Coding/Memoire 2023/Datasets/Brain-Tumor-Dataset-RAW/Cropped_Image_Sets/train/pituitary_tumor_cropped/P678_cropped.jpg
1950,P679_cropped,pituitary_tumor_cropped,C:/Users/alime/Dropbox/PC/Documents/Coding/Memoire 2023/Datasets/Brain-Tumor-Dataset-RAW/Cropped_Image_Sets/train/pituitary_tumor_cropped/P679_cropped.jpg
1951,P67_cropped,pituitary_tumor_cropped,C:/Users/alime/Dropbox/PC/Documents/Coding/Memoire 2023/Datasets/Brain-Tumor-Dataset-RAW/Cropped_Image_Sets/train/pituitary_tumor_cropped/P67_cropped.jpg
1952,P680_cropped,pituitary_tumor_cropped,C:/Users/alime/Dropbox/PC/Documents/Coding/Memoire 2023/Datasets/Brain-Tumor-Dataset-RAW/Cropped_Image_Sets/train/pituitary_tumor_cropped/P680_cropped.jpg
1953,P682_cropped,pituitary_tumor_cropped,C:/Users/alime/Dropbox/PC/Documents/Coding/Memoire 2023/Datasets/Brain-Tumor-Dataset-RAW/Cropped_Image_Sets/train/pituitary_tumor_cropped/P682_cropped.jpg
1954,P683_cropped,pituitary_tumor_cropped,C:/Users/alime/Dropbox/PC/Documents/Coding/Memoire 2023/Datasets/Brain-Tumor-Dataset-RAW/Cropped_Image_Sets/train/pituitary_tumor_cropped/P683_cropped.jpg
1955,P685_cropped,pituitary_tumor_cropped,C:/Users/alime/Dropbox/PC/Documents/Coding/Memoire 2023/Datasets/Brain-Tumor-Dataset-RAW/Cropped_Image_Sets/train/pituitary_tumor_cropped/P685_cropped.jpg
1956,P689_cropped,pituitary_tumor_cropped,C:/Users/alime/Dropbox/PC/Documents/Coding/Memoire 2023/Datasets/Brain-Tumor-Dataset-RAW/Cropped_Image_Sets/train/pituitary_tumor_cropped/P689_cropped.jpg
1957,P691_cropped,pituitary_tumor_cropped,C:/Users/alime/Dropbox/PC/Documents/Coding/Memoire 2023/Datasets/Brain-Tumor-Dataset-RAW/Cropped_Image_Sets/train/pituitary_tumor_cropped/P691_cropped.jpg
1958,P693_cropped,pituitary_tumor_cropped,C:/Users/alime/Dropbox/PC/Documents/Coding/Memoire 2023/Datasets/Brain-Tumor-Dataset-RAW/Cropped_Image_Sets/train/pituitary_tumor_cropped/P693_cropped.jpg
1959,P694_cropped,pituitary_tumor_cropped,C:/Users/alime/Dropbox/PC/Documents/Coding/Memoire 2023/Datasets/Brain-Tumor-Dataset-RAW/Cropped_Image_Sets/train/pituitary_tumor_cropped/P694_cropped.jpg
1960,P698_cropped,pituitary_tumor_cropped,C:/Users/alime/Dropbox/PC/Documents/Coding/Memoire 2023/Datasets/Brain-Tumor-Dataset-RAW/Cropped_Image_Sets/train/pituitary_tumor_cropped/P698_cropped.jpg
1961,P699_cropped,pituitary_tumor_cropped,C:/Users/alime/Dropbox/PC/Documents/Coding/Memoire 2023/Datasets/Brain-Tumor-Dataset-RAW/Cropped_Image_Sets/train/pituitary_tumor_cropped/P699_cropped.jpg
1962,P6_cropped,pituitary_tumor_cropped,C:/Users/alime/Dropbox/PC/Documents/Coding/Memoire 2023/Datasets/Brain-Tumor-Dataset-RAW/Cropped_Image_Sets/train/pituitary_tumor_cropped/P6_cropped.jpg
1963,P700_cropped,pituitary_tumor_cropped,C:/Users/alime/Dropbox/PC/Documents/Coding/Memoire 2023/Datasets/Brain-Tumor-Dataset-RAW/Cropped_Image_Sets/train/pituitary_tumor_cropped/P700_cropped.jpg
1964,P701_cropped,pituitary_tumor_cropped,C:/Users/alime/Dropbox/PC/Documents/Coding/Memoire 2023/Datasets/Brain-Tumor-Dataset-RAW/Cropped_Image_Sets/train/pituitary_tumor_cropped/P701_cropped.jpg
1965,P704_cropped,pituitary_tumor_cropped,C:/Users/alime/Dropbox/PC/Documents/Coding/Memoire 2023/Datasets/Brain-Tumor-Dataset-RAW/Cropped_Image_Sets/train/pituitary_tumor_cropped/P704_cropped.jpg
1966,P705_cropped,pituitary_tumor_cropped,C:/Users/alime/Dropbox/PC/Documents/Coding/Memoire 2023/Datasets/Brain-Tumor-Dataset-RAW/Cropped_Image_Sets/train/pituitary_tumor_cropped/P705_cropped.jpg
1967,P707_cropped,pituitary_tumor_cropped,C:/Users/alime/Dropbox/PC/Documents/Coding/Memoire 2023/Datasets/Brain-Tumor-Dataset-RAW/Cropped_Image_Sets/train/pituitary_tumor_cropped/P707_cropped.jpg
1968,P708_cropped,pituitary_tumor_cropped,C:/Users/alime/Dropbox/PC/Documents/Coding/Memoire 2023/Datasets/Brain-Tumor-Dataset-RAW/Cropped_Image_Sets/train/pituitary_tumor_cropped/P708_cropped.jpg
1969,P709_cropped,pituitary_tumor_cropped,C:/Users/alime/Dropbox/PC/Documents/Coding/Memoire 2023/Datasets/Brain-Tumor-Dataset-RAW/Cropped_Image_Sets/train/pituitary_tumor_cropped/P709_cropped.jpg
1970,P70_cropped,pituitary_tumor_cropped,C:/Users/alime/Dropbox/PC/Documents/Coding/Memoire 2023/Datasets/Brain-Tumor-Dataset-RAW/Cropped_Image_Sets/train/pituitary_tumor_cropped/P70_cropped.jpg
1971,P710_cropped,pituitary_tumor_cropped,C:/Users/alime/Dropbox/PC/Documents/Coding/Memoire 2023/Datasets/Brain-Tumor-Dataset-RAW/Cropped_Image_Sets/train/pituitary_tumor_cropped/P710_cropped.jpg
1972,P713_cropped,pituitary_tumor_cropped,C:/Users/alime/Dropbox/PC/Documents/Coding/Memoire 2023/Datasets/Brain-Tumor-Dataset-RAW/Cropped_Image_Sets/train/pituitary_tumor_cropped/P713_cropped.jpg
1973,P714_cropped,pituitary_tumor_cropped,C:/Users/alime/Dropbox/PC/Documents/Coding/Memoire 2023/Datasets/Brain-Tumor-Dataset-RAW/Cropped_Image_Sets/train/pituitary_tumor_cropped/P714_cropped.jpg
1974,P715_cropped,pituitary_tumor_cropped,C:/Users/alime/Dropbox/PC/Documents/Coding/Memoire 2023/Datasets/Brain-Tumor-Dataset-RAW/Cropped_Image_Sets/train/pituitary_tumor_cropped/P715_cropped.jpg
1975,P718_cropped,pituitary_tumor_cropped,C:/Users/alime/Dropbox/PC/Documents/Coding/Memoire 2023/Datasets/Brain-Tumor-Dataset-RAW/Cropped_Image_Sets/train/pituitary_tumor_cropped/P718_cropped.jpg
1976,P719_cropped,pituitary_tumor_cropped,C:/Users/alime/Dropbox/PC/Documents/Coding/Memoire 2023/Datasets/Brain-Tumor-Dataset-RAW/Cropped_Image_Sets/train/pituitary_tumor_cropped/P719_cropped.jpg
1977,P71_cropped,pituitary_tumor_cropped,C:/Users/alime/Dropbox/PC/Documents/Coding/Memoire 2023/Datasets/Brain-Tumor-Dataset-RAW/Cropped_Image_Sets/train/pituitary_tumor_cropped/P71_cropped.jpg
1978,P720_cropped,pituitary_tumor_cropped,C:/Users/alime/Dropbox/PC/Documents/Coding/Memoire 2023/Datasets/Brain-Tumor-Dataset-RAW/Cropped_Image_Sets/train/pituitary_tumor_cropped/P720_cropped.jpg
1979,P721_cropped,pituitary_tumor_cropped,C:/Users/alime/Dropbox/PC/Documents/Coding/Memoire 2023/Datasets/Brain-Tumor-Dataset-RAW/Cropped_Image_Sets/train/pituitary_tumor_cropped/P721_cropped.jpg
1980,P722_cropped,pituitary_tumor_cropped,C:/Users/alime/Dropbox/PC/Documents/Coding/Memoire 2023/Datasets/Brain-Tumor-Dataset-RAW/Cropped_Image_Sets/train/pituitary_tumor_cropped/P722_cropped.jpg
1981,P724_cropped,pituitary_tumor_cropped,C:/Users/alime/Dropbox/PC/Documents/Coding/Memoire 2023/Datasets/Brain-Tumor-Dataset-RAW/Cropped_Image_Sets/train/pituitary_tumor_cropped/P724_cropped.jpg
1982,P726_cropped,pituitary_tumor_cropped,C:/Users/alime/Dropbox/PC/Documents/Coding/Memoire 2023/Datasets/Brain-Tumor-Dataset-RAW/Cropped_Image_Sets/train/pituitary_tumor_cropped/P726_cropped.jpg
1983,P728_cropped,pituitary_tumor_cropped,C:/Users/alime/Dropbox/PC/Documents/Coding/Memoire 2023/Datasets/Brain-Tumor-Dataset-RAW/Cropped_Image_Sets/train/pituitary_tumor_cropped/P728_cropped.jpg
1984,P729_cropped,pituitary_tumor_cropped,C:/Users/alime/Dropbox/PC/Documents/Coding/Memoire 2023/Datasets/Brain-Tumor-Dataset-RAW/Cropped_Image_Sets/train/pituitary_tumor_cropped/P729_cropped.jpg
1985,P72_cropped,pituitary_tumor_cropped,C:/Users/alime/Dropbox/PC/Documents/Coding/Memoire 2023/Datasets/Brain-Tumor-Dataset-RAW/Cropped_Image_Sets/train/pituitary_tumor_cropped/P72_cropped.jpg
1986,P730_cropped,pituitary_tumor_cropped,C:/Users/alime/Dropbox/PC/Documents/Coding/Memoire 2023/Datasets/Brain-Tumor-Dataset-RAW/Cropped_Image_Sets/train/pituitary_tumor_cropped/P730_cropped.jpg
1987,P731_cropped,pituitary_tumor_cropped,C:/Users/alime/Dropbox/PC/Documents/Coding/Memoire 2023/Datasets/Brain-Tumor-Dataset-RAW/Cropped_Image_Sets/train/pituitary_tumor_cropped/P731_cropped.jpg
1988,P732_cropped,pituitary_tumor_cropped,C:/Users/alime/Dropbox/PC/Documents/Coding/Memoire 2023/Datasets/Brain-Tumor-Dataset-RAW/Cropped_Image_Sets/train/pituitary_tumor_cropped/P732_cropped.jpg
1989,P733_cropped,pituitary_tumor_cropped,C:/Users/alime/Dropbox/PC/Documents/Coding/Memoire 2023/Datasets/Brain-Tumor-Dataset-RAW/Cropped_Image_Sets/train/pituitary_tumor_cropped/P733_cropped.jpg
1990,P734_cropped,pituitary_tumor_cropped,C:/Users/alime/Dropbox/PC/Documents/Coding/Memoire 2023/Datasets/Brain-Tumor-Dataset-RAW/Cropped_Image_Sets/train/pituitary_tumor_cropped/P734_cropped.jpg
1991,P735_cropped,pituitary_tumor_cropped,C:/Users/alime/Dropbox/PC/Documents/Coding/Memoire 2023/Datasets/Brain-Tumor-Dataset-RAW/Cropped_Image_Sets/train/pituitary_tumor_cropped/P735_cropped.jpg
1992,P736_cropped,pituitary_tumor_cropped,C:/Users/alime/Dropbox/PC/Documents/Coding/Memoire 2023/Datasets/Brain-Tumor-Dataset-RAW/Cropped_Image_Sets/train/pituitary_tumor_cropped/P736_cropped.jpg
1993,P739_cropped,pituitary_tumor_cropped,C:/Users/alime/Dropbox/PC/Documents/Coding/Memoire 2023/Datasets/Brain-Tumor-Dataset-RAW/Cropped_Image_Sets/train/pituitary_tumor_cropped/P739_cropped.jpg
1994,P73_cropped,pituitary_tumor_cropped,C:/Users/alime/Dropbox/PC/Documents/Coding/Memoire 2023/Datasets/Brain-Tumor-Dataset-RAW/Cropped_Image_Sets/train/pituitary_tumor_cropped/P73_cropped.jpg
1995,P741_cropped,pituitary_tumor_cropped,C:/Users/alime/Dropbox/PC/Documents/Coding/Memoire 2023/Datasets/Brain-Tumor-Dataset-RAW/Cropped_Image_Sets/train/pituitary_tumor_cropped/P741_cropped.jpg
1996,P742_cropped,pituitary_tumor_cropped,C:/Users/alime/Dropbox/PC/Documents/Coding/Memoire 2023/Datasets/Brain-Tumor-Dataset-RAW/Cropped_Image_Sets/train/pituitary_tumor_cropped/P742_cropped.jpg
1997,P746_cropped,pituitary_tumor_cropped,C:/Users/alime/Dropbox/PC/Documents/Coding/Memoire 2023/Datasets/Brain-Tumor-Dataset-RAW/Cropped_Image_Sets/train/pituitary_tumor_cropped/P746_cropped.jpg
1998,P747_cropped,pituitary_tumor_cropped,C:/Users/alime/Dropbox/PC/Documents/Coding/Memoire 2023/Datasets/Brain-Tumor-Dataset-RAW/Cropped_Image_Sets/train/pituitary_tumor_cropped/P747_cropped.jpg
1999,P748_cropped,pituitary_tumor_cropped,C:/Users/alime/Dropbox/PC/Documents/Coding/Memoire 2023/Datasets/Brain-Tumor-Dataset-RAW/Cropped_Image_Sets/train/pituitary_tumor_cropped/P748_cropped.jpg
2000,P749_cropped,pituitary_tumor_cropped,C:/Users/alime/Dropbox/PC/Documents/Coding/Memoire 2023/Datasets/Brain-Tumor-Dataset-RAW/Cropped_Image_Sets/train/pituitary_tumor_cropped/P749_cropped.jpg
2001,P750_cropped,pituitary_tumor_cropped,C:/Users/alime/Dropbox/PC/Documents/Coding/Memoire 2023/Datasets/Brain-Tumor-Dataset-RAW/Cropped_Image_Sets/train/pituitary_tumor_cropped/P750_cropped.jpg
2002,P751_cropped,pituitary_tumor_cropped,C:/Users/alime/Dropbox/PC/Documents/Coding/Memoire 2023/Datasets/Brain-Tumor-Dataset-RAW/Cropped_Image_Sets/train/pituitary_tumor_cropped/P751_cropped.jpg
2003,P752_cropped,pituitary_tumor_cropped,C:/Users/alime/Dropbox/PC/Documents/Coding/Memoire 2023/Datasets/Brain-Tumor-Dataset-RAW/Cropped_Image_Sets/train/pituitary_tumor_cropped/P752_cropped.jpg
2004,P753_cropped,pituitary_tumor_cropped,C:/Users/alime/Dropbox/PC/Documents/Coding/Memoire 2023/Datasets/Brain-Tumor-Dataset-RAW/Cropped_Image_Sets/train/pituitary_tumor_cropped/P753_cropped.jpg
2005,P756_cropped,pituitary_tumor_cropped,C:/Users/alime/Dropbox/PC/Documents/Coding/Memoire 2023/Datasets/Brain-Tumor-Dataset-RAW/Cropped_Image_Sets/train/pituitary_tumor_cropped/P756_cropped.jpg
2006,P758_cropped,pituitary_tumor_cropped,C:/Users/alime/Dropbox/PC/Documents/Coding/Memoire 2023/Datasets/Brain-Tumor-Dataset-RAW/Cropped_Image_Sets/train/pituitary_tumor_cropped/P758_cropped.jpg
2007,P75_cropped,pituitary_tumor_cropped,C:/Users/alime/Dropbox/PC/Documents/Coding/Memoire 2023/Datasets/Brain-Tumor-Dataset-RAW/Cropped_Image_Sets/train/pituitary_tumor_cropped/P75_cropped.jpg
2008,P761_cropped,pituitary_tumor_cropped,C:/Users/alime/Dropbox/PC/Documents/Coding/Memoire 2023/Datasets/Brain-Tumor-Dataset-RAW/Cropped_Image_Sets/train/pituitary_tumor_cropped/P761_cropped.jpg
2009,P764_cropped,pituitary_tumor_cropped,C:/Users/alime/Dropbox/PC/Documents/Coding/Memoire 2023/Datasets/Brain-Tumor-Dataset-RAW/Cropped_Image_Sets/train/pituitary_tumor_cropped/P764_cropped.jpg
2010,P765_cropped,pituitary_tumor_cropped,C:/Users/alime/Dropbox/PC/Documents/Coding/Memoire 2023/Datasets/Brain-Tumor-Dataset-RAW/Cropped_Image_Sets/train/pituitary_tumor_cropped/P765_cropped.jpg
2011,P766_cropped,pituitary_tumor_cropped,C:/Users/alime/Dropbox/PC/Documents/Coding/Memoire 2023/Datasets/Brain-Tumor-Dataset-RAW/Cropped_Image_Sets/train/pituitary_tumor_cropped/P766_cropped.jpg
2012,P767_cropped,pituitary_tumor_cropped,C:/Users/alime/Dropbox/PC/Documents/Coding/Memoire 2023/Datasets/Brain-Tumor-Dataset-RAW/Cropped_Image_Sets/train/pituitary_tumor_cropped/P767_cropped.jpg
2013,P768_cropped,pituitary_tumor_cropped,C:/Users/alime/Dropbox/PC/Documents/Coding/Memoire 2023/Datasets/Brain-Tumor-Dataset-RAW/Cropped_Image_Sets/train/pituitary_tumor_cropped/P768_cropped.jpg
2014,P769_cropped,pituitary_tumor_cropped,C:/Users/alime/Dropbox/PC/Documents/Coding/Memoire 2023/Datasets/Brain-Tumor-Dataset-RAW/Cropped_Image_Sets/train/pituitary_tumor_cropped/P769_cropped.jpg
2015,P76_cropped,pituitary_tumor_cropped,C:/Users/alime/Dropbox/PC/Documents/Coding/Memoire 2023/Datasets/Brain-Tumor-Dataset-RAW/Cropped_Image_Sets/train/pituitary_tumor_cropped/P76_cropped.jpg
2016,P771_cropped,pituitary_tumor_cropped,C:/Users/alime/Dropbox/PC/Documents/Coding/Memoire 2023/Datasets/Brain-Tumor-Dataset-RAW/Cropped_Image_Sets/train/pituitary_tumor_cropped/P771_cropped.jpg
2017,P772_cropped,pituitary_tumor_cropped,C:/Users/alime/Dropbox/PC/Documents/Coding/Memoire 2023/Datasets/Brain-Tumor-Dataset-RAW/Cropped_Image_Sets/train/pituitary_tumor_cropped/P772_cropped.jpg
2018,P774_cropped,pituitary_tumor_cropped,C:/Users/alime/Dropbox/PC/Documents/Coding/Memoire 2023/Datasets/Brain-Tumor-Dataset-RAW/Cropped_Image_Sets/train/pituitary_tumor_cropped/P774_cropped.jpg
2019,P777_cropped,pituitary_tumor_cropped,C:/Users/alime/Dropbox/PC/Documents/Coding/Memoire 2023/Datasets/Brain-Tumor-Dataset-RAW/Cropped_Image_Sets/train/pituitary_tumor_cropped/P777_cropped.jpg
2020,P778_cropped,pituitary_tumor_cropped,C:/Users/alime/Dropbox/PC/Documents/Coding/Memoire 2023/Datasets/Brain-Tumor-Dataset-RAW/Cropped_Image_Sets/train/pituitary_tumor_cropped/P778_cropped.jpg
2021,P77_cropped,pituitary_tumor_cropped,C:/Users/alime/Dropbox/PC/Documents/Coding/Memoire 2023/Datasets/Brain-Tumor-Dataset-RAW/Cropped_Image_Sets/train/pituitary_tumor_cropped/P77_cropped.jpg
2022,P782_cropped,pituitary_tumor_cropped,C:/Users/alime/Dropbox/PC/Documents/Coding/Memoire 2023/Datasets/Brain-Tumor-Dataset-RAW/Cropped_Image_Sets/train/pituitary_tumor_cropped/P782_cropped.jpg
2023,P783_cropped,pituitary_tumor_cropped,C:/Users/alime/Dropbox/PC/Documents/Coding/Memoire 2023/Datasets/Brain-Tumor-Dataset-RAW/Cropped_Image_Sets/train/pituitary_tumor_cropped/P783_cropped.jpg
2024,P785_cropped,pituitary_tumor_cropped,C:/Users/alime/Dropbox/PC/Documents/Coding/Memoire 2023/Datasets/Brain-Tumor-Dataset-RAW/Cropped_Image_Sets/train/pituitary_tumor_cropped/P785_cropped.jpg
2025,P786_cropped,pituitary_tumor_cropped,C:/Users/alime/Dropbox/PC/Documents/Coding/Memoire 2023/Datasets/Brain-Tumor-Dataset-RAW/Cropped_Image_Sets/train/pituitary_tumor_cropped/P786_cropped.jpg
2026,P788_cropped,pituitary_tumor_cropped,C:/Users/alime/Dropbox/PC/Documents/Coding/Memoire 2023/Datasets/Brain-Tumor-Dataset-RAW/Cropped_Image_Sets/train/pituitary_tumor_cropped/P788_cropped.jpg
2027,P789_cropped,pituitary_tumor_cropped,C:/Users/alime/Dropbox/PC/Documents/Coding/Memoire 2023/Datasets/Brain-Tumor-Dataset-RAW/Cropped_Image_Sets/train/pituitary_tumor_cropped/P789_cropped.jpg
2028,P790_cropped,pituitary_tumor_cropped,C:/Users/alime/Dropbox/PC/Documents/Coding/Memoire 2023/Datasets/Brain-Tumor-Dataset-RAW/Cropped_Image_Sets/train/pituitary_tumor_cropped/P790_cropped.jpg
2029,P793_cropped,pituitary_tumor_cropped,C:/Users/alime/Dropbox/PC/Documents/Coding/Memoire 2023/Datasets/Brain-Tumor-Dataset-RAW/Cropped_Image_Sets/train/pituitary_tumor_cropped/P793_cropped.jpg
2030,P794_cropped,pituitary_tumor_cropped,C:/Users/alime/Dropbox/PC/Documents/Coding/Memoire 2023/Datasets/Brain-Tumor-Dataset-RAW/Cropped_Image_Sets/train/pituitary_tumor_cropped/P794_cropped.jpg
2031,P796_cropped,pituitary_tumor_cropped,C:/Users/alime/Dropbox/PC/Documents/Coding/Memoire 2023/Datasets/Brain-Tumor-Dataset-RAW/Cropped_Image_Sets/train/pituitary_tumor_cropped/P796_cropped.jpg
2032,P798_cropped,pituitary_tumor_cropped,C:/Users/alime/Dropbox/PC/Documents/Coding/Memoire 2023/Datasets/Brain-Tumor-Dataset-RAW/Cropped_Image_Sets/train/pituitary_tumor_cropped/P798_cropped.jpg
2033,P79_cropped,pituitary_tumor_cropped,C:/Users/alime/Dropbox/PC/Documents/Coding/Memoire 2023/Datasets/Brain-Tumor-Dataset-RAW/Cropped_Image_Sets/train/pituitary_tumor_cropped/P79_cropped.jpg
2034,P7_cropped,pituitary_tumor_cropped,C:/Users/alime/Dropbox/PC/Documents/Coding/Memoire 2023/Datasets/Brain-Tumor-Dataset-RAW/Cropped_Image_Sets/train/pituitary_tumor_cropped/P7_cropped.jpg
2035,P800_cropped,pituitary_tumor_cropped,C:/Users/alime/Dropbox/PC/Documents/Coding/Memoire 2023/Datasets/Brain-Tumor-Dataset-RAW/Cropped_Image_Sets/train/pituitary_tumor_cropped/P800_cropped.jpg
2036,P801_cropped,pituitary_tumor_cropped,C:/Users/alime/Dropbox/PC/Documents/Coding/Memoire 2023/Datasets/Brain-Tumor-Dataset-RAW/Cropped_Image_Sets/train/pituitary_tumor_cropped/P801_cropped.jpg
2037,P803_cropped,pituitary_tumor_cropped,C:/Users/alime/Dropbox/PC/Documents/Coding/Memoire 2023/Datasets/Brain-Tumor-Dataset-RAW/Cropped_Image_Sets/train/pituitary_tumor_cropped/P803_cropped.jpg
2038,P806_cropped,pituitary_tumor_cropped,C:/Users/alime/Dropbox/PC/Documents/Coding/Memoire 2023/Datasets/Brain-Tumor-Dataset-RAW/Cropped_Image_Sets/train/pituitary_tumor_cropped/P806_cropped.jpg
2039,P807_cropped,pituitary_tumor_cropped,C:/Users/alime/Dropbox/PC/Documents/Coding/Memoire 2023/Datasets/Brain-Tumor-Dataset-RAW/Cropped_Image_Sets/train/pituitary_tumor_cropped/P807_cropped.jpg
2040,P808_cropped,pituitary_tumor_cropped,C:/Users/alime/Dropbox/PC/Documents/Coding/Memoire 2023/Datasets/Brain-Tumor-Dataset-RAW/Cropped_Image_Sets/train/pituitary_tumor_cropped/P808_cropped.jpg
2041,P809_cropped,pituitary_tumor_cropped,C:/Users/alime/Dropbox/PC/Documents/Coding/Memoire 2023/Datasets/Brain-Tumor-Dataset-RAW/Cropped_Image_Sets/train/pituitary_tumor_cropped/P809_cropped.jpg
2042,P80_cropped,pituitary_tumor_cropped,C:/Users/alime/Dropbox/PC/Documents/Coding/Memoire 2023/Datasets/Brain-Tumor-Dataset-RAW/Cropped_Image_Sets/train/pituitary_tumor_cropped/P80_cropped.jpg
2043,P810_cropped,pituitary_tumor_cropped,C:/Users/alime/Dropbox/PC/Documents/Coding/Memoire 2023/Datasets/Brain-Tumor-Dataset-RAW/Cropped_Image_Sets/train/pituitary_tumor_cropped/P810_cropped.jpg
2044,P811_cropped,pituitary_tumor_cropped,C:/Users/alime/Dropbox/PC/Documents/Coding/Memoire 2023/Datasets/Brain-Tumor-Dataset-RAW/Cropped_Image_Sets/train/pituitary_tumor_cropped/P811_cropped.jpg
2045,P812_cropped,pituitary_tumor_cropped,C:/Users/alime/Dropbox/PC/Documents/Coding/Memoire 2023/Datasets/Brain-Tumor-Dataset-RAW/Cropped_Image_Sets/train/pituitary_tumor_cropped/P812_cropped.jpg
2046,P817_cropped,pituitary_tumor_cropped,C:/Users/alime/Dropbox/PC/Documents/Coding/Memoire 2023/Datasets/Brain-Tumor-Dataset-RAW/Cropped_Image_Sets/train/pituitary_tumor_cropped/P817_cropped.jpg
2047,P818_cropped,pituitary_tumor_cropped,C:/Users/alime/Dropbox/PC/Documents/Coding/Memoire 2023/Datasets/Brain-Tumor-Dataset-RAW/Cropped_Image_Sets/train/pituitary_tumor_cropped/P818_cropped.jpg
2048,P819_cropped,pituitary_tumor_cropped,C:/Users/alime/Dropbox/PC/Documents/Coding/Memoire 2023/Datasets/Brain-Tumor-Dataset-RAW/Cropped_Image_Sets/train/pituitary_tumor_cropped/P819_cropped.jpg
2049,P81_cropped,pituitary_tumor_cropped,C:/Users/alime/Dropbox/PC/Documents/Coding/Memoire 2023/Datasets/Brain-Tumor-Dataset-RAW/Cropped_Image_Sets/train/pituitary_tumor_cropped/P81_cropped.jpg
2050,P820_cropped,pituitary_tumor_cropped,C:/Users/alime/Dropbox/PC/Documents/Coding/Memoire 2023/Datasets/Brain-Tumor-Dataset-RAW/Cropped_Image_Sets/train/pituitary_tumor_cropped/P820_cropped.jpg
2051,P821_cropped,pituitary_tumor_cropped,C:/Users/alime/Dropbox/PC/Documents/Coding/Memoire 2023/Datasets/Brain-Tumor-Dataset-RAW/Cropped_Image_Sets/train/pituitary_tumor_cropped/P821_cropped.jpg
2052,P822_cropped,pituitary_tumor_cropped,C:/Users/alime/Dropbox/PC/Documents/Coding/Memoire 2023/Datasets/Brain-Tumor-Dataset-RAW/Cropped_Image_Sets/train/pituitary_tumor_cropped/P822_cropped.jpg
2053,P823_cropped,pituitary_tumor_cropped,C:/Users/alime/Dropbox/PC/Documents/Coding/Memoire 2023/Datasets/Brain-Tumor-Dataset-RAW/Cropped_Image_Sets/train/pituitary_tumor_cropped/P823_cropped.jpg
2054,P824_cropped,pituitary_tumor_cropped,C:/Users/alime/Dropbox/PC/Documents/Coding/Memoire 2023/Datasets/Brain-Tumor-Dataset-RAW/Cropped_Image_Sets/train/pituitary_tumor_cropped/P824_cropped.jpg
2055,P825_cropped,pituitary_tumor_cropped,C:/Users/alime/Dropbox/PC/Documents/Coding/Memoire 2023/Datasets/Brain-Tumor-Dataset-RAW/Cropped_Image_Sets/train/pituitary_tumor_cropped/P825_cropped.jpg
2056,P826_cropped,pituitary_tumor_cropped,C:/Users/alime/Dropbox/PC/Documents/Coding/Memoire 2023/Datasets/Brain-Tumor-Dataset-RAW/Cropped_Image_Sets/train/pituitary_tumor_cropped/P826_cropped.jpg
2057,P827_cropped,pituitary_tumor_cropped,C:/Users/alime/Dropbox/PC/Documents/Coding/Memoire 2023/Datasets/Brain-Tumor-Dataset-RAW/Cropped_Image_Sets/train/pituitary_tumor_cropped/P827_cropped.jpg
2058,P828_cropped,pituitary_tumor_cropped,C:/Users/alime/Dropbox/PC/Documents/Coding/Memoire 2023/Datasets/Brain-Tumor-Dataset-RAW/Cropped_Image_Sets/train/pituitary_tumor_cropped/P828_cropped.jpg
2059,P830_cropped,pituitary_tumor_cropped,C:/Users/alime/Dropbox/PC/Documents/Coding/Memoire 2023/Datasets/Brain-Tumor-Dataset-RAW/Cropped_Image_Sets/train/pituitary_tumor_cropped/P830_cropped.jpg
2060,P831_cropped,pituitary_tumor_cropped,C:/Users/alime/Dropbox/PC/Documents/Coding/Memoire 2023/Datasets/Brain-Tumor-Dataset-RAW/Cropped_Image_Sets/train/pituitary_tumor_cropped/P831_cropped.jpg
2061,P832_cropped,pituitary_tumor_cropped,C:/Users/alime/Dropbox/PC/Documents/Coding/Memoire 2023/Datasets/Brain-Tumor-Dataset-RAW/Cropped_Image_Sets/train/pituitary_tumor_cropped/P832_cropped.jpg
2062,P833_cropped,pituitary_tumor_cropped,C:/Users/alime/Dropbox/PC/Documents/Coding/Memoire 2023/Datasets/Brain-Tumor-Dataset-RAW/Cropped_Image_Sets/train/pituitary_tumor_cropped/P833_cropped.jpg
2063,P835_cropped,pituitary_tumor_cropped,C:/Users/alime/Dropbox/PC/Documents/Coding/Memoire 2023/Datasets/Brain-Tumor-Dataset-RAW/Cropped_Image_Sets/train/pituitary_tumor_cropped/P835_cropped.jpg
2064,P836_cropped,pituitary_tumor_cropped,C:/Users/alime/Dropbox/PC/Documents/Coding/Memoire 2023/Datasets/Brain-Tumor-Dataset-RAW/Cropped_Image_Sets/train/pituitary_tumor_cropped/P836_cropped.jpg
2065,P838_cropped,pituitary_tumor_cropped,C:/Users/alime/Dropbox/PC/Documents/Coding/Memoire 2023/Datasets/Brain-Tumor-Dataset-RAW/Cropped_Image_Sets/train/pituitary_tumor_cropped/P838_cropped.jpg
2066,P840_cropped,pituitary_tumor_cropped,C:/Users/alime/Dropbox/PC/Documents/Coding/Memoire 2023/Datasets/Brain-Tumor-Dataset-RAW/Cropped_Image_Sets/train/pituitary_tumor_cropped/P840_cropped.jpg
2067,P841_cropped,pituitary_tumor_cropped,C:/Users/alime/Dropbox/PC/Documents/Coding/Memoire 2023/Datasets/Brain-Tumor-Dataset-RAW/Cropped_Image_Sets/train/pituitary_tumor_cropped/P841_cropped.jpg
2068,P843_cropped,pituitary_tumor_cropped,C:/Users/alime/Dropbox/PC/Documents/Coding/Memoire 2023/Datasets/Brain-Tumor-Dataset-RAW/Cropped_Image_Sets/train/pituitary_tumor_cropped/P843_cropped.jpg
2069,P846_cropped,pituitary_tumor_cropped,C:/Users/alime/Dropbox/PC/Documents/Coding/Memoire 2023/Datasets/Brain-Tumor-Dataset-RAW/Cropped_Image_Sets/train/pituitary_tumor_cropped/P846_cropped.jpg
2070,P847_cropped,pituitary_tumor_cropped,C:/Users/alime/Dropbox/PC/Documents/Coding/Memoire 2023/Datasets/Brain-Tumor-Dataset-RAW/Cropped_Image_Sets/train/pituitary_tumor_cropped/P847_cropped.jpg
2071,P84_cropped,pituitary_tumor_cropped,C:/Users/alime/Dropbox/PC/Documents/Coding/Memoire 2023/Datasets/Brain-Tumor-Dataset-RAW/Cropped_Image_Sets/train/pituitary_tumor_cropped/P84_cropped.jpg
2072,P850_cropped,pituitary_tumor_cropped,C:/Users/alime/Dropbox/PC/Documents/Coding/Memoire 2023/Datasets/Brain-Tumor-Dataset-RAW/Cropped_Image_Sets/train/pituitary_tumor_cropped/P850_cropped.jpg
2073,P851_cropped,pituitary_tumor_cropped,C:/Users/alime/Dropbox/PC/Documents/Coding/Memoire 2023/Datasets/Brain-Tumor-Dataset-RAW/Cropped_Image_Sets/train/pituitary_tumor_cropped/P851_cropped.jpg
2074,P852_cropped,pituitary_tumor_cropped,C:/Users/alime/Dropbox/PC/Documents/Coding/Memoire 2023/Datasets/Brain-Tumor-Dataset-RAW/Cropped_Image_Sets/train/pituitary_tumor_cropped/P852_cropped.jpg
2075,P853_cropped,pituitary_tumor_cropped,C:/Users/alime/Dropbox/PC/Documents/Coding/Memoire 2023/Datasets/Brain-Tumor-Dataset-RAW/Cropped_Image_Sets/train/pituitary_tumor_cropped/P853_cropped.jpg
2076,P854_cropped,pituitary_tumor_cropped,C:/Users/alime/Dropbox/PC/Documents/Coding/Memoire 2023/Datasets/Brain-Tumor-Dataset-RAW/Cropped_Image_Sets/train/pituitary_tumor_cropped/P854_cropped.jpg
2077,P855_cropped,pituitary_tumor_cropped,C:/Users/alime/Dropbox/PC/Documents/Coding/Memoire 2023/Datasets/Brain-Tumor-Dataset-RAW/Cropped_Image_Sets/train/pituitary_tumor_cropped/P855_cropped.jpg
2078,P856_cropped,pituitary_tumor_cropped,C:/Users/alime/Dropbox/PC/Documents/Coding/Memoire 2023/Datasets/Brain-Tumor-Dataset-RAW/Cropped_Image_Sets/train/pituitary_tumor_cropped/P856_cropped.jpg
2079,P857_cropped,pituitary_tumor_cropped,C:/Users/alime/Dropbox/PC/Documents/Coding/Memoire 2023/Datasets/Brain-Tumor-Dataset-RAW/Cropped_Image_Sets/train/pituitary_tumor_cropped/P857_cropped.jpg
2080,P85_cropped,pituitary_tumor_cropped,C:/Users/alime/Dropbox/PC/Documents/Coding/Memoire 2023/Datasets/Brain-Tumor-Dataset-RAW/Cropped_Image_Sets/train/pituitary_tumor_cropped/P85_cropped.jpg
2081,P860_cropped,pituitary_tumor_cropped,C:/Users/alime/Dropbox/PC/Documents/Coding/Memoire 2023/Datasets/Brain-Tumor-Dataset-RAW/Cropped_Image_Sets/train/pituitary_tumor_cropped/P860_cropped.jpg
2082,P862_cropped,pituitary_tumor_cropped,C:/Users/alime/Dropbox/PC/Documents/Coding/Memoire 2023/Datasets/Brain-Tumor-Dataset-RAW/Cropped_Image_Sets/train/pituitary_tumor_cropped/P862_cropped.jpg
2083,P864_cropped,pituitary_tumor_cropped,C:/Users/alime/Dropbox/PC/Documents/Coding/Memoire 2023/Datasets/Brain-Tumor-Dataset-RAW/Cropped_Image_Sets/train/pituitary_tumor_cropped/P864_cropped.jpg
2084,P865_cropped,pituitary_tumor_cropped,C:/Users/alime/Dropbox/PC/Documents/Coding/Memoire 2023/Datasets/Brain-Tumor-Dataset-RAW/Cropped_Image_Sets/train/pituitary_tumor_cropped/P865_cropped.jpg
2085,P866_cropped,pituitary_tumor_cropped,C:/Users/alime/Dropbox/PC/Documents/Coding/Memoire 2023/Datasets/Brain-Tumor-Dataset-RAW/Cropped_Image_Sets/train/pituitary_tumor_cropped/P866_cropped.jpg
2086,P867_cropped,pituitary_tumor_cropped,C:/Users/alime/Dropbox/PC/Documents/Coding/Memoire 2023/Datasets/Brain-Tumor-Dataset-RAW/Cropped_Image_Sets/train/pituitary_tumor_cropped/P867_cropped.jpg
2087,P868_cropped,pituitary_tumor_cropped,C:/Users/alime/Dropbox/PC/Documents/Coding/Memoire 2023/Datasets/Brain-Tumor-Dataset-RAW/Cropped_Image_Sets/train/pituitary_tumor_cropped/P868_cropped.jpg
2088,P871_cropped,pituitary_tumor_cropped,C:/Users/alime/Dropbox/PC/Documents/Coding/Memoire 2023/Datasets/Brain-Tumor-Dataset-RAW/Cropped_Image_Sets/train/pituitary_tumor_cropped/P871_cropped.jpg
2089,P872_cropped,pituitary_tumor_cropped,C:/Users/alime/Dropbox/PC/Documents/Coding/Memoire 2023/Datasets/Brain-Tumor-Dataset-RAW/Cropped_Image_Sets/train/pituitary_tumor_cropped/P872_cropped.jpg
2090,P873_cropped,pituitary_tumor_cropped,C:/Users/alime/Dropbox/PC/Documents/Coding/Memoire 2023/Datasets/Brain-Tumor-Dataset-RAW/Cropped_Image_Sets/train/pituitary_tumor_cropped/P873_cropped.jpg
2091,P874_cropped,pituitary_tumor_cropped,C:/Users/alime/Dropbox/PC/Documents/Coding/Memoire 2023/Datasets/Brain-Tumor-Dataset-RAW/Cropped_Image_Sets/train/pituitary_tumor_cropped/P874_cropped.jpg
2092,P875_cropped,pituitary_tumor_cropped,C:/Users/alime/Dropbox/PC/Documents/Coding/Memoire 2023/Datasets/Brain-Tumor-Dataset-RAW/Cropped_Image_Sets/train/pituitary_tumor_cropped/P875_cropped.jpg
2093,P876_cropped,pituitary_tumor_cropped,C:/Users/alime/Dropbox/PC/Documents/Coding/Memoire 2023/Datasets/Brain-Tumor-Dataset-RAW/Cropped_Image_Sets/train/pituitary_tumor_cropped/P876_cropped.jpg
2094,P877_cropped,pituitary_tumor_cropped,C:/Users/alime/Dropbox/PC/Documents/Coding/Memoire 2023/Datasets/Brain-Tumor-Dataset-RAW/Cropped_Image_Sets/train/pituitary_tumor_cropped/P877_cropped.jpg
2095,P878_cropped,pituitary_tumor_cropped,C:/Users/alime/Dropbox/PC/Documents/Coding/Memoire 2023/Datasets/Brain-Tumor-Dataset-RAW/Cropped_Image_Sets/train/pituitary_tumor_cropped/P878_cropped.jpg
2096,P880_cropped,pituitary_tumor_cropped,C:/Users/alime/Dropbox/PC/Documents/Coding/Memoire 2023/Datasets/Brain-Tumor-Dataset-RAW/Cropped_Image_Sets/train/pituitary_tumor_cropped/P880_cropped.jpg
2097,P881_cropped,pituitary_tumor_cropped,C:/Users/alime/Dropbox/PC/Documents/Coding/Memoire 2023/Datasets/Brain-Tumor-Dataset-RAW/Cropped_Image_Sets/train/pituitary_tumor_cropped/P881_cropped.jpg
2098,P882_cropped,pituitary_tumor_cropped,C:/Users/alime/Dropbox/PC/Documents/Coding/Memoire 2023/Datasets/Brain-Tumor-Dataset-RAW/Cropped_Image_Sets/train/pituitary_tumor_cropped/P882_cropped.jpg
2099,P883_cropped,pituitary_tumor_cropped,C:/Users/alime/Dropbox/PC/Documents/Coding/Memoire 2023/Datasets/Brain-Tumor-Dataset-RAW/Cropped_Image_Sets/train/pituitary_tumor_cropped/P883_cropped.jpg
2100,P885_cropped,pituitary_tumor_cropped,C:/Users/alime/Dropbox/PC/Documents/Coding/Memoire 2023/Datasets/Brain-Tumor-Dataset-RAW/Cropped_Image_Sets/train/pituitary_tumor_cropped/P885_cropped.jpg
2101,P886_cropped,pituitary_tumor_cropped,C:/Users/alime/Dropbox/PC/Documents/Coding/Memoire 2023/Datasets/Brain-Tumor-Dataset-RAW/Cropped_Image_Sets/train/pituitary_tumor_cropped/P886_cropped.jpg
2102,P888_cropped,pituitary_tumor_cropped,C:/Users/alime/Dropbox/PC/Documents/Coding/Memoire 2023/Datasets/Brain-Tumor-Dataset-RAW/Cropped_Image_Sets/train/pituitary_tumor_cropped/P888_cropped.jpg
2103,P889_cropped,pituitary_tumor_cropped,C:/Users/alime/Dropbox/PC/Documents/Coding/Memoire 2023/Datasets/Brain-Tumor-Dataset-RAW/Cropped_Image_Sets/train/pituitary_tumor_cropped/P889_cropped.jpg
2104,P890_cropped,pituitary_tumor_cropped,C:/Users/alime/Dropbox/PC/Documents/Coding/Memoire 2023/Datasets/Brain-Tumor-Dataset-RAW/Cropped_Image_Sets/train/pituitary_tumor_cropped/P890_cropped.jpg
2105,P891_cropped,pituitary_tumor_cropped,C:/Users/alime/Dropbox/PC/Documents/Coding/Memoire 2023/Datasets/Brain-Tumor-Dataset-RAW/Cropped_Image_Sets/train/pituitary_tumor_cropped/P891_cropped.jpg
2106,P892_cropped,pituitary_tumor_cropped,C:/Users/alime/Dropbox/PC/Documents/Coding/Memoire 2023/Datasets/Brain-Tumor-Dataset-RAW/Cropped_Image_Sets/train/pituitary_tumor_cropped/P892_cropped.jpg
2107,P894_cropped,pituitary_tumor_cropped,C:/Users/alime/Dropbox/PC/Documents/Coding/Memoire 2023/Datasets/Brain-Tumor-Dataset-RAW/Cropped_Image_Sets/train/pituitary_tumor_cropped/P894_cropped.jpg
2108,P896_cropped,pituitary_tumor_cropped,C:/Users/alime/Dropbox/PC/Documents/Coding/Memoire 2023/Datasets/Brain-Tumor-Dataset-RAW/Cropped_Image_Sets/train/pituitary_tumor_cropped/P896_cropped.jpg
2109,P897_cropped,pituitary_tumor_cropped,C:/Users/alime/Dropbox/PC/Documents/Coding/Memoire 2023/Datasets/Brain-Tumor-Dataset-RAW/Cropped_Image_Sets/train/pituitary_tumor_cropped/P897_cropped.jpg
2110,P899_cropped,pituitary_tumor_cropped,C:/Users/alime/Dropbox/PC/Documents/Coding/Memoire 2023/Datasets/Brain-Tumor-Dataset-RAW/Cropped_Image_Sets/train/pituitary_tumor_cropped/P899_cropped.jpg
2111,P900_cropped,pituitary_tumor_cropped,C:/Users/alime/Dropbox/PC/Documents/Coding/Memoire 2023/Datasets/Brain-Tumor-Dataset-RAW/Cropped_Image_Sets/train/pituitary_tumor_cropped/P900_cropped.jpg
2112,P901_cropped,pituitary_tumor_cropped,C:/Users/alime/Dropbox/PC/Documents/Coding/Memoire 2023/Datasets/Brain-Tumor-Dataset-RAW/Cropped_Image_Sets/train/pituitary_tumor_cropped/P901_cropped.jpg
2113,P902_cropped,pituitary_tumor_cropped,C:/Users/alime/Dropbox/PC/Documents/Coding/Memoire 2023/Datasets/Brain-Tumor-Dataset-RAW/Cropped_Image_Sets/train/pituitary_tumor_cropped/P902_cropped.jpg
2114,P903_cropped,pituitary_tumor_cropped,C:/Users/alime/Dropbox/PC/Documents/Coding/Memoire 2023/Datasets/Brain-Tumor-Dataset-RAW/Cropped_Image_Sets/train/pituitary_tumor_cropped/P903_cropped.jpg
2115,P904_cropped,pituitary_tumor_cropped,C:/Users/alime/Dropbox/PC/Documents/Coding/Memoire 2023/Datasets/Brain-Tumor-Dataset-RAW/Cropped_Image_Sets/train/pituitary_tumor_cropped/P904_cropped.jpg
2116,P905_cropped,pituitary_tumor_cropped,C:/Users/alime/Dropbox/PC/Documents/Coding/Memoire 2023/Datasets/Brain-Tumor-Dataset-RAW/Cropped_Image_Sets/train/pituitary_tumor_cropped/P905_cropped.jpg
2117,P906_cropped,pituitary_tumor_cropped,C:/Users/alime/Dropbox/PC/Documents/Coding/Memoire 2023/Datasets/Brain-Tumor-Dataset-RAW/Cropped_Image_Sets/train/pituitary_tumor_cropped/P906_cropped.jpg
2118,P907_cropped,pituitary_tumor_cropped,C:/Users/alime/Dropbox/PC/Documents/Coding/Memoire 2023/Datasets/Brain-Tumor-Dataset-RAW/Cropped_Image_Sets/train/pituitary_tumor_cropped/P907_cropped.jpg
2119,P909_cropped,pituitary_tumor_cropped,C:/Users/alime/Dropbox/PC/Documents/Coding/Memoire 2023/Datasets/Brain-Tumor-Dataset-RAW/Cropped_Image_Sets/train/pituitary_tumor_cropped/P909_cropped.jpg
2120,P90_cropped,pituitary_tumor_cropped,C:/Users/alime/Dropbox/PC/Documents/Coding/Memoire 2023/Datasets/Brain-Tumor-Dataset-RAW/Cropped_Image_Sets/train/pituitary_tumor_cropped/P90_cropped.jpg
2121,P912_cropped,pituitary_tumor_cropped,C:/Users/alime/Dropbox/PC/Documents/Coding/Memoire 2023/Datasets/Brain-Tumor-Dataset-RAW/Cropped_Image_Sets/train/pituitary_tumor_cropped/P912_cropped.jpg
2122,P913_cropped,pituitary_tumor_cropped,C:/Users/alime/Dropbox/PC/Documents/Coding/Memoire 2023/Datasets/Brain-Tumor-Dataset-RAW/Cropped_Image_Sets/train/pituitary_tumor_cropped/P913_cropped.jpg
2123,P915_cropped,pituitary_tumor_cropped,C:/Users/alime/Dropbox/PC/Documents/Coding/Memoire 2023/Datasets/Brain-Tumor-Dataset-RAW/Cropped_Image_Sets/train/pituitary_tumor_cropped/P915_cropped.jpg
2124,P916_cropped,pituitary_tumor_cropped,C:/Users/alime/Dropbox/PC/Documents/Coding/Memoire 2023/Datasets/Brain-Tumor-Dataset-RAW/Cropped_Image_Sets/train/pituitary_tumor_cropped/P916_cropped.jpg
2125,P917_cropped,pituitary_tumor_cropped,C:/Users/alime/Dropbox/PC/Documents/Coding/Memoire 2023/Datasets/Brain-Tumor-Dataset-RAW/Cropped_Image_Sets/train/pituitary_tumor_cropped/P917_cropped.jpg
2126,P918_cropped,pituitary_tumor_cropped,C:/Users/alime/Dropbox/PC/Documents/Coding/Memoire 2023/Datasets/Brain-Tumor-Dataset-RAW/Cropped_Image_Sets/train/pituitary_tumor_cropped/P918_cropped.jpg
2127,P920_cropped,pituitary_tumor_cropped,C:/Users/alime/Dropbox/PC/Documents/Coding/Memoire 2023/Datasets/Brain-Tumor-Dataset-RAW/Cropped_Image_Sets/train/pituitary_tumor_cropped/P920_cropped.jpg
2128,P921_cropped,pituitary_tumor_cropped,C:/Users/alime/Dropbox/PC/Documents/Coding/Memoire 2023/Datasets/Brain-Tumor-Dataset-RAW/Cropped_Image_Sets/train/pituitary_tumor_cropped/P921_cropped.jpg
2129,P923_cropped,pituitary_tumor_cropped,C:/Users/alime/Dropbox/PC/Documents/Coding/Memoire 2023/Datasets/Brain-Tumor-Dataset-RAW/Cropped_Image_Sets/train/pituitary_tumor_cropped/P923_cropped.jpg
2130,P924_cropped,pituitary_tumor_cropped,C:/Users/alime/Dropbox/PC/Documents/Coding/Memoire 2023/Datasets/Brain-Tumor-Dataset-RAW/Cropped_Image_Sets/train/pituitary_tumor_cropped/P924_cropped.jpg
2131,P925_cropped,pituitary_tumor_cropped,C:/Users/alime/Dropbox/PC/Documents/Coding/Memoire 2023/Datasets/Brain-Tumor-Dataset-RAW/Cropped_Image_Sets/train/pituitary_tumor_cropped/P925_cropped.jpg
2132,P926_cropped,pituitary_tumor_cropped,C:/Users/alime/Dropbox/PC/Documents/Coding/Memoire 2023/Datasets/Brain-Tumor-Dataset-RAW/Cropped_Image_Sets/train/pituitary_tumor_cropped/P926_cropped.jpg
2133,P928_cropped,pituitary_tumor_cropped,C:/Users/alime/Dropbox/PC/Documents/Coding/Memoire 2023/Datasets/Brain-Tumor-Dataset-RAW/Cropped_Image_Sets/train/pituitary_tumor_cropped/P928_cropped.jpg
2134,P929_cropped,pituitary_tumor_cropped,C:/Users/alime/Dropbox/PC/Documents/Coding/Memoire 2023/Datasets/Brain-Tumor-Dataset-RAW/Cropped_Image_Sets/train/pituitary_tumor_cropped/P929_cropped.jpg
2135,P92_cropped,pituitary_tumor_cropped,C:/Users/alime/Dropbox/PC/Documents/Coding/Memoire 2023/Datasets/Brain-Tumor-Dataset-RAW/Cropped_Image_Sets/train/pituitary_tumor_cropped/P92_cropped.jpg
2136,P93_cropped,pituitary_tumor_cropped,C:/Users/alime/Dropbox/PC/Documents/Coding/Memoire 2023/Datasets/Brain-Tumor-Dataset-RAW/Cropped_Image_Sets/train/pituitary_tumor_cropped/P93_cropped.jpg
2137,P94_cropped,pituitary_tumor_cropped,C:/Users/alime/Dropbox/PC/Documents/Coding/Memoire 2023/Datasets/Brain-Tumor-Dataset-RAW/Cropped_Image_Sets/train/pituitary_tumor_cropped/P94_cropped.jpg
2138,P95_cropped,pituitary_tumor_cropped,C:/Users/alime/Dropbox/PC/Documents/Coding/Memoire 2023/Datasets/Brain-Tumor-Dataset-RAW/Cropped_Image_Sets/train/pituitary_tumor_cropped/P95_cropped.jpg
2139,P96_cropped,pituitary_tumor_cropped,C:/Users/alime/Dropbox/PC/Documents/Coding/Memoire 2023/Datasets/Brain-Tumor-Dataset-RAW/Cropped_Image_Sets/train/pituitary_tumor_cropped/P96_cropped.jpg
2140,P97_cropped,pituitary_tumor_cropped,C:/Users/alime/Dropbox/PC/Documents/Coding/Memoire 2023/Datasets/Brain-Tumor-Dataset-RAW/Cropped_Image_Sets/train/pituitary_tumor_cropped/P97_cropped.jpg
2141,P98_cropped,pituitary_tumor_cropped,C:/Users/alime/Dropbox/PC/Documents/Coding/Memoire 2023/Datasets/Brain-Tumor-Dataset-RAW/Cropped_Image_Sets/train/pituitary_tumor_cropped/P98_cropped.jpg
2142,P99_cropped,pituitary_tumor_cropped,C:/Users/alime/Dropbox/PC/Documents/Coding/Memoire 2023/Datasets/Brain-Tumor-Dataset-RAW/Cropped_Image_Sets/train/pituitary_tumor_cropped/P99_cropped.jpg
2143,P9_cropped,pituitary_tumor_cropped,C:/Users/alime/Dropbox/PC/Documents/Coding/Memoire 2023/Datasets/Brain-Tumor-Dataset-RAW/Cropped_Image_Sets/train/pituitary_tumor_cropped/P9_cropped.jpg
